"","ID","Gender","Religion","Treat","State","Age","Education","UrbanRural","Caste.Category","School.Type","Interest_Pol","Party_Which","Composition","Group_Common_1","Group_Common_2","Group_Common_3","Group_Common_4","Group_Common_5","Group_Common_6","Group_Common_7","Group_Common_8","Perc_Disc_1","Perc_Disc_2","Perc_Disc_3","Perc_Disc_4","Perc_Disc_5","Willing_Act","mech1","mech2","words","WorthQual_1","WorthQual_2","Willing","DemandHH","DemandHM","DemandMH","DemandMM","WhyWant","WhyNot","MLA_Follow_1","MLA_Follow_2","MLA_Follow_3","MLA_Follow_4","MLA_Follow_5","MLA_Follow_6","MLA_Follow_7","Interest_PolInvolve","Beh_Outcome","Visited","Scale_Hindu_1","Scale_Hindu_2","Scale_Hindu_3","Scale_Muslims_1","Scale_Muslims_2","Scale_Muslims_3","Pers_Engagement","MLAOrd","Score","State_Sec","Year_Grad","Round"
"1",1,"3","1",3,"5","29","16","4","3","1","3","2","9","1","4","1","4","3","2","1","4","1","2","3","1","2","4","5","5","11,10,2,18,15","5","2","1",NA,NA,NA,NA,"Becoz I can guided my team well",NA,"4","5","4","5","5","5","2","4",1,0,"92","68","74","91","82","100","5","0","4","4","2012",1
"2",2,"2","1",1,"5","36","16","5","7","1","3","2","7","3","3","3","3","3","3","3","3","1","1","1","2","1","3","5","5","4,15,18,19,13","5","5","1",NA,NA,NA,NA,"Because I think I can win the prize  by gods grace. ",NA,"3","3","3","3","4","3","3","3",0,0,"70","100","100","6","4","3","5","0","4","5","2005",1
"3",3,"2","2",2,"27","30","13","5","4","2","4","6","3","3","4","2","1","5","3","5","2","2","3","1","2","3","4","5","4","15,5,4,18,16","5","4","3",NA,NA,NA,NA,"Because it is a security solution and I hacked into online system amd called myself as good leader","Defnetly i want to became a group representative","4","3","4","3","3","4","4","3",1,0,"77","61","87","68","75","73","4","1","2","27","2007",1
"4",4,"3","1",3,"27","30","17","5","1","1","3",NA,"3","2","1","1","1","1","1","1","5","2","2","2","1","3","2","5","5","19,13,7,8,4","5","5","1","2","3",NA,NA,"I have leadership qualities ",NA,"3","3","3","4","4","5","4","3",1,0,"38","35","46","81","46","40","5","1","3","27","2013",1
"5",5,"2","1",1,"9","18","16","5","3","1","1","2","2","3","5","2","2","2","2","1","3","4","4","4","4","4","5","5","5","15,4,6,18,13","5","5","1",NA,NA,NA,NA,"I'm a extrovert and posses many leadership skills.",NA,"5","4","3","5","4","4","5","1",1,0,"91","100","100","62","49","74","5","1","4","9","2017",1
"6",6,"2","1",2,"27","20","16","4","6","2","2","2","10","3","3","2","3","2","3","2","3","1","3","3","2","2","4","4","4","15,11,4,18,1","3","3","2",NA,NA,NA,NA,"I like to lead and have sense of responsibility","Its a lot of pressure sometimes which I'm not an expert in handling","4","4","4","4","4","4","4","2",1,0,"100","70","100","100","50","100","4","0","4","27","2019",1
"7",7,"2","1",1,"5","28","16","2","3","1","4","1","7","1","1","1","1","1","1","1","1","4","1","1","1","3","5","5","5","8,7,19,17,4","5","5","1",NA,NA,NA,NA,"क्योकिं मुझे लगता है के मैं यह दायित्व अच्छे प्रकार से निभा सकता हूँ।",NA,"4","4","4","4","4","4","2","4",0,0,"100","100","100","100","100","95","5","1","4","9","2004",1
"8",8,"3","1",3,"27","31","17","2","3","2","4","2","5","2","2","2","2","2","2","4","3","2","2","1","2","3","3","4","4","4,2,10,15,19","5","4","1","2","3",NA,NA,"I have thato much potential ",NA,"4","3","3","3","3","3","4","2",1,0,"86","68","78","60","64","66","4","1","2","27","2011",1
"9",9,"2","1",2,"5","33","16","4","6","1","4","5","7","2","2","2","2","2","2","2","2","1","3","2","1","4","4","4","5","13,15,8,14,7","5","5","1",NA,NA,NA,NA,"I follow all history and current affairs very well",NA,"4","3","4","4","3","4","4","3",1,0,"100","89","100","79","47","42","4","0","4","5","2008",1
"10",10,"2","1",1,"9","38","17","5","6","3","4","2","8","3","3","1","5","4","3","1","3","4","1","1","1","2","4","2","5","8,12,4,7,6","5","5","1",NA,NA,NA,NA,"I have good experience regarding to the group handling and i was group monitor in my school day's. So i think i can do it very well manner.",NA,"3","4","4","3","4","3","4","4",1,0,"90","100","100","85","20","30","5","1","4","9","2003",1
"11",11,"2","2",1,"27","50","17","5","6","2","3",NA,"7","2","2","1","1","2","2","2","2","1","1","1","1","1","2","5","5","13,14,7,19,15","4","4","2",NA,NA,NA,NA,"so that i can convey what the group wants","sometimes the group do not agree","4","4","3","4","4","4","4","3",1,0,"63","60","73","47","52","82","4","1","3","27","1994",1
"12",12,"3","1",3,"5","37","17","5","6","1","4","2","1","2","2","2","3","3","2","2","3","3","3","3","3","3","4","5","5","8,18,12,15,10","5","5","1",NA,NA,NA,NA,"I manage my groups ",NA,"3","4","4","4","4","4","4","4",1,0,"85","88","96","62","58","63","5","0","4","4","1999",1
"13",13,"2","1",1,"27","21","13","5","4","1","3","2","3","4","4","2","2","3","5","2","2","1","1","1","1","1","2","4","5","14,8,15,4,13","5","5","1","2","3",NA,NA,"I want to represent my group task regarding any topic related to sociology",NA,"4","4","4","4","2","4","5","3",1,0,"55","50","51","55","60","40","5","1","4","27","2018",1
"14",14,"2","1",1,"24","25","17","3","6","1,2","1",NA,"3","2","4","1","5","3","3","2","4","1","1","1","4","2","4","4","4","1,2,13,8,14","4","4","2","1","3",NA,NA,"Not like everyone","Just ","4","4","4","4","4","4","4","3",1,0,"76","90","86","28","16","22","4","0","3","24","2016",1
"15",15,"2","1",1,"9","33","17","5","7","1","2",NA,"5","3","3","3","3","3","3","3","3","3","3","3","1","4","4","2","3","1,13,19,7,4","4","4","1","1","2",NA,NA,"Because I don't know whether the other guys want to or not, and in that case I feel  obliged to volunteer as such.",NA,"3","3","4","3","4","4","3","2",1,0,"50","68","50","50","55","30","2","1","4","9","2005",1
"16",16,"3","1",2,"9","20","16","5","7","1,3","4",NA,"10","4","3","2","3","4","3","3","2","2","3","3","3","3","5","5","4","4,8,6,15,16","5","4","2",NA,NA,NA,NA,"I like this work","I love group representative.","3","4","3","3","3","3","3","4",1,0,"77","64","86","82","28","90","4","0","4","9","2018",1
"17",17,"3","1",2,"27","37","15","4","6","1","3","2","9","3","3","2","3","3","3","3","3","1","2","2","2","2","3","5","5","4,13,17,19,7","3","3","2",NA,NA,NA,NA,"I don't know","I don't know","3","3","3","3","3","3","3","3",1,0,"39","67","59","51","44","46","2","0","3","27","2006",1
"18",18,"2","1",3,"27","29","16","5","6","1","2","2","3","1","3","1","2","2","3","3","3","1","1","1","1","2","5","4","5","11,18,15,19,7","5","5","1","3","2",NA,NA,"I am quite confident about my subject knowledge.",NA,"3","3","3","3","3","2","4","2",1,0,"50","50","50","50","50","50","5","1","4","27","2010",1
"19",19,"3","1",3,"27","33","16","3","7","1,3","3","2","4","2","2","2","2","2","2","2","2","1","1","1","1","1","5","4","5","8,15,18,19,7","5","5","1","3","2",NA,NA,"My knowledge is best ",NA,"4","5","4","4","5","5","3","3",1,0,"100","100","100","100","100","100","4","1","4","27","2002",1
"20",20,"3","2",1,"27","36","17","4","4","1","3","14","7","2","2","2","2","2","2","2","2","1","1","1","1","1","4","5","5","15,16,13,18,7","5","5","2",NA,NA,NA,NA,"I always want to be leader and lead the group.","Nothing","4","4","3","4","4","4","4","2",0,0,"80","91","94","87","85","91","4","1","4","27","2000",1
"21",21,"2","1",2,"24","22","16","4","7","1","3","2","6","1","1","1","3","3","2","1","2","4","2","2","3","4","5","3","5","15,13,16,18,19","5","5","1","2","1",NA,NA,"MUJHE LEADSHIP KARNE KI AADAT HAI",NA,"3","3","3","2","5","3","2","3",1,0,"84","85","74","69","69","41","5","0","4","9","2013",1
"22",22,"3","1",3,"27","36","17","5","1","1","3","1","1","2","2","2","2","2","2","2","2","2","2","2","2","2","4","4","4","13,15,19,8,14","4","4","1",NA,NA,NA,NA,"Group representative should not be fske",NA,"2","2","4","5","4","4","4","3",1,0,"75","85","100","91","84","64","1","0","3","27","2007",1
"23",23,"2","1",3,"27","43","17","4","1","1","4","2","10","3","2","1","4","2","2","1","3","4","2","2","3","3","4","5","5","4,7,12,13,14","5","5","1",NA,NA,NA,NA,"yes i wanted to be group representative reason i can manage the group well and always wanted to be very helpful for others ",NA,"4","5","4","5","4","4","5","4",1,1,"84","83","91","41","40","37","5","0","3","32","1996",1
"24",24,"2","1",2,"5","40","17","5","6","1","3",NA,"1","2","4","2","5","4","5","3","4","3","3","4","3","3","4","4","4","4,8,15,18,2","5","5","1",NA,NA,NA,NA,"I feel having good knowledge and so want to be group representative",NA,"4","4","4","3","3","3","3","3",1,1,"70","80","59","69","66","53","5","1","4","9","1996",1
"25",25,"2","1",2,"27","36","17","4","6","1","4","2","10","2","1","1","3","1","2","1","4","1","1","1","1","3","5","5","5","7,13,19,4,12","5","5","1",NA,NA,NA,NA,"To represent my team and work as a team",NA,"3","3","4","3","3","3","3","4",1,0,"86","90","100","75","80","70","5","0","4","27","2003",1
"26",26,"2","1",1,"27","33","16","5","6","1","3",NA,"9","3","3","3","3","3","3","3","3","3","3","3","3","3","4","4","4","15,7,13,10,18","5","5","1",NA,NA,NA,NA,"I think I can explain very well about any topic. I even manage my group and ask their opinions too",NA,"3","3","3","3","3","3","3","3",1,0,"90","24","48","11","10","10","5","0","4","27","2012",1
"27",27,"3","1",1,"27","26","17","5","6","2,3","3",NA,"4","3","1","1","2","2","1","2","2","2","4","3","1","4","4","2","4","18,15,16,13,14","4","4","1","2","3",NA,NA,"I always intrested to stay top in all compitition",NA,"4","4","4","3","4","4","4","2",1,0,"74","52","58","37","55","67","4","0","4","27","2010",1
"28",28,"3","1",3,"27","40","17","4","7","1","4","14","4","4","3","1","4","2","3","2","2","3","3","2","2","4","4","5","4","15,12,10,17,7","5","4","1","3","2",NA,NA,"I want to share thoughts of my group members.",NA,"4","4","4","4","5","5","2","3",1,0,"67","56","76","68","62","81","1","1","3","19","2002",1
"29",29,"3","1",3,"9","36","16","3","6","1","3","2","2","3","2","2","4","3","2","1","5","1","1","1","1","1","4","5","5","5,6,8,7,15","4","3","2",NA,NA,NA,NA,"I am Hindu and i know this","I am Hindu but idont want this","5","2","2","3","5","5","3","2",0,0,"58","100","94","68","100","45","4","0","3","9","2005",1
"30",30,"2","1",2,"27","36","16","5","6","1","4","14","9","2","2","1","3","3","3","1","2","1","2","2","1","1","4","5","5","15,12,16,4,17","5","5","1",NA,NA,NA,NA,"I have potancial to led this ",NA,"5","4","5","5","5","5","4","3",1,0,"93","92","98","27","47","39","5","1","4","27","2000",1
"31",31,"3","1",2,"27","26","16","4","6","2","3","2","6","2","2","2","2","2","2","2","2","2","3","2","2","4","4","4","3","7,14,15,17,19","5","5","1","3","2",NA,NA,"I am impartial and think of the group as a whole and not for myself.",NA,"4","4","4","5","3","4","3","3",1,1,"51","52","52","51","50","51","4","0","4","27","2010",1
"32",32,"2","1",2,"27","37","17","4","6","1","2","2","8","3","3","2","3","3","3","2","3","2","3","2","2","2","4","4","5","7,8,14,4,13","3","4","2",NA,NA,NA,NA,"No comments","No comments","4","4","4","4","3","4","4","1",0,1,"69","70","68","58","61","61","4","0","4","27","2001",1
"33",33,"3","1",1,"27","24","17","5","6","1","4","14","6","3","2","4","2","2","2","2","2","4","4","4","2","2","5","5","4","11,19,12,3,4","4","4","1","3","2",NA,NA,"to give best knlwongde",NA,"4","4","4","4","5","3","4","3",1,0,"77","66","81","77","84","74","5","0","4","27","2015",1
"34",34,"3","1",3,"27","43","16","5","1","1","3",NA,"4","3","2","2","2","2","3","1","3","1","1","1","1","1","2","3","4","8,15,7,19,13","5","5","1","2","3",NA,NA,"I have lot of confidence in me",NA,"4","4","4","4","4","3","2","2",1,0,"97","94","95","75","79","90","4","1","3","29","1995",1
"35",35,"2","1",2,"5","35","17","5","6","2","1",NA,"5","2","2","2","2","2","2","2","2","3","4","3","3","4","4","5","5","15,8,18,4,7","5","5","1","2","3",NA,NA,"I have Leadership qualities and a great team player
",NA,"4","4","4","4","4","4","4","1",1,0,"79","69","71","70","74","78","5","0","3","5","2005",1
"36",36,"3","2",1,"27","30","16","4","4","1","4","5","9","3","2","1","1","1","1","4","2","1","4","2","2","4","4","4","5","7,13,14,19,18","5","5","1",NA,NA,NA,NA,"Because i am more interested in new things always and i feel that this i opportunity i can handle",NA,"4","3","4","4","5","5","5","4",1,1,"56","54","60","35","80","93","5","1","2","27","2015",1
"37",37,"3","1",2,"27","36","17","5","3","1","4","2","8","2","4","2","3","2","2","1","3","4","4","4","4","3","5","5","4","11,15,18,6,16","5","5","2",NA,NA,NA,NA,"Optimistic thinking","Poor communication skills","5","4","4","4","4","4","3","4",1,0,"92","100","87","95","89","92","4","0","3","27","2004",1
"38",38,"2","1",3,"27","31","17","5","6","2","3","2","4","3","2","1","1","1","1","1","1","1","2","1","2","2","4","1","2","13,7,14,19,15","5","4","1","2","3",NA,NA,"I can help the group earn more by answering correctly.",NA,"2","3","3","4","4","2","5","3",1,0,"82","84","92","92","84","82","5","0","3","27","2006",1
"39",39,"3","1",1,"5","33","16","5","6","2","3","3","4","1","1","2","1","3","2","1","4","3","3","2","3","4","4","1","1","4,8,6,15,16","4","4","1","2","3",NA,NA,"Very easy",NA,"5","4","5","4","4","4","4","3",1,0,"100","93","90","73","100","99","5","0","4","5","2016",1
"40",40,"3","1",1,"27","36","17","5","3","1","4","2","3","2","2","2","2","2","1","2","3","4","3","4","4","4","5","5","5","18,11,10,15,16","5","5","2","3","2",NA,NA,"Quick response","Poor things","5","4","3","5","5","5","4","4",1,0,"96","78","87","92","90","87","5","1","4","27","2004",1
"41",41,"2","2",1,"5","29","17","5","6","2","2","2","7","3","3","3","3","3","3","2","3","1","1","1","1","1","4","4","4","15,13,19,7,10","4","4","1",NA,NA,NA,NA,"Because i want present the demands of the group fairly",NA,"4","4","4","4","4","4","4","3",1,0,"63","84","87","69","75","94","5","0","4","5","2015",1
"42",42,"3","1",2,"5","32","17","5","6","1","4","2","5","5","4","1","5","2","1","2","1","4","3","4","4","3","5","5","4","2,9,10,12,11","5","5","1","3","2",NA,NA,"It's amazing how to make the best regards",NA,"4","5","4","5","5","5","5","4",1,1,"53","76","94","49","49","66","5","1","4","5","2019",1
"43",43,"2","1",3,"5","20","13","4","6","1","2",NA,"6","1","4","1","3","2","1","3","2","1","2","1","1","1","4","5","5","12,4,6,8,18","5","5","1","3","2",NA,NA,"Because i am amiable and knows how to lead and survive in the group.",NA,"5","4","3","5","4","5","3","4",1,0,"80","100","85","66","61","77","4","0","2","5","2020",1
"44",44,"3","1",3,"27","35","16","5","6","1,2","4","2","9","1","1","2","2","2","1","1","1","3","4","4","4","3","4","5","4","15,11,7,8,2","4","4","2",NA,NA,NA,NA,"Because it is good","Because it is good","4","4","4","4","4","5","4","3",1,0,"81","92","91","92","84","90","4","0","3","27","2015",1
"45",45,"2","1",1,"27","37","16","5","7","1","4","2","1","2","2","2","2","2","2","2","2","1","1","1","1","1","4","4","4","12,14,19,18,13","4","4","1",NA,NA,NA,NA,"Group representative is better phenomena",NA,"4","4","4","4","4","4","4","3",1,0,"84","81","82","78","81","84","4","0","2","27","2005",1
"46",46,"2","2",3,"27","44","17","5","6","1","4","1","4","1","1","1","1","1","1","2","1","1","1","1","1","1","5","5","5","11,10,7,19,13","5","5","1",NA,NA,NA,NA,"Opportunities to influence high level decision making, sharing ideas and information",NA,"5","5","5","5","5","5","5","4",1,0,"97","99","94","93","93","93","5","0","4","27","1995",1
"47",47,"3","1",2,"5","35","16","5","6","1","3","2","1","2","3","2","3","3","3","2","3","3","2","2","2","3","5","5","5","4,12,2,8,10","5","5","1",NA,NA,NA,NA,"I think that I can better select the topics due to my knowledge on the respective subjects",NA,"4","4","4","4","4","4","3","3",1,0,"83","82","94","69","62","73","4","1","4","5","1999",1
"48",48,"2","2",3,"5","20","13","5","6","1","4","12","10","2","2","2","1","2","2","5","2","1","4","2","2","4","1","5","5","1,10,5,11,15","4","4","1",NA,NA,NA,NA,"Because I am very good at geography",NA,"4","2","1","4","1","1","4","4",1,0,"52","46","36","53","26","74","5","1","3","5","2019",1
"49",49,"2","1",2,"9","42","17","4","6","2","3","2","1","2","3","5","4","2","3","1","4","3","2","4","4","3","3","5","5","2,12,18,17,15","4","5","1",NA,NA,NA,NA,"Because I deserve ",NA,"4","5","5","2","4","2","4","1",1,0,"54","30","81","17","47","85","5","0","4","23","1994",1
"50",50,"2","1",3,"27","34","17","5","6","1","3","2","4","3","3","1","5","3","5","2","3","2","3","1","3","4","5","5","5","12,18,16,13,17","5","5","1","2","1",NA,NA,"Because I have potential as a group representative ",NA,"5","5","3","3","5","4","4","4",1,0,"61","85","70","73","67","83","5","1","4","27","2016",1
"51",51,"3","1",3,"5","29","16","5","7","1","4","2","8","4","2","3","3","2","2","2","2","2","2","3","2","3","5","5","5","8,4,15,12,13","5","5","1",NA,NA,NA,NA,"I am honest and more desirable",NA,"5","5","5","5","4","5","4","4",1,0,"58","77","78","69","86","77","5","1","3","5","2010",1
"52",52,"3","1",1,"24","20","16","5","1","1","3","2","2","1","1","1","1","1","1","3","3","1","1","1","3","3","4","2","5","2,4,18,12,16","4","4","1",NA,NA,NA,NA," I'm able to explain project
 and i have responsibility to do that 
I will give my best
",NA,"3","3","2","3","3","1","4","2",0,0,"100","100","100","14","51","25","5","0","3","24","2019",1
"53",53,"3","1",2,"27","19","15","3","6","1","3","2","6","3","3","2","1","4","4","5","2","2","2","1","1","4","4","3","5","15,4,16,5,7","4","4","2","3","2",NA,NA,"Because I have those qualities","Because there is big responsibility","5","4","4","4","5","5","4","3",1,1,"97","85","96","47","48","56","5","0","3","27","2019",1
"54",54,"3","1",3,"5","33","16","5","6","1","3","2","4","2","3","2","2","2","3","2","3","4","3","2","4","4","5","4","5","9,7,4,18,10","5","4","1","1","3",NA,NA,"I love my school days and I miss those days",NA,"5","4","5","5","4","4","5","3",1,0,"79","78","83","82","77","87","5","1","2","5","2010",1
"55",55,"3","1",2,"5","35","16","5","3","1","3","2","4","1","2","1","5","2","3","2","2","1","4","3","1","2","4","4","5","12,8,16,15,18","5","4","1","2","3",NA,NA,"It represents the our society and it is very important to be a part of this society to become eligible for getting equal rights. ",NA,"4","4","5","5","4","5","5","4",1,0,"82","75","96","60","100","83","5","0","2","5","2007",1
"56",56,"3","1",1,"5","33","16","5","6","1","3","2","7","3","3","2","2","3","2","2","2","4","2","2","4","3","5","4","5","4,18,16,9,19","5","4","1",NA,NA,NA,NA,"I like my school days and I miss those days",NA,"4","4","5","5","4","4","5","4",1,0,"100","62","77","79","69","70","5","1","4","5","2010",1
"57",57,"3","1",2,"27","35","16","5","6","1,2","3","2","9","2","1","1","2","2","2","1","3","4","4","4","3","4","4","1","1","2,8,10,13,11","1","1","2",NA,NA,NA,NA,"Because I only trust that could only and not good with any other","Because they are not too much good as I want","4","4","5","5","5","4","4","3",1,0,"78","90","88","84","79","76","4","1","3","27","2016",1
"58",58,"3","2",1,"27","30","16","2","1","2","2",NA,"10","4","4","3","2","4","2","4","2","2","3","2","4","3","5","5","5","9,5,1,11,7","5","5","1",NA,NA,NA,NA,"Because i think i have most of the knowledge requiered to be a group representative",NA,"5","5","5","5","5","5","2","3",1,0,"81","67","86","87","82","96","5","0","4","27","2019",1
"59",59,"3","1",1,"27","36","17","5","3","1","4","2","4","1","3","1","1","1","1","1","1","4","4","4","4","4","5","5","4","17,16,11,18,15","5","5","2","1","3",NA,NA,"Optimistic thinking","Slow down","5","5","4","4","4","4","5","4",1,0,"90","97","78","91","97","95","5","1","4","27","2004",1
"60",60,"2","1",2,"5","31","16","4","6","1","3","2","9","3","2","2","2","1","2","2","2","3","3","3","3","4","5","4","5","8,18,2,11,19","5","5","1",NA,NA,NA,NA,"Because I'm thinking like I know about the subject ",NA,"4","5","4","5","5","4","4","3",1,0,"80","81","82","33","35","30","5","0","4","5","2008",1
"61",61,"2","1",3,"27","21","16","3","1","1,2","4","6","7","3","1","1","2","2","2","3","2","2","1","1","2","3","4","5","5","18,13,8,12,15","3","4","2",NA,NA,NA,NA,"In my school I was class representative. And I follow politics and great leader help people","I am just 21 years old  may be my partners age is more than me also they have very good experience about leadership","4","2","4","5","3","3","4","3",1,1,"50","52","50","50","50","50","5","1","4","27","2017",1
"62",62,"2","2",3,"24","30","17","5","6","1","4","12","7","2","2","3","1","3","3","4","2","1","4","4","2","4","2","5","5","1,8,3,2,10","4","4","2",NA,NA,NA,NA,"I have sound knowledge of geography ","Because if i fail it affect my partners","4","5","4","4","5","4","2","4",1,1,"81","90","100","75","60","76","5","1","4","24","2005",1
"63",63,"2","1",1,"27","34","17","5","3","1","2",NA,"1","2","2","2","2","2","2","2","2","2","3","1","1","2","3","4","5","13,14,15,1,2","5","5","1",NA,NA,NA,NA,"I can manage to answer all the questions with confident ",NA,"4","4","4","5","5","3","4","3",1,0,"60","60","60","60","60","60","3","1","4","27","2001",1
"64",64,"2","2",1,"27","30","16","4","4","1","3","1","8","3","2","4","1","2","2","4","2","1","4","3","4","4","4","4","5","5,13,2,15,9","5","5","1",NA,NA,NA,NA,"Because teach a leadership",NA,"4","4","4","5","4","4","4","3",1,0,"27","100","99","100","100","100","4","0","2","27","2016",1
"65",65,"3","1",3,"27","31","16","2","1","2","2",NA,"8","4","2","2","2","4","2","4","4","2","3","4","2","3","4","5","5","1,10,11,15,5","5","5","1",NA,NA,NA,NA,"Because I thing I have the k pledge which is required to represent the group",NA,"5","4","4","4","4","4","4","3",1,0,"59","67","75","87","82","88","5","0","4","27","2019",1
"66",66,"3","1",2,"27","26","16","4","3","2","3","2","1","2","2","2","4","2","4","1","4","3","4","3","2","2","4","4","5","15,8,17,16,4","4","4","2",NA,NA,NA,NA,"Because i like to represent group","Because of some wrong member","4","4","4","4","4","4","4","3",1,0,"84","99","94","54","43","40","4","1","3","27","2018",1
"67",67,"3","1",3,"27","31","16","5","6","2","2",NA,"7","3","2","1","2","2","2","3","3","1","1","1","1","2","4","5","5","15,17,19,18,7","5","5","1",NA,NA,NA,NA,"I have the potential to be a representative and I have sufficient knowledge for the test",NA,"4","3","4","3","4","3","4","2",1,0,"84","80","72","57","69","77","5","1","4","19","2010",1
"68",68,"3","1",2,"27","31","16","5","6","2","2",NA,"3","3","2","2","2","2","3","3","3","2","4","2","3","4","4","3","4","9,1,12,11,7","4","5","1","2","3",NA,NA,"I have a potential to be a good representative.",NA,"4","4","4","3","4","3","4","3",1,0,"76","88","52","70","52","55","4","1","4","19","2007",1
"69",69,"2","1",2,"5","30","16","5","7","1","4","2","2","2","2","1","5","2","2","2","4","4","1","3","4","3","4","5","5","2,17,8,4,12","5","5","1",NA,NA,NA,NA,"I am a born leader",NA,"4","4","5","5","5","4","4","4",1,0,"98","77","77","98","58","55","4","1","4","5","2010",1
"70",70,"3","1",1,"5","35","17","5","6","1","4","1","6","1","3","2","5","5","4","2","1","2","2","2","3","4","5","4","5","15,16,1,10,13","5","5","1","2","3",NA,NA,"I am interested in taking a role because I am strong ethically and morally. I love to take the role because of subject interest",NA,"5","4","5","4","5","5","5","3",1,0,"85","79","89","87","68","83","4","0","4","5","2010",1
"71",71,"3","1",1,"24","27","16","5","6","1","4","2","9","3","3","2","3","3","3","2","4","3","1","1","1","3","4","4","4","17,12,18,13,4","5","5","1",NA,NA,NA,NA,"Because I want to determine which exercise count for payment ",NA,"3","2","2","2","2","2","3","2",1,0,"72","60","60","55","57","86","4","0","4","24","2008",1
"72",72,"3","1",3,"27","33","13","1","6","1,2,3","4","2","6","5","5","5","5","5","5","5","5","4","4","4","4","4","5","1","1","4,16,7,13,15","5","5","1","1","2",NA,NA,"Best",NA,"5","5","5","5","5","5","5","4",1,0,"100","100","100","100","100","100","5","1","2","27","2003",1
"73",73,"3","1",1,"27","28","17","4","6","1","3",NA,"10","3","3","2","4","3","3","3","3","3","3","2","2","4","4","3","4","7,13,14,19,17","4","4","2",NA,NA,NA,NA,"I feel I'm capable of becoming .","I prefer not to be one..","4","4","4","4","4","3","2","1",0,0,"9","42","21","9","2","38","4","1","3","27","2010",1
"74",74,"3","1",1,"5","31","17","5","1","1","3","2","1","2","1","2","2","2","2","2","3","4","4","3","3","4","5","5","5","1,3,4,2,15","5","5","1",NA,NA,NA,NA,"It is about geography olden days of ancient india",NA,"5","5","5","5","5","5","5","4",1,0,"81","78","72","29","26","30","5","1","2","5","2003",1
"75",75,"3","1",3,"5","21","16","4","7","4","2",NA,"8","4","3","1","4","2","3","2","5","1","4","3","2","4","2","5","5","11,15,16,10,12","5","4","1",NA,NA,NA,NA,"I have ability to be a group representative and I will guide my team in a good way and in a good manner ",NA,"2","4","4","2","4","3","2","2",1,0,"80","100","51","44","100","100","4","0","4","3","2018",1
"76",76,"2","1",1,"5","31","17","5","4","1","3","5","7","2","2","1","2","2","2","4","4","2","3","2","3","4","5","5","5","13,15,7,18,14","5","5","1",NA,NA,NA,NA,"beacause i have quit good knowledge of history and geography  and i will find try to give most accurate answer and aac. to my experience",NA,"5","4","5","5","5","5","2","3",1,1,"91","84","84","77","76","79","5","1","4","5","2005",1
"77",77,"3","1",1,"5","34","16","2","1","1,2","4","2","9","3","2","2","5","5","3","1","4","2","3","1","1","3","5","5","3","1,14,4,8,11","5","5","1",NA,NA,NA,NA,"I want to be a group representative as I feel it is a very challenging and important position to decide for the group.",NA,"2","4","3","4","2","1","5","3",1,0,"88","85","75","14","15","7","4","0","3","5","2006",1
"78",78,"2","1",1,"9","28","16","2","7","1","3","2","1","2","2","2","3","2","3","1","2","2","3","1","2","4","1","5","5","14,8,18,19,7","5","5","1",NA,NA,NA,NA,"I want to be group representative because i have that leadership qualities and potential to be a group representative ",NA,"4","4","4","5","4","4","4","3",1,1,"67","90","99","39","31","62","4","1","4","5","2002",1
"79",79,"3","2",3,"5","35","17","5","6","1,5","3","2","6","3","3","2","3","3","4","2","3","2","4","3","2","4","3","5","5","7,19,18,15,13","4","4","2",NA,NA,NA,NA,"I will be happy by choosen as group representative","I dont want to take any responsibility regarding this","4","4","4","2","4","4","3","4",1,0,"83","73","90","49","59","61","5","0","4","5","2012",1
"80",80,"3","1",1,"27","30","17","5","1","3","3","1","6","4","5","2","4","3","4","1","1","2","4","4","3","4","5","5","5","8,13,7,19,18","5","5","1","3","2",NA,NA,"For my childhood i want to become a leader ",NA,"5","5","5","5","5","5","5","4",1,0,"100","100","91","80","99","86","5","0","4","27","2017",1
"81",81,"2","1",1,"27","24","16","5","6","2","4","2","8","1","4","1","3","2","2","1","1","2","2","2","2","2","4","4","5","18,8,13,15,1","4","4","1",NA,NA,NA,NA,"I am having a great knowledge over my back to school books ",NA,"3","3","5","4","3","4","2","3",1,0,"89","94","83","94","94","87","4","1","4","27","2018",1
"82",82,"3","1",2,"5","30","17","5","6","1","4","5","4","2","1","1","2","2","2","1","3","1","3","1","1","3","5","5","4","8,15,12,19,7","5","5","1","2","3",NA,NA,"A group representative should be honest, have integrity, have communication skills and is hardworking. I think most of the qualities are in my character and I think that I can lead my group from the front.",NA,"5","5","5","4","4","5","2","4",1,1,"61","83","96","79","62","73","5","0","4","5","2008",1
"83",83,"3","1",1,"27","39","9","5","3",NA,"3","1","5","4","3","2","3","2","2","3","3","2","2","2","2","2","3","5","5","10,18,14,13,7","5","5","1","2","3",NA,NA,"Leadérship quality",NA,"3","3","3","4","3","4","4","2",1,1,"88","97","91","58","76","81","5","1","2",NA,NA,1
"84",84,"3","2",3,"5","23","16","5","6","2","2",NA,"2","5","2","4","1","3","4","4","2","1","2","3","1","3","3","5","5","9,10,15,19,7","3","4","2",NA,NA,"1","3","I'm a easy learner allahhamdullilah , good in team work","To much accountability, fear of loosing for myself n partner also to be a GR","4","4","4","3","3","2","3","1",0,0,"50","49","50","49","58","39","5","1","4","5","2016",1
"85",85,"3","1",2,"27","26","16","2","3","2","1",NA,"8","3","3","3","3","3","3","3","3","2","2","2","2","2","3","5","5","13,7,14,19,16","4","4","1",NA,NA,NA,NA,"I'll be ok if anyone else is group representative",NA,"3","3","3","3","3","3","3","1",1,1,"57","56","53","60","58","62","5","0","4","27","2012",1
"86",86,"3","1",2,"27","32","17","5","6","1","4","2","1","1","1","1","5","1","5","1","5","1","1","1","1","1","5","5","5","12,2,15,7,4","5","5","1",NA,NA,NA,NA,"i have a quality of a group leader or a reprsenter from other's side",NA,"5","5","5","5","5","5","5","4",1,1,"100","100","100","53","58","53","5","0","3","27","2001",1
"87",87,"2","1",1,"5","20","13","4","6","1","2",NA,"6","2","4","1","4","2","2","2","1","1","2","2","1","1","4","2","5","1,2,4,9,8","5","5","1","3","2",NA,NA,"I have good leadership qualities and I can be very persuasive",NA,"4","4","4","5","4","3","5","2",1,0,"61","50","46","60","46","53","3","1","4","5","2020",1
"88",88,"3","1",2,"5","32","16","2","6","1","3","2","6","2","2","1","3","2","2","2","2","3","2","2","2","4","4","4","4","8,4,16,6,7","5","5","2","3","2",NA,NA,"Because I like to lead","It may be difficult task","1","3","3","2","2","3","3","2",1,0,"79","89","66","79","77","52","5","0","4","5","2005",1
"89",89,"3","1",3,"5","32","16","2","6","1","3","2","7","2","2","2","2","2","2","1","1","4","2","3","4","3","4","4","4","15,8,18,13,4","5","5","2",NA,NA,NA,NA,"i want to be authority","it may be tedious job","5","4","5","4","5","5","2","3",1,0,"76","89","86","47","53","68","5","1","4","5","2005",1
"90",90,"3","1",3,"5","34","17","4","6","1,2","1","2","3","1","1","1","2","2","2","1","2","1","1","1","1","2","5","5","5","13,15,8,16,12","5","5","1","3","2",NA,NA,"I want to be group representative because I have better knowledge to participate",NA,"4","5","5","5","5","4","4","3",1,0,"100","93","100","96","100","100","5","1","4","5","2001",1
"91",91,"2","2",1,"5","40","16","4","3","1","1",NA,"8","2","3","3","1","3","3","3","3","1","1","2","2","1","4","5","5","3,10,2,7,13","5","5","1",NA,NA,NA,NA,"It's a nice place to stay for.",NA,"5","4","5","4","5","4","4","4",0,0,"83","91","77","75","74","91","5","1","3","5","2000",1
"92",92,"2","1",2,"27","29","16","5","6","1","4","2","8","1","2","1","4","2","4","1","2","4","4","4","4","4","5","5","5","4,8,13,15,16","5","5","1",NA,NA,NA,NA,"I like leadership",NA,"4","4","5","4","5","4","5","4",1,0,"88","86","87","93","89","87","4","1","3","27","2010",1
"93",93,"2","1",3,"9","23","16","4","7","1","4","2","2","4","2","1","5","3","2","2","4","4","1","1","3","3","4","4","5","4,12,1,13,17","4","5","1",NA,NA,NA,NA,"I am able to lead and choose the correct option.",NA,"4","3","4","5","3","2","4","3",1,0,"58","66","75","41","26","29","4","0","4","9","2016",1
"94",94,"3","1",3,"5","22","16","5","6","1,2","4","2","7","1","1","1","4","3","2","1","3","4","1","3","3","4","5","4","5","8,1,18,15,6","5","5","1",NA,NA,NA,NA,"Because it create a big group with a huge amount of the company name ",NA,"5","4","5","5","4","3","4","4",1,0,"91","74","86","29","33","14","1","0","1","19","2015",1
"95",95,"2","1",3,"27","29","16","5","6","1","4","2","4","1","1","1","4","1","4","1","1","4","4","4","4","4","5","4","5","4,8,13,15,16","5","5","1","2","3",NA,NA,"I like representative",NA,"5","4","5","5","5","5","5","4",1,0,"93","90","90","90","90","92","4","0","3","27","2010",1
"96",96,"3","1",3,"27","31","16","5","3","1","3","2","4","2","1","1","1","1","1","1","3","2","1","1","1","1","5","1","5","1,13,4,19,12","4","4","1","1","3",NA,NA,"I always helps each other and always welfare for other",NA,"2","1","1","2","1","1","2","3",1,0,"100","90","100","64","63","58","5","0","4","27","2012",1
"97",97,"2","2",3,"5","25","17","5","4","1","3",NA,"1","2","2","2","2","2","2","3","3","3","3","3","3","4","3","2","3","7,13,15,16,1","5","5","1",NA,NA,"2","3","I always want to be a leader and want to make sure my group wins",NA,"4","4","4","5","4","4","3","2",1,0,"50","50","50","50","50","50","5","1","4","5","2010",1
"98",98,"2","2",1,"5","27","17","5","4","1","3",NA,"2","2","2","2","2","2","2","3","3","3","3","3","3","4","3","2","3","13,7,1,15,16","5","5","1",NA,NA,"2","3","I want my group to win and I will do my best to make sure of it.",NA,"2","2","4","5","4","3","4","2",1,0,"50","50","50","50","50","50","5","0","4","5","2008",1
"99",99,"2","2",1,"5","31","17","5","6","1,2,3","4","2","7","1","2","2","1","2","2","1","2","2","3","2","2","3","3","5","5","16,10,5,4,9","5","5","1",NA,NA,NA,NA,"Because I feel like I have leadership qualities and can represent a community in fair and honest manner ",NA,"4","4","4","4","3","5","3","3",1,1,"70","40","45","60","79","70","5","1","4","5","2009",1
"100",100,"3","1",3,"9","26","17","4","6","1","3","2","5","3","4","5","4","2","3","4","2","3","3","4","3","3","3","5","5","2,16,6,12,15","3","3","1","3","2",NA,NA,"Want to lead",NA,"2","4","3","5","5","3","3","2",1,0,"100","74","88","80","76","88","4","1","3","9","2019",1
"101",101,"3","1",1,"5","30","16","5","6","1","4","5","10","3","3","3","3","3","3","3","3","3","3","3","2","3","1","5","5","13,14,7,1,19","1","1","1",NA,NA,NA,NA,"I can represent thoughts of my group clearly.i will take every members suggestion.Everyone is equal and have right to tell their thought.i am very at sociology.",NA,"4","2","4","5","2","5","2","3",1,0,"70","90","81","65","91","81","5","1","4","5","2010",1
"102",102,"2","1",2,"27","22","16","4","3","1","1",NA,"7","3","3","3","3","3","3","4","3","3","3","2","2","4","3","4","5","12,16,15,19,13","5","5","1",NA,NA,NA,NA,"I want to lead my group and get very good results from it",NA,"3","3","4","5","4","5","4","1",1,0,"50","50","50","50","50","50","5","0","4","27","2015",1
"103",103,"2","1",1,"5","28","16","5","6","1","3",NA,"8","3","3","2","4","3","3","3","3","3","4","3","2","3","4","4","4","13,19,8,14,15","5","4","1",NA,NA,NA,NA,"I want to be a group leader because I handle a team of 7 people at my workplace currently and I'm sure of handling any disputes within the group if any.",NA,"4","4","4","4","3","4","4","3",0,0,"51","52","71","50","50","72","5","1","4","5","2012",1
"104",104,"2","1",3,"5","35","3","5","4",NA,"4","5","7","1","1","1","1","1","1","1","1","1","1","1","1","1","3","5","5","13,8,14,12,1","5","4","1",NA,NA,NA,NA,"It's depend on the group representative.",NA,"3","4","4","4","4","4","4","4",1,0,"74","61","71","84","79","62","3","0","4",NA,NA,1
"105",105,"2","1",1,"9","30","16","4","7","2","3","2","8","1","2","1","2","2","3","1","2","3","3","2","2","2","4","5","5","15,13,12,7,4","5","5","1",NA,NA,NA,NA,"I have more knowledge then others of the specified topics",NA,"4","4","4","5","4","4","5","3",1,0,"80","69","77","57","63","47","5","0","4","9","2008",1
"106",106,"2","1",2,"5","25","16","5","6","1","3","5","9","1","1","1","4","1","3","1","1","1","3","1","1","3","4","5","5","15,8,16,14,7","5","5","1",NA,NA,NA,NA,"I am fairer one about decision making",NA,"4","5","4","5","4","1","2","3",1,0,"69","98","56","68","28","41","5","1","4","5","2014",1
"107",107,"3","1",1,"27","28","17","5","7","2","4","2","10","3","2","1","4","3","1","1","4","2","3","2","1","3","4","5","5","18,7,13,19,12","5","5","1",NA,NA,NA,NA,"I want to take initiative to be group representative as I always be group representative in back my school and college days.",NA,"3","2","2","4","3","1","4","3",1,0,"100","92","100","64","25","74","5","0","3","21","2012",1
"108",108,"3","1",1,"5","28","16","5","6","1","4","2","5","2","5","2","2","2","3","2","4","2","3","3","2","2","4","5","5","8,4,13,14,2","5","5","1","2","3",NA,NA,"Its brain job and i am good with it",NA,"5","5","4","5","5","4","4","4",1,0,"76","94","73","66","82","85","5","0","4","5","2009",1
"109",109,"3","1",3,"9","37","16","5","6","1","4","2","10","2","2","1","2","2","2","1","2","1","1","1","1","4","5","5","5","16,12,18,15,11","5","5","1",NA,NA,NA,NA,"Because i knew it that person respects himself/ herself first and so i am. I think i am very accurate while taking decisions.",NA,"5","5","5","4","5","5","2","4",1,1,"90","79","100","55","62","45","5","0","4","9","2003",1
"110",110,"3","1",2,"9","25","17","3","6","1","1","2","9","4","3","2","5","3","3","2","3","4","4","3","3","3","5","4","4","12,4,6,2,7","4","5","2",NA,NA,NA,NA,"because i have quite good luck","Because sometimes luck dont work","3","2","3","1","4","2","4","1",0,1,"76","84","51","36","36","23","5","1","4","9","2014",1
"111",111,"2","1",2,"9","31","17","5","3","1","4","2","1","2","2","2","2","2","2","2","2","1","1","1","1","1","3","3","4","10,19,13,14,7","5","5","1",NA,NA,NA,NA,"because its random and i know my potential ",NA,"4","4","4","5","4","4","3","4",1,0,"54","56","63","55","55","53","5","0","4","22","2007",1
"112",112,"3","1",2,"9","27","16","4","6","1","4","2","1","2","2","2","4","3","3","2","3","1","1","1","1","2","5","4","4","4,15,2,7,18","5","5","1",NA,NA,NA,NA,"I have a good command on sociology",NA,"3","3","3","1","4","3","4","3",0,0,"56","71","70","21","20","13","5","0","4","9","2009",1
"113",113,"2","1",2,"24","20","16","5","6","1,2","3",NA,"1","2","2","1","3","3","3","2","2","4","2","2","4","3","3","4","5","2,10,8,4,5","5","5","1",NA,NA,NA,NA,"I done many work with group with representative. So i can represent the group very well. ",NA,"4","3","4","4","3","3","3","2",1,0,"43","81","73","68","35","56","5","0","4","24","2018",1
"114",114,"2","1",3,"27","23","16","2","3","2","3",NA,"9","4","3","1","4","3","3","1","3","3","3","3","3","3","3","5","5","4,13,8,9,10","5","5","1",NA,NA,NA,NA,"I have leadership qualities",NA,"4","4","4","4","4","4","3","2",1,1,"95","100","100","81","100","100","5","1","4","27","2019",1
"115",115,"2","1",1,"5","29","13","5","6","1,2","3","2","8","2","3","2","3","2","5","1","4","4","1","3","4","3","4","5","4","4,19,13,7,17","4","4","2",NA,NA,NA,NA,"To learn something from the team member.","Some times team members can't take any decision like tream representative tell .that is main reason for quit  .","4","4","5","4","4","4","5","4",1,0,"40","30","30","30","47","23","4","0","3","5","2016",1
"116",116,"3","1",3,"27","25","16","5","6","1","3","2","3","3","2","2","3","3","3","2","3","2","3","2","2","3","3","3","4","2,10,11,15,16","5","5","1","2","3",NA,NA,"ALWAYS I LIKE TO BE ON THE FRONT AND TO MAKE BEST TEAM EFFORT FROM MY MEMBERS",NA,"2","3","3","2","2","2","3","3",1,0,"74","81","75","61","62","59","5","0","4","27","2008",1
"117",117,"3","1",1,"27","23","16","3","6","1","3","2","7","3","2","2","2","2","2","1","3","1","1","1","1","2","5","1","1","8,7,13,14,19","1","1","2",NA,NA,NA,NA,"It's because even if my group losses it I won't have any regret or I won't blame someone else to whom I don't know and I'll be fully responsible for whatever the result will be","There is no reason for wanting to become a leader","4","3","3","3","3","3","4","2",1,1,"75","75","80","75","61","34","1","0","4","27","2013",1
"118",118,"2","1",2,"27","18","12","4","3","1","1",NA,"8","5","2","1","4","1","3","3","3","1","1","1","1","1","3","4","2","13,4,7,12,1","2","5","1",NA,NA,NA,NA,"To earn money",NA,"3","5","2","5","1","4","3","2",1,0,"100","55","60","69","62","48","4","1","4","27",NA,1
"119",119,"2","1",3,"27","33","17","5","6","1","4","2","1","3","5","1","5","5","5","1","5","4","1","1","4","4","5","5","5","6,8,2,7,17","5","1","1",NA,NA,NA,NA,"His represent skill is best",NA,"5","5","5","5","5","5","5","4",1,0,"57","45","64","96","47","41","1","0","3","27","2003",1
"120",120,"2","1",1,"27","25","16","5","1","1","3","2","10","2","2","1","2","2","2","2","2","1","2","1","1","2","5","5","4","12,15,13,18,17","5","5","1",NA,NA,NA,NA,"To get much money",NA,"4","5","4","4","5","4","4","2",1,0,"75","62","89","56","46","35","4","1","4","27","2018",1
"121",121,"2","1",2,"27","30","13","5","1","2","3",NA,"9","3","3","3","3","3","3","3","2","2","4","3","3","3","5","4","4","19,18,13,7,12","4","4","1",NA,NA,NA,NA,"The society is very devided and people are not belive in them so group representative will help each other",NA,"4","2","2","2","4","2","2","3",1,0,"84","84","81","80","81","86","5","0","2","27","2001",1
"122",122,"2","1",1,"24","25","17","4","6","1","1","2","7","3","3","1","5","2","3","3","5","1","2","2","1","4","4","5","4","8,13,1,2,14","4","4","2",NA,NA,NA,NA,"Just","I want to be","5","3","3","4","3","3","3","2",1,0,"41","82","83","46","20","53","5","1","3","24","2019",1
"123",123,"3","1",3,"5","32","17","4","6","1,2","3","2","9","3","1","1","4","2","1","2","3","1","3","2","2","4","1","1","3","4,15,17,16,13","1","1","2",NA,NA,NA,NA,"I have potential to understand the subject","I think I have less eligible to this","1","3","4","1","1","4","4","4",1,0,"100","72","39","69","67","29","5","0","3","29","2006",1
"124",124,"2","1",1,"5","35","16","5","6","1","3",NA,"8","2","3","2","3","3","2","2","2","2","1","2","4","3","4","4","4","12,18,7,4,13","5","5","1",NA,NA,NA,NA,"I want to become  a group representative because i have leadership and decision making skills.",NA,"4","4","4","3","5","3","4","3",0,0,"50","85","90","18","24","25","5","1","3","5","2019",1
"125",125,"2","1",3,"5","29","16","5","6","2","2","2","5","3","3","2","3","3","3","2","4","1","1","1","3","3","3","4","4","4,2,13,19,18","4","4","1","2","3",NA,NA,"Good group evaluation",NA,"3","3","4","5","4","3","4","3",1,0,"82","76","55","37","15","16","5","1","3","5","2010",1
"126",126,"3","1",3,"5","31","16","5","6","1","2",NA,"8","1","4","1","3","3","3","2","3","2","3","3","2","4","3","2","5","15,16,13,19,4","4","4","2",NA,NA,NA,NA,"To make a bond in group to achieve anything. ","In group you lead to all others like a companionship","1","2","2","3","1","3","3","2",1,0,"72","67","90","30","61","44","3","0","3","5","2010",1
"127",127,"2","1",3,"27","40","17","5","6","2","4","2","6","1","1","1","1","2","2","1","2","2","4","3","2","2","3","5","5","12,15,16,18,11","5","5","1","3","2",NA,NA,"To lead the group in write direction  if they are able to lead then they can lead this group",NA,"5","5","4","5","5","5","4","4",1,0,"81","94","100","82","81","100","5","1","4","27","2005",1
"128",128,"2","2",3,"27","19","10","4","4","1","1",NA,"10","3","2","4","1","3","3","3","3","1","3","2","1","3","5","3","4","15,13,12,1,10","4","3","1",NA,NA,NA,NA,"Because i think i have have a little much knowledge ",NA,"4","3","3","3","4","3","3","1",1,0,"44","60","78","89","48","75","4","0","4","27",NA,1
"129",129,"2","1",1,"5","25","17","5","1","1","4","1","3","1","1","1","1","1","1","1","1","1","4","4","4","4","1","3","4","12,15,18,17,16","4","4","2","3","2",NA,NA,"The group represent is like a Modi government.","I am not want a group represent like Rahul Gandhi.","4","4","4","4","2","4","4","3",1,0,"66","67","55","81","63","91","5","0","4","5","2017",1
"130",130,"3","1",2,"27","29","16","5","6","1","3","2","8","4","5","4","4","4","5","5","5","3","3","3","2","4","4","5","4","8,4,12,18,13","5","5","3",NA,NA,NA,NA,"I have potential to control the things","Nothing","5","2","5","5","5","4","5","3",1,0,"86","67","78","64","74","72","4","1","3","27","2012",1
"131",131,"2","1",2,"9","28","16","4","2","2","3",NA,"2","1","2","1","2","2","3","3","2","2","4","2","3","4","4","4","4","1,8,13,15,7","4","2","3",NA,NA,NA,NA,"I dont want to","Not the leader type","4","4","3","4","3","4","3","2",0,0,"81","71","79","70","82","65","4","0","4","9","2012",1
"132",132,"2","1",1,"5","20","15","4","1","1","4","2","6","1","1","1","3","1","1","1","1","1","1","1","1","4","4","5","5","15,6,8,18,4","5","5","4","3","2",NA,NA,NA,"Because I am a planer not worker ","5","5","5","5","5","5","2","4",1,0,"100","100","100","100","100","100","5","0","3","5","2019",1
"133",133,"3","1",1,"27","45","16","5","6","2","2",NA,"1","3","3","2","3","2","3","3","3","1","3","1","1","3","4","5","3","15,7,19,13,12","4","4","2",NA,NA,NA,NA,"Team leadership","na","3","3","3","3","3","3","3","2",0,0,"52","56","59","52","52","56","3","1","4","5","1989",1
"134",134,"3","1",2,"5","30","17","5","6","1","3","1","2","4","2","2","1","3","3","3","2","2","2","3","3","4","4","5","3","8,15,13,11,16","5","4","1",NA,NA,NA,NA,"Because its nice work for natin and great work for it",NA,"3","4","4","5","4","5","3","3",1,0,"74","78","68","82","80","68","4","1","3","5","2018",1
"135",135,"2","1",3,"27","21","15","5","6","1","3","2","5","2","1","2","1","1","1","1","3","1","1","1","2","2","2","4","5","18,16,15,12,17","5","5","1","2","3",NA,NA,"Because I have better knowledge of the topics and subject sociology. ",NA,"4","4","4","4","4","5","3","3",1,0,"69","85","89","82","63","73","5","0","4","27","2018",1
"136",136,"3","1",1,"27","20","17","2","1","1","3","2","1","1","2","1","1","2","2","2","2","1","2","2","1","2","3","5","5","16,15,8,4,13","5","5","1",NA,NA,NA,NA,"I think I have all the qualitys of group representative.",NA,"4","4","3","5","3","3","4","4",1,0,"100","90","83","79","76","100","5","1","3","27","2016",1
"137",137,"2","1",2,"5","57","17","5","6","2","2",NA,"6","3","3","3","3","3","3","3","3","1","2","2","1","2","4","5","4","12,18,13,19,16","5","5","1","3","2",NA,NA,"I have potential to lead the group and I have knowledge to lead my group at Ist position",NA,"5","4","4","4","5","4","5","1",1,0,"100","100","83","100","82","100","5","0","4","4","1988",1
"138",138,"2","1",2,"27","31","17","5","6","1","3",NA,"3","2","2","2","2","2","3","3","2","2","2","2","2","2","4","5","4","8,2,17,15,13","4","4","2","1","3",NA,NA,"Its a group survey thus I can lead it for better leadership","I have no problem whether i will be group leader or not","4","5","4","4","4","4","3","2",0,0,"70","70","70","71","70","70","4","0","4","27","2006",1
"139",139,"3","1",2,"5","30","17","2","1","2","4","3","7","1","1","1","1","1","1","1","1","4","4","4","4","4","5","5","5","8,16,17,18,15","5","5","1",NA,NA,NA,NA,"मुझे बहुत अनुभव है भूगोल का",NA,"5","5","5","5","5","5","5","4",1,0,"100","100","100","100","100","100","5","1","4","5","2010",1
"140",140,"3","1",3,"9","34","16","4","6","2","4",NA,"7","1","1","1","1","1","1","1","1","2","3","2","2","4","5","5","5","2,7,13,10,19","5","5","1",NA,NA,NA,NA,"I want to help my group in knowledge",NA,"5","5","5","5","5","5","3","4",1,0,"56","66","61","60","56","63","5","1","3","9","2008",1
"141",141,"2","1",1,"5","31","16","5","6","1","4","1","1","2","4","2","4","2","3","5","2","2","3","1","2","4","5","4","4","13,10,7,15,2","4","4","1",NA,NA,NA,NA,"Because I have a vast knowledge about geography",NA,"4","4","4","3","4","4","3","3",1,0,"74","61","70","68","65","62","3","1","4","5","2008",1
"142",142,"2","1",1,"27","30","17","3","7","1","3",NA,"3","2","2","2","3","3","2","2","3","1","2","2","1","1","4","4","5","7,13,14,19,9","5","5","1","2","3",NA,NA,"i want to have choice to put out my owns thoughts and ideas on the topic and help others with myself to earn more.",NA,"2","3","4","2","4","3","4","3",1,1,"85","86","90","80","64","60","4","0","3","27","2009",1
"143",143,"2","1",1,"5","26","16","4","6","1","4","2","1","2","2","1","2","2","2","1","4","2","4","1","2","4","5","4","4","4,9,16,15,13","4","4","2",NA,NA,NA,NA,"Because i am better","Hard","5","5","5","5","5","4","4","3",1,0,"69","74","37","30","61","45","4","1","4","5","2014",1
"144",144,"3","1",1,"27","27","16","5","6","2","4",NA,"4","3","3","2","3","2","2","3","3","4","1","2","2","2","5","5","5","12,8,7,4,6","4","5","1","2","3",NA,NA,"I think I will be confident to make the right choice",NA,"4","4","5","4","4","4","5","1",0,0,"89","88","76","67","30","10","2","1","4","27","2008",1
"145",145,"2","1",2,"27","29","17","5","7","1","3","2","9","2","2","2","2","2","2","2","2","3","4","2","2","4","3","4","5","2,7,12,17,15","5","5","1",NA,NA,NA,NA,"I am an outstanding leader",NA,"1","1","2","1","1","1","3","3",1,0,"94","92","96","91","92","93","5","0","4","27","2014",1
"146",146,"3","1",1,"27","23","16","5","6","1","3","2","6","3","3","1","2","1","3","2","2","1","3","2","1","3","5","2","4","2,15,10,19,4","4","5","1","3","2",NA,NA,"it should be about the right thing",NA,"3","5","5","4","3","4","4","4",1,0,"70","62","75","57","86","64","4","1","3","27","2015",1
"147",147,"2","1",2,"5","48","16","5","6","1","3",NA,"8","3","3","1","3","4","4","4","3","1","3","3","1","4","3","4","3","2,1,16,11,8","1","1","1",NA,NA,NA,NA,"I know little bit about the present subject.  It is a chance to give my thoughts and opinions through this media",NA,"5","2","4","3","4","3","3","3",1,1,"63","68","79","35","81","51","5","1","1","32","1995",1
"148",148,"2","1",2,"5","35","17","5","7","1","3","2","4","5","2","2","2","2","2","2","2","2","3","3","2","3","4","4","5","8,13,7,19,15","5","5","1","3","2",NA,NA,"im focussed and mature enough to represent a group and monitor and look for their best interest. ",NA,"4","4","4","4","2","2","3","4",1,0,"55","60","68","45","51","40","5","0","4","5","2003",1
"149",149,"2","1",2,"24","25","16","5","6","1","4","5","8","2","5","1","5","5","5","3","3","2","1","2","1","2","5","5","5","2,12,8,4,6","5","5","1",NA,NA,NA,NA,"i have good leadership skills and has good knowledge",NA,"4","4","5","5","5","5","3","4",1,1,"100","100","100","14","7","6","5","1","4","24","2012",1
"150",150,"3","1",2,"27","43","16","4","6","1","3",NA,"7","2","2","2","2","2","2","2","1","1","1","1","1","1","3","5","4","8,4,15,13,7","4","5","1",NA,NA,NA,NA,"I have faith in my ability",NA,"4","5","5","5","5","4","3","2",1,0,"94","100","95","82","80","50","4","1","4","29","1995",1
"151",151,"2","1",3,"5","26","16","5","3","1","3","2","10","1","3","1","2","3","3","2","4","4","3","2","4","4","1","5","5","4,5,13,10,15","4","4","1",NA,NA,NA,NA,"Group representative is a good work and I want to socially connect with others.",NA,"2","3","4","4","5","5","3","3",1,0,"91","91","93","75","62","71","4","0","2","5","2017",1
"152",152,"2","2",1,"27","27","16","5","5","1","2","14","4","1","1","1","1","1","1","2","1","2","3","3","2","3","4","5","5","1,14,7,19,13","4","4","2",NA,NA,NA,NA,"i just want to help community whatever knowledge i have i want to share with them.","some one more capable or knowledgeable than me will be better.","5","4","5","4","4","5","4","3",1,1,"58","57","55","56","56","56","4","1","4","27","2012",1
"153",153,"3","1",3,"27","35","15","5","6","1","4","5","10","2","4","4","5","4","1","4","3","4","4","3","3","3","5","3","5","13,5,10,7,3","5","3","1",NA,NA,NA,NA,"It is a little late but I'll try to get the info",NA,"5","3","5","5","2","3","5","4",1,0,"62","21","99","44","91","84","5","0","3","27","2017",1
"154",154,"3","2",3,"5","42","13","1","4","2","3","2","10","2","2","2","2","2","2","2","3","2","3","2","2","3","3","5","4","9,5,10,18,16","4","5","1",NA,NA,NA,NA,"I like it. ",NA,"3","3","3","4","4","3","3","3",1,0,"80","74","74","81","87","87","1","0","3","5","2001",1
"155",155,"3","1",2,"9","49","17","5","3","1","3","2","7","3","3","2","4","3","5","2","3","1","3","3","4","4","5","4","5","12,15,18,19,7","5","5","1",NA,NA,NA,NA,"Because I have good knowledge about geography and I also have good leading skills",NA,"5","5","5","5","5","5","1","4",1,0,"89","97","90","19","30","5","5","1","4","9","1989",1
"156",156,"3","2",1,"5","25","16","4","1","1","3","1","8","2","2","2","1","2","5","5","1","1","4","2","2","3","5","4","5","11,10,12,2,8","2","1","2",NA,NA,NA,NA,"I want to be the representative because i know i will make the fair decision without being biased.","I do not want to be first in line because i feel it will be little difficult to choose.","4","4","4","4","4","3","5","3",1,1,"52","53","52","53","54","55","5","1","4","5","2020",1
"157",157,"2","1",2,"27","59","16","4","4","1","4","14","10","3","2","2","3","2","3","2","3","1","4","3","1","3","2","5","5","2,12,8,4,19","5","5","1",NA,NA,NA,NA,"I believe I have the requisite knowledge to answer all the questions came first in geography in school.",NA,"5","5","5","4","5","5","2","4",1,0,"50","25","70","80","50","25","5","0","4","27","1977",1
"158",158,"2","1",3,"9","48","17","5","7","2","2","2","2","3","3","3","3","3","3","3","3","2","2","2","1","3","4","5","4","13,7,12,15,18","4","4","2",NA,NA,NA,NA,"I have been leader of the discussion groups at school and college level","As the group members are from diverse location and may be diverse background it is good to have one of them as representative and know about their views first","3","3","3","4","3","3","4","2",1,1,"50","60","50","50","50","50","4","1","4","9","1988",1
"159",159,"2","1",2,"9","27","17","5","1","2","3","1","8","3","3","2","3","3","3","3","2","2","3","2","2","3","3","5","4","13,14,4,5,7","5","5","1",NA,NA,NA,NA,"I just want to make sure towards group to qualify task.",NA,"5","5","4","5","4","4","5","3",1,1,"69","69","63","50","49","44","4","0","4","9","2012",1
"160",160,"2","1",3,"9","37","16","3","6","2","3","2","6","1","3","1","2","2","1","1","1","3","4","4","4","3","5","4","5","18,15,17,19,16","4","5","1","2","3",NA,NA,"Very good experience ",NA,"5","4","5","5","5","4","4","4",1,0,"81","100","100","95","95","100","5","0","3","10","1990",1
"161",161,"3","1",2,"9","44","16","1","7","2","2","2","10","2","2","1","5","4","2","1","5","4","1","1","1","4","1","5","5","4,8,12,17,7","5","5","1",NA,NA,NA,NA,"Geography was one of my favorite subject in school",NA,"5","5","5","4","5","5","5","1",0,0,"50","50","29","48","50","59","5","1","4","9","1988",1
"162",162,"2","1",1,"5","23","17","5","3","1","4","2","1","2","3","2","3","2","3","2","2","3","2","3","3","4","5","4","5","8,13,14,15,7","4","4","1",NA,NA,NA,NA,"I want to be group representative to ensure the partners fund and make them free from cheat and also provide their basic role which they had to play ",NA,"4","4","4","4","4","4","4","4",1,0,"45","48","60","50","75","40","4","1","4","5","2010",1
"163",163,"2","2",1,"24","21","16","3","6","2","3","12","8","3","2","5","1","3","3","5","1","2","4","3","3","4","5","5","4","19,13,11,7,5","5","4","1",NA,NA,NA,NA,"Im capable for it.",NA,"4","1","4","3","4","1","5","3",1,0,"8","9","9","90","100","95","5","0","3","24","2019",1
"164",164,"2","2",3,"9","27","17","5","6","2","4","2","8","1","1","2","1","1","1","1","1","3","4","3","4","4","5","1","1","11,15,9,5,13","1","1","1",NA,NA,NA,NA,"Because I am the leader",NA,"1","1","3","2","1","3","3","4",1,0,"53","54","89","79","65","87","1","1","3","9","2016",1
"165",165,"3","1",2,"27","36","17","4","6","1","3","2","2","3","3","1","3","3","3","3","3","1","2","2","1","1","3","3","3","4,8,10,13,15","3","3","1",NA,NA,NA,NA,"He is very amazing and outstanding",NA,"3","3","3","3","3","3","3","3",1,0,"49","56","53","56","57","56","3","0","3","27","2001",1
"166",166,"2","1",1,"27","29","17","4","6","1","3","2","7","3","2","2","3","3","3","3","3","3","1","1","1","1","2","5","5","13,7,12,17,18","5","4","1",NA,NA,NA,NA,"Just Like Class Monitor ",NA,"5","4","5","4","4","4","3","3",1,1,"86","64","51","97","36","70","5","1","3","9","2011",1
"167",167,"2","1",1,"9","50","17","5","6","1","4","2","3","2","2","1","3","3","2","1","3","2","3","3","3","2","4","5","5","13,1,7,14,3","5","5","1","2","3",NA,NA,"Because i know that i can do it and represent smoothly and i am keader",NA,"4","3","4","3","4","4","4","2",1,0,"87","76","88","20","20","22","5","1","4","9","1995",1
"168",168,"2","1",3,"9","53","16","4","6","1","3",NA,"7","2","2","2","2","3","3","2","2","1","2","1","1","2","3","4","4","15,5,2,14,4","4","4","2",NA,NA,NA,NA,"I am confident","I am confident","3","4","4","4","4","4","4","4",1,0,"41","39","65","62","35","53","4","1","2","27","1984",1
"169",169,"3","1",3,"27","31","17","5","6","1","3","1","7","2","4","1","4","2","4","4","1","4","3","2","1","4","5","5","4","7,8,4,16,11","4","4","2",NA,NA,NA,NA,"I am great","Work load","5","5","5","5","5","5","5","4",1,0,"68","45","43","52","28","31","5","1","4","27","2009",1
"170",170,"2","2",2,"5","26","17","5","6","1","3","5","6","1","2","2","1","2","2","4","3","2","3","3","1","4","5","5","5","15,13,7,2,10","5","4","1",NA,NA,NA,NA,"Because I feel India's geography is very diverse and beautiful.Learning about it would make us more proud.",NA,"4","4","4","4","4","3","4","3",1,1,"50","50","60","50","50","35","5","0","4","5","2013",1
"171",171,"2","1",3,"27","25","17","5","7","2","3",NA,"4","3","3","3","3","3","3","4","3","2","2","2","2","4","5","5","5","2,6,8,13,7","4","4","4","2","1",NA,NA,NA,"I don't want to be blamed in the end.","3","3","3","2","4","3","4","3",0,0,"100","100","100","50","50","50","5","0","3","27","2013",1
"172",172,"2","1",2,"27","33","16","5","7","1","4","2","9","3","1","1","1","1","1","1","1","1","1","1","1","1","4","5","5","4,8,2,12,18","5","5","1",NA,NA,NA,NA,"Because i want to lead group",NA,"4","3","2","2","5","1","4","4",1,0,"100","93","90","45","52","39","5","0","4","27","2009",1
"173",173,"3","1",3,"27","23","16","4","6","2","3","2","7","2","3","1","2","2","3","2","1","3","3","3","2","2","5","2","4","5,6,12,10,9","5","4","2",NA,NA,NA,NA,"It seems good","Don't know","3","4","5","5","5","4","5","4",1,0,"65","84","42","87","44","60","4","0","4","27","2016",1
"174",174,"3","1",3,"27","38","16","5","6","2","3","2","2","5","5","2","2","2","2","3","2","3","3","3","3","1","4","4","4","18,8,13,1,15","4","4","1",NA,NA,NA,NA,"I am having a great knowledge in geography and social science ",NA,"3","3","4","3","4","4","1","3",1,0,"85","88","91","84","86","89","4","1","4","9","2003",1
"175",175,"2","1",3,"27","37","17","5","6","1","2",NA,"4","2","2","1","3","3","3","3","3","1","2","1","1","2","3","5","4","13,12,18,17,4","5","5","1","3","2",NA,NA,"I think I have best knowledge and interest in it.",NA,"4","3","4","4","4","4","4","3",1,1,"53","52","54","53","48","52","5","1","4","27","2004",1
"176",176,"2","2",1,"9","22","13","4","6","1","3",NA,"8","3","2","3","3","3","3","3","3","1","2","2","1","1","4","4","5","15,18,13,19,7","4","4","1",NA,NA,NA,NA,"Cause I think I could potentially know the answer and would take the responsibility of the group",NA,"4","3","4","4","3","3","5","2",1,0,"50","50","60","51","50","55","5","1","4","9","2018",1
"177",177,"2","1",2,"9","18","13","3","6","1","3",NA,"6","3","1","1","2","3","3","2","4","3","3","3","2","4","5","4","5","19,14,8,7,13","5","5","3","3","1",NA,NA,"i know how take best from the people and without giving them that pressure","because if anything go wrong you have to take all the responsibilites of the flaus that you haven't done","1","2","4","4","3","2","4","3",1,0,"73","77","74","48","51","87","5","0","4","9","2020",1
"178",178,"2","1",1,"27","26","17","4","6","1","3","14","4","4","1","2","3","2","2","2","2","1","1","1","1","2","5","3","5","19,13,14,7,9","3","3","2","3","1",NA,NA,"I don't want","I think i am not capable","4","3","3","4","4","3","4","2",1,1,"99","92","100","57","66","66","5","0","4","27","2015",1
"179",179,"2","2",2,"5","34","17","5","6","1","4","5","9","1","1","1","1","1","1","5","1","1","3","4","1","4","3","4","2","10,11,15,7,19","5","5","1",NA,NA,NA,NA,"I ALWAYS WANTED TO BE LEADER AND MANY TIMES I HAVE PROVED IT RIGHT BY WINNING THE STREAK",NA,"4","4","1","5","5","2","5","4",1,1,"50","50","50","50","50","60","5","0","4","5","2005",1
"180",180,"2","1",3,"9","20","17","1","3","1","1",NA,"7","4","2","3","2","3","3","3","2","1","2","2","1","1","5","5","4","2,11,13,8,10","4","4","1",NA,NA,NA,NA,"I think, I'm better than others ",NA,"4","3","4","3","3","4","4","1",0,0,"48","71","42","67","67","73","4","1","3","9","2016",1
"181",181,"2","2",1,"27","24","16","3","3","1","3",NA,"2","1","1","1","1","1","1","1","1","1","1","1","1","1","2","4","5","13,15,5,16,12","3","2","2",NA,NA,"2","3","i don,t have that much knowledge","i don,t have that much knowledge","4","4","5","4","3","3","4","3",1,0,"78","58","71","90","87","88","5","0","3","27","2017",1
"182",182,"2","1",2,"24","32","17","5","6","1","4","5","2","2","4","2","2","2","2","5","2","2","3","2","3","2","5","5","5","15,7,13,4,8","5","5","1",NA,NA,NA,NA,"It would be great if i become the group representative as i will get the opportunity to lead my team and together complete the study smoothly. Also i will treat my partners contribution equal to my contribution.",NA,"3","3","4","4","4","4","4","3",1,0,"80","80","100","70","54","71","5","1","4","5","2005",1
"183",183,"3","1",3,"5","38","14","5","6","2","3","2","1","3","3","3","3","3","3","3","2","2","2","2","1","1","3","5","4","7,19,12,15,4","3","4","1",NA,NA,NA,NA,"To lead",NA,"4","3","5","3","4","4","4","3",1,0,"50","80","45","45","33","45","3","0","4","5","2002",1
"184",184,"2","1",2,"5","35","17","5","6","1","4",NA,"10","4","3","5","2","1","2","2","3","3","3","3","2","3","4","5","5","13,4,15,7,6","5","4","1",NA,NA,NA,NA,"GROUP REPRESENTATIVE INSTILLS A GREAT SENSE OF RESPONSIBILITY AND PLEASURE ",NA,"4","4","4","4","4","3","5","4",1,0,"78","77","91","77","87","68","5","1","3","5","1996",1
"185",185,"2","1",3,"27","26","16","4","3","2","2",NA,"4","3","2","2","3","3","2","3","3","1","3","2","1","2","4","4","3","7,19,15,18,14","3","3","2","3","1",NA,NA,"Because I think I know our geography well and I can choose the correct answers.","Because I'm not sure if I'm worthy or it or not.","4","4","4","2","4","3","4","1",0,0,"67","49","68","70","52","42","4","1","3","27","2010",1
"186",186,"3","1",1,"27","25","17","4","6","3","1","2","8","5","2","1","3","3","1","2","3","2","2","3","2","3","1","5","5","13,15,7,4,8","1","1","2",NA,NA,NA,NA,"group representative are such the all informathin due to the all students","The group representative group are allocated to such the students..","2","2","3","1","3","1","1","2",1,0,"97","92","83","56","75","78","1","1","2","27","2013",1
"187",187,"2","2",1,"27","41","16","5","6","1","1","6","4","3","2","2","1","2","2","4","3","2","4","4","1","4","2","5","4","13,14,7,15,10","4","4","1",NA,NA,NA,NA,"To take fair decisions and manage things better.",NA,"4","4","4","4","4","4","2","2",1,0,"69","63","68","76","72","71","3","0","4","27","1997",1
"188",188,"2","1",2,"24","34","16","3","7","1","2",NA,"5","3","3","3","3","3","3","3","3","1","2","1","1","2","3","4","3","7,19,13,14,8","3","4","2","2","3",NA,NA,"have good leadership skill and have good knowlede","want to do something for this group ","3","3","4","4","3","4","3","2",1,1,"82","86","82","60","63","66","3","0","2","24","2002",1
"189",189,"3","1",2,"5","35","17","2","1","2","4","3","1","1","1","1","1","1","1","1","1","4","4","4","4","4","5","5","5","16,17,15,18,12","5","5","1",NA,NA,NA,NA,"मुझे इस काम का बहुत अनुभव है और मैं इसे करने में रुचि रखती हूं ",NA,"5","5","5","5","5","5","5","4",1,0,"100","100","100","100","100","100","5","1","4","5","2012",1
"190",190,"2","1",2,"9","21","13","4","5","3","2",NA,"9","3","3","3","4","3","3","3","3","1","1","1","3","2","3","4","4","12,13,4,14,7","3","3","4",NA,NA,NA,NA,NA,"I am not ready for it","3","3","4","3","3","3","3","2",0,0,"52","54","53","32","32","29","4","0","3","9","2020",1
"191",191,"3","1",3,"24","22","16","4","6","1,2","2",NA,"1","1","1","1","4","4","2","3","3","4","3","3","4","4","4","4","5","7,4,13,14,16","4","4","1",NA,NA,NA,NA,"I'll like leading any type of work.i have supper leadership power.",NA,"3","3","3","3","3","3","3","2",0,0,"50","49","54","53","48","53","3","0","3","24","2018",1
"192",192,"2","1",2,"27","20","16","3","6","1","2",NA,"5","3","2","1","2","1","3","1","1","3","3","3","2","2","1","3","5","15,4,12,13,8","5","4","1","2","3",NA,NA,"I have good leadership skills ",NA,"4","3","3","4","4","2","3","2",1,0,"47","81","18","47","35","60","3","1","4","27","2016",1
"193",193,"2","1",1,"24","22","16","4","3","1","4","2","8","2","2","1","3","2","3","2","3","1","3","2","2","1","2","5","5","6,2,4,8,11","5","5","1",NA,NA,NA,NA,"I have leadership quality",NA,"4","3","5","3","3","4","4","4",1,0,"73","82","95","56","59","67","5","0","4","24","2015",1
"194",194,"2","1",3,"27","24","15","4","6","1","2","2","10","4","3","1","3","2","3","1","4","2","2","1","2","4","5","5","5","13,11,15,18,19","5","5","1",NA,NA,NA,NA,"As according to my knowledge in my past i was a good student in social science sectors .",NA,"4","5","5","2","5","4","2","2",1,0,"50","61","85","52","59","64","4","0","4","27","2016",1
"195",195,"2","1",1,"5","50","17","5","7","2","4","2","7","3","2","2","2","2","2","2","2","1","1","1","1","1","5","5","5","7,19,13,14,15","5","5","1",NA,NA,NA,NA,"I have full confidence in me and I can represent the group",NA,"5","4","5","5","4","5","2","2",0,1,"50","75","50","50","48","50","4","1","4","4","1989",1
"196",196,"3","1",2,"27","37","17","5","3","1","3","2","4","3","2","1","2","3","4","2","3","2","1","1","1","4","4","5","5","2,4,8,6,13","5","5","2","2","3",NA,NA,"I need to post some of my thoughts about nation","no reason","4","4","4","5","5","5","4","2",1,0,"100","100","100","5","7","4","3","0","4","27","2001",1
"197",197,"2","1",3,"27","28","17","5","7","1","3",NA,"1","3","3","1","3","1","3","3","3","3","4","2","2","4","1","4","4","13,7,4,1,19","5","5","1",NA,NA,NA,NA,"Firm grasp and attention to details on academic subjects coupled with fair assessment of group participants",NA,"2","3","2","3","1","1","4","3",1,0,"50","51","60","51","50","40","5","0","4","27","2008",1
"198",198,"2","1",3,"5","44","16","5","7","2","1",NA,"6","1","2","1","2","2","2","3","3","1","2","1","1","3","4","5","5","2,18,11,7,12","5","5","1","2","3",NA,NA,"I like the leadership very much",NA,"5","4","5","5","5","5","5","3",1,1,"100","100","100","74","87","86","5","1","3","5","1998",1
"199",199,"3","1",3,"9","59","17","4","6","2","4","2","6","3","3","3","3","3","3","3","3","4","1","1","3","4","5","1","5","1,8,13,12,17","5","5","1","2","3",NA,NA,"I have life experience, skills and knowledge to answer correctly and I am a born leader and lead from the front be it any situation.",NA,"5","4","3","4","4","4","3","3",1,1,"90","30","80","30","30","30","1","1","4","9","1979",1
"200",200,"2","2",2,"27","31","17","5","6","1","3","2","1","1","1","1","1","1","1","1","1","1","1","1","1","1","5","5","5","13,15,8,2,16","5","5","1",NA,NA,"3","2","Group representative are the best ",NA,"5","5","5","4","4","5","4","3",1,0,"100","100","91","100","100","100","4","1","3","27","2008",1
"201",201,"3","1",1,"9","20","12","5","6","1","1",NA,"2","4","2","1","2","2","2","1","1","1","4","3","1","3","4","3","4","13,7,15,19,14","3","4","1",NA,NA,NA,NA,"I want to earn and I can understand geography well.",NA,"5","3","3","4","5","3","2","1",0,0,"51","8","100","50","10","70","3","1","4","9",NA,1
"202",202,"2","1",1,"24","31","17","5","1","1","4","3","7","1","1","1","1","1","1","5","1","4","4","4","4","4","5","5","5","7,13,15,1,8","5","5","2",NA,NA,NA,NA,"
Kyuki mai achhi tarh sabhi savalo ke javab dunga bhut hi soch vichar ke","Mai to banna chata h app banaye to","5","5","5","5","5","5","5","4",1,1,"87","100","99","86","79","100","5","1","4","24","2006",1
"203",203,"3","1",1,"9","30","17","5","7","1","4","2","9","2","3","2","3","3","3","1","3","2","1","1","2","2","4","5","5","12,17,13,14,7","5","5","1",NA,NA,NA,NA,"Because I believe I have enough knowledge and I am paying enough attention to perform this study as a group representative. ",NA,"4","4","4","5","4","4","4","2",1,0,"78","71","73","43","46","19","4","1","4","9","2007",1
"204",204,"2","1",1,"27","34","16","5","6","1","3","1","9","3","1","1","1","1","1","3","1","2","4","3","1","4","2","2","5","13,19,7,14,9","5","5","1",NA,NA,NA,NA,"I want to he the group representative because I think I have decent knowledge about the selected topic. ",NA,"5","5","5","5","5","4","1","1",1,0,"50","90","85","80","90","40","5","1","4","27","2004",1
"205",205,"2","1",3,"27","27","17","5","7","1","2",NA,"6","3","3","1","4","2","3","2","3","4","3","3","2","2","5","4","4","2,11,6,4,8","4","3","1","2","3",NA,NA,"Group can describe better way to understand ",NA,"5","4","5","5","5","4","4","4",1,0,"88","78","67","88","88","62","3","0","2","27","2010",1
"206",206,"2","1",1,"9","34","16","3","7","1","2",NA,"8","4","1","1","5","5","3","2","3","2","3","3","4","4","5","1","5","11,12,19,15,18","4","4","1",NA,NA,NA,NA,"Mujhe lagta hai mai isme accha kar sakta hu .",NA,"5","4","4","5","4","4","4","2",1,0,"84","81","83","80","92","85","4","1","4","9","2008",1
"207",207,"2","1",2,"9","24","15","5","6","1","1",NA,"3","3","2","1","2","2","2","2","3","2","3","2","2","3","4","5","5","4,13,8,10,6","4","4","1","1","2",NA,NA,"So that I can encourage other group members. ",NA,"3","4","3","4","4","5","5","1",1,0,"75","90","80","30","30","45","4","0","3","5","2018",1
"208",208,"2","1",3,"27","21","16","4","3","2","3",NA,"1","3","3","2","3","3","3","3","3","2","2","1","4","2","4","4","5","13,7,16,15,17","5","5","1",NA,NA,NA,NA,"i have good leadership qualities",NA,"4","4","4","5","3","3","4","1",0,0,"64","50","75","61","51","64","4","0","4","27","2019",1
"209",209,"2","1",2,"9","27","16","1","3","1","2","2","2","4","1","1","1","1","1","1","1","1","1","1","1","1","4","4","4","8,13,12,14,7","2","1","2",NA,NA,NA,NA,"में मुख्य हू","मेरी इच्छा","4","5","4","5","5","5","4","1",1,0,"82","43","89","63","85","75","5","1","4","36","2010",1
"210",210,"2","1",1,"27","47","16","4","7","2","4",NA,"10","5","2","1","3","3","3","3","3","4","2","2","2","4","4","5","5","6,8,13,14,7","4","3","1",NA,NA,NA,NA,"मैं समूह का प्रतिनिधियों को पसंद करता हूँ, और समूह शामिल हूँ इसीलिए मुझे सबसे अधिक अंक प्राप्त होने पर समूह का प्रतिनिधि मैं बन सकता हु.",NA,"4","4","4","3","5","5","4","3",1,0,"55","55","55","20","20","20","4","0","4","9","1993",1
"211",211,"2","1",3,"5","28","17","4","3","2","3","2","5","3","3","2","3","2","3","2","3","1","2","1","1","2","2","3","5","11,16,15,13,9","5","5","1","3","2",NA,NA,"because i have very good leadership qualities.",NA,"5","4","5","5","4","4","4","3",1,0,"91","87","94","98","87","90","5","0","3","5","2010",1
"212",212,"3","1",2,"5","20","15","2","6","1","3","2","3","4","3","3","3","3","3","3","3","2","4","3","1","4","4","5","5","8,7,18,15,19","3","5","1","2","3",NA,NA,"I want to become a group representative because i think the choices i make will be beneficial for our group as whole in the end of the survey. ",NA,"3","3","4","3","2","3","4","3",1,1,"60","80","60","60","60","60","5","1","4","5","2019",1
"213",213,"2","1",2,"27","33","17","4","6","1","4","2","6","3","2","1","3","1","2","1","2","1","1","1","1","2","5","5","5","13,7,4,19,8","5","4","1","2","3",NA,NA,"I am much confident that i can lead a team",NA,"4","4","4","4","3","3","4","4",1,0,"95","100","100","85","75","80","4","0","4","27","2002",1
"214",214,"3","1",1,"27","37","17","5","3","1","3","2","10","2","2","1","3","3","3","2","2","1","2","2","1","4","5","5","5","6,1,4,8,2","5","5","1",NA,NA,NA,NA,"i want to share my opinion about nation with others",NA,"5","5","5","4","4","4","4","2",1,0,"100","100","100","12","6","10","4","0","4","27","2001",1
"215",215,"2","1",2,"27","25","17","5","6","2","3","2","4","4","2","1","2","2","2","2","3","1","3","3","2","4","4","5","5","15,16,19,18,13","3","4","1","2","3",NA,NA,"From my childhood i represened my class my school and many groups went for educational activities like science Congress, science exhibitions, seminars and quizzes etc.., that's why I want to represent here also and willing to use my plenty of experience.",NA,"4","4","4","4","3","3","2","2",1,0,"50","85","65","70","50","40","5","1","4","28","2013",1
"216",216,"2","1",3,"9","23","16","5","3","1","4","4","1","1","2","1","2","2","1","2","1","1","3","2","1","3","4","1","1","15,13,12,11,18","1","1","1",NA,NA,NA,NA,"Because i m good at sociology. ",NA,"4","4","4","3","3","4","3","3",1,0,"81","84","99","71","78","80","5","1","4","9","2015",1
"217",217,"2","1",1,"9","24","17","1","6","1","4","2","4","3","1","1","1","1","1","1","5","1","1","1","1","1","5","3","5","11,12,15,17,18","5","5","1","3","2",NA,NA,"To take correct decision.",NA,"5","5","5","5","5","5","3","4",1,1,"100","100","100","100","100","82","5","0","4","9","2012",1
"218",218,"3","2",1,"9","18","13","5","6","1","1",NA,"8","1","1","1","1","1","1","1","1","2","4","3","2","4","4","4","4","11,16,12,1,6","4","4","2",NA,NA,NA,NA,"I want to be representative because I m potential with my subject","No reason","4","4","4","4","3","4","2","1",0,0,"52","87","45","74","83","46","4","0","4","9","2020",1
"219",219,"3","2",1,"27","38","15","5","3","1","4","1","9","1","2","4","1","1","1","5","1","2","4","4","2","2","5","5","5","10,1,13,15,6","5","5","1",NA,NA,NA,NA,"Please open school Modi G",NA,"5","5","4","5","5","4","5","4",1,0,"100","94","90","100","99","93","5","0","3","27","1981",1
"220",220,"2","1",3,"5","30","17","5","6","1","4","1","8","1","1","1","1","1","1","1","1","1","1","1","1","1","3","5","5","11,10,5,4,15","5","5","1",NA,NA,NA,NA,"I want to be a group Representative because i was the Social science Topper of My time ",NA,"4","4","3","3","2","2","4","3",0,0,"50","50","90","50","50","92","5","1","4","5","2003",1
"221",221,"3","1",2,"9","22","16","1","3","1","3",NA,"10","3","1","1","2","2","1","3","3","1","1","1","3","3","4","4","4","2,11,12,15,16","4","4","1",NA,NA,NA,NA,"Kunki pratinidhi ki pasand ka pahla chuna jayega ",NA,"4","4","4","4","4","4","4","4",1,0,"43","87","80","71","69","59","5","0","4","9","2016",1
"222",222,"2","1",2,"5","28","17","5","6","1","4","2","1","1","1","1","1","1","1","1","1","1","2","1","1","1","5","2","5","2,8,12,18,16","2","2","1",NA,NA,NA,NA,"no any reason",NA,"2","2","2","2","2","2","1","3",1,1,"59","60","61","82","82","83","5","1","4","5","2011",1
"223",223,"2","1",3,"27","20","16","4","7","1","2",NA,"1","1","5","3","4","2","5","3","4","2","3","1","1","2","4","5","4","12,18,7,17,4","5","5","1",NA,NA,NA,NA,"I am want to be representative because i am good in sociology.",NA,"3","4","5","4","5","2","2","2",1,0,"20","83","56","37","67","36","4","0","4","27","2019",1
"224",224,"3","1",1,"27","29","17","5","6","1","3","2","4","3","3","1","3","5","3","1","3","1","1","1","1","1","5","5","5","4,13,7,14,6","5","5","1","2","3",NA,NA,"remembering old school days and memories",NA,"5","5","5","5","5","5","5","4",1,0,"100","100","100","11","12","4","5","0","3","24","2015",1
"225",225,"3","2",2,"5","19","13","4","3","1","2",NA,"7","2","1","1","1","1","1","5","1","1","4","2","1","4","3","4","5","10,5,11,16,7","4","3","1",NA,NA,NA,NA,"the subject which i choose right now im confident about i have enough knowledge to ans related to it.and i also want help other to earn easily.",NA,"2","2","2","5","3","2","5","1",0,0,"50","49","49","51","50","71","4","0","3","5","2020",1
"226",226,"2","1",3,"27","29","17","5","6","1","4","2","7","3","3","2","3","3","3","1","3","1","1","1","1","1","5","5","5","4,2,7,8,13","5","5","1",NA,NA,NA,NA,"because remember old memories and school life",NA,"4","5","4","5","4","5","5","4",1,1,"100","100","100","0","0","0","5","0","3","27","2014",1
"227",227,"2","1",3,"27","35","16","4","6","1","3","2","2","2","2","1","2","3","2","1","2","2","3","3","2","3","5","5","5","12,18,4,8,7","5","5","1",NA,NA,NA,NA,"My group represent India and Indian religions.",NA,"5","5","5","1","5","5","4","4",1,1,"50","63","64","41","51","43","5","1","3","27","2011",1
"228",228,"2","1",3,"27","23","16","2","6","1","2",NA,"5","3","2","1","2","2","3","3","4","4","3","2","2","2","1","1","1","13,15,8,4,1","1","3","2","3","2",NA,NA,"for motivation ","anxiety","4","4","2","2","4","5","3","2",1,0,"44","43","69","40","24","30","1","1","4","27","2015",1
"229",229,"2","1",2,"5","30","17","5","7","1","3","2","7","2","3","1","3","2","1","1","3","4","3","2","3","4","5","4","5","12,4,15,13,8","5","5","1",NA,NA,NA,NA,"GEOGRAPHICAL TOPIC",NA,"4","4","5","5","4","3","4","4",1,1,"70","80","98","70","75","80","5","0","4","5","2010",1
"230",230,"2","1",2,"5","25","16","5","6","1","4","2","7","2","1","1","2","1","3","2","1","2","3","4","1","4","4","5","4","16,6,2,5,4","5","5","1",NA,NA,NA,NA,"I think i am one of the smartest and almost know everything about india's history",NA,"4","5","4","5","5","4","4","4",1,0,"43","30","79","17","26","49","5","0","2","5","2016",1
"231",231,"2","1",3,"5","35","16","2","6","1","3","2","5","3","3","1","3","2","4","1","4","1","3","1","1","4","4","4","5","11,19,15,8,13","5","4","1","2","3",NA,NA,"I am a good representative and disciplined",NA,"2","5","4","3","4","2","2","4",1,0,"83","51","92","66","34","73","4","1","4","5","2003",1
"232",232,"3","1",1,"5","25","17","4","3","1","3","5","8","3","3","3","3","3","3","3","3","2","3","1","1","4","5","4","5","13,10,15,1,7","4","4","3",NA,NA,NA,NA,"I inhibit the leadership skills","Sometimes it causes turmoil due to difference in choices","3","3","4","4","2","2","4","3",1,0,"50","59","85","49","46","50","5","0","4","5","2013",1
"233",233,"3","2",1,"27","38","15","4","1","1,2,3","4","2","2","4","4","5","5","5","5","5","5","3","3","4","4","4","5","5","5","4,7,6,17,14","5","5","4",NA,NA,"2","1",NA,"School is a very good","5","5","5","5","5","5","5","4",1,0,"100","91","100","100","100","100","5","0","3","27","2019",1
"234",234,"2","1",1,"27","38","16","5","6","1","3","2","7","2","2","1","5","4","3","1","4","1","2","2","2","3","4","4","4","19,14,15,18,13","5","5","1",NA,NA,NA,NA,"I like to lead this group as I am sure I will win",NA,"4","4","4","4","5","4","2","3",1,1,"65","70","85","70","60","50","5","1","4","27","2003",1
"235",235,"3","2",3,"27","38","15","4","1","1,2,3","4","2","9","5","5","5","5","5","4","4","5","4","4","4","4","4","5","5","5","4,5,11,10,15","5","5","1",NA,NA,NA,NA,"School is a very good",NA,"5","5","5","5","5","5","5","4",1,0,"100","98","99","97","99","97","5","0","2","27","2019",1
"236",236,"3","1",3,"27","36","17","4","6","1","3","2","3","3","2","2","3","2","3","2","3","1","2","2","1","1","3","5","3","4,8,13,2,15","3","3","1","1","3",NA,NA,"He is very amazing",NA,"4","4","4","5","4","4","4","4",1,0,"50","52","56","47","47","42","3","1","3","27","2002",1
"237",237,"2","1",2,"9","25","17","3","1","1","3",NA,"2","2","2","1","2","2","1","3","2","3","2","4","1","2","4","4","5","15,18,13,19,17","5","4","1",NA,NA,NA,NA,"Because I have good leadership skills",NA,"4","4","4","5","4","4","2","2",1,0,"76","84","66","74","65","78","5","0","4","9","2014",1
"238",238,"3","1",3,"27","21","16","4","7","1","3","2","10","2","2","2","2","2","2","2","2","3","4","3","2","4","4","4","4","19,7,14,13,8","4","4","1",NA,NA,NA,NA,"I have leadership skills, and i know i can be a good representative.",NA,"3","3","4","4","4","4","5","3",1,0,"79","80","79","82","80","80","4","1","3","27","2015",1
"239",239,"2","1",2,"5","30","15","5","6","1","4","2","6","1","1","1","1","1","1","1","3","2","3","2","2","4","1","2","1","12,8,2,4,7","1","1","2","2","3",NA,NA,"I am good at it. ","I may falter their earnings. ","1","1","1","1","1","3","3","4",1,1,"72","75","94","85","55","69","1","1","4","5","2008",1
"240",240,"2","1",2,"9","22","16","3","3","1","3","2","3","2","2","2","2","2","2","2","2","3","3","2","4","3","1","4","2","16,7,12,4,15","2","5","1","2","3",NA,NA,"I CAN LEAD THEM BETTER
",NA,"4","5","3","3","4","4","4","3",1,1,"88","75","77","87","90","82","4","1","4","9","2017",1
"241",241,"2","1",1,"9","40","17","4","7","2","3","2","4","2","1","2","2","2","2","2","3","2","2","2","2","2","4","4","4","8,13,14,7,19","4","4","1","2","3",NA,NA,"united ",NA,"4","4","4","4","4","4","2","3",1,0,"60","66","53","71","67","66","4","0","3","9","2000",1
"242",242,"2","1",3,"27","38","17","5","4","1","4","2","10","3","3","2","3","3","3","3","3","1","1","1","1","3","2","4","4","4,6,18,8,13","5","4","1",NA,NA,NA,NA,"To know my own abilities and skills for improving oneself",NA,"3","3","3","4","4","3","4","3",1,0,"93","98","97","93","83","86","4","1","2","27","2007",1
"243",243,"3","1",3,"27","21","16","5","6","1","2",NA,"6","3","3","3","3","3","3","3","3","1","2","1","1","3","3","5","5","7,19,8,14,13","4","4","1","3","2",NA,NA,"NOTHING AS SUCH.",NA,"3","3","1","1","3","3","3","1",0,0,"48","45","90","54","48","70","1","1","3","27","2019",1
"244",244,"3","2",2,"5","18","13","5","1","1","4","2","7","1","3","3","1","3","4","1","2","3","4","3","4","4","5","5","5","6,1,18,12,16","5","5","1",NA,NA,NA,NA,"All over good ",NA,"5","5","5","5","5","5","5","4",1,0,"84","43","93","100","96","100","5","1","3","5","2013",1
"245",245,"3","1",3,"5","35","17","5","6","1","4","2","4","2","2","2","2","2","2","2","2","1","1","1","1","1","5","4","5","12,2,11,4,18","5","5","1","2","3",NA,NA,"Because I give good answer ",NA,"4","4","4","4","4","4","4","3",1,0,"100","100","95","92","84","87","4","0","4","5","2003",1
"246",246,"3","1",1,"9","35","17","5","1","2","4",NA,"4","5","5","5","5","5","5","5","5","4","4","4","4","4","5","5","5","7,13,18,14,8","5","5","2","2","3",NA,NA,"I am very interested in this group","Don't tell ki Hindi","5","5","5","5","5","5","5","4",1,1,"100","95","100","100","100","98","5","0","4","9","2016",1
"247",247,"3","2",3,"5","35","17","5","6","1","3",NA,"3","3","1","1","1","1","1","2","3","1","1","1","1","1","1","5","5","13,14,5,15,7","5","5","1",NA,NA,NA,NA,"Because I can handle the group",NA,"5","5","5","5","5","5","3","3",1,0,"55","80","35","99","98","96","5","0","4","5","2005",1
"248",248,"3","1",3,"27","33","15","5","6","1","4","2","6","2","2","5","4","4","3","4","4","4","3","1","2","4","5","4","4","16,2,3,17,11","5","4","1","2","3",NA,NA,"Smart educative leadership",NA,"3","4","4","5","5","4","5","4",1,0,"40","40","20","20","60","20","5","1","4","27","2005",1
"249",249,"3","1",2,"5","36","16","5","1","1","3",NA,"1","2","2","2","3","2","1","2","2","3","2","3","3","3","4","5","4","15,8,16,2,6","4","4","2",NA,NA,NA,NA,"Best and match with me","Nothing any reason","4","4","5","4","4","4","4","3",1,0,"63","55","77","57","35","39","4","0","3","5","2012",1
"250",250,"2","1",2,"27","24","16","5","4","1","4",NA,"7","1","2","1","2","2","2","2","2","1","2","1","1","3","5","5","5","13,18,7,19,15","5","5","1",NA,NA,NA,NA,"I will make sure my group members get benefitted",NA,"3","4","4","4","5","3","4","3",1,1,"72","50","86","41","50","78","5","0","4","27","2013",1
"251",251,"2","1",1,"24","20","16","1","1","1","2",NA,"7","2","1","3","3","3","3","3","3","1","1","1","2","4","3","3","3","1,13,15,18,7","5","5","1",NA,NA,NA,NA,"I have knowledge",NA,"3","3","3","3","3","3","3","1",0,0,"50","50","50","50","50","50","5","1","4","24","2018",1
"252",252,"2","1",1,"5","37","17","4","6","1","4","2","3","2","2","1","4","2","2","1","5","4","2","3","3","3","5","5","5","12,8,13,14,4","4","4","2","1","3",NA,NA,"If the study answers match with that of mine it will be east for me to decide.","As I am also a participator like other so me deciding the who's answer should be taken is not justified.","2","2","2","5","2","2","2","1",0,0,"93","92","100","7","40","52","4","0","4","5","2000",1
"253",253,"2","1",2,"24","27","16","2","6","2","4","2","8","2","2","1","4","2","2","1","5","2","2","2","1","3","4","4","5","7,15,19,18,17","5","1","1",NA,NA,NA,NA,"Because I have knowledge of it",NA,"4","2","4","4","4","3","3","2",1,0,"37","50","54","36","43","45","4","0","3","24","2009",1
"254",254,"3","2",3,"5","40","16","4","3","1","4","2","8","2","2","2","2","2","2","2","2","1","1","1","1","1","1","5","5","8,2,10,14,12","5","5","1",NA,NA,NA,NA,"Unity is strength and group has the same power.",NA,"5","5","5","5","5","5","3","4",1,0,"96","87","81","84","88","92","5","1","3","5","2014",1
"255",255,"2","1",1,"5","26","16","2","3","1,2","3","5","7","3","1","1","1","1","1","2","2","2","3","2","1","2","1","1","1","13,14,15,19,7","1","1","1",NA,NA,NA,NA,"I think I can take a good decision very quickly. ",NA,"1","1","1","1","1","1","1","3",1,0,"65","60","60","40","17","29","1","0","4","5","2018",1
"256",256,"3","1",3,"27","52","16","5","7","1","1",NA,"8","3","3","3","3","3","3","3","3","1","1","1","1","1","3","4","4","17,18,7,12,13","4","4","2",NA,NA,NA,NA,"I would like to lead the group. ","If any of my decision will go wrong I will be responsible for group failure. ","3","3","3","3","3","3","3","1",0,0,"70","70","70","70","70","70","5","1","4","27","1984",1
"257",257,"2","1",1,"9","38","17","4","7","1","4","2","5","3","3","1","5","4","2","1","3","3","1","1","2","2","3","4","4","8,13,4,17,6","5","5","2","2","3",NA,NA,"I like to be as pioneer and I will do best in this survey.","It may be occurs that someone in the group have ability more than me.","4","4","4","3","4","3","3","4",1,0,"100","100","100","70","70","50","5","1","4","9","2000",1
"258",258,"3","1",3,"27","30","17","5","3","2","3","2","3","2","2","3","3","2","3","2","3","1","1","1","1","3","5","5","5","19,14,13,7,18","5","5","2","2","3",NA,NA,"Because I am very Intelligent","No","3","3","4","5","3","3","5","3",0,0,"61","50","81","69","46","35","4","1","4","23","2004",1
"259",259,"2","1",2,"5","31","17","5","6","1","2","2","8","2","2","2","3","2","2","2","2","2","2","1","3","4","4","4","4","2,12,10,18,15","5","5","1",NA,NA,NA,NA,"I wish to drive the group to submit the most valuable input and gain the maximum outcome.",NA,"4","4","5","4","4","5","2","3",1,0,"70","80","80","50","50","50","5","1","4","5","2009",1
"260",260,"3","1",3,"24","49","17","5","7","1,2","4","2","2","2","3","1","2","4","3","1","4","4","4","3","3","2","4","4","4","1,18,19,4,14","4","5","3",NA,NA,NA,NA,"Because i have that amount of capacity of leadership. I can be the best representative of many very easily.","there is no question of representative. ","5","4","5","4","4","4","5","4",1,0,"83","68","86","65","75","89","4","1","4","24","1984",1
"261",261,"2","1",1,"5","28","16","4","6","1","4","2","3","3","4","1","2","2","4","1","3","2","2","2","2","4","4","4","5","13,10,18,8,14","5","5","1","2","3",NA,NA,"I want to be group representative to count which team will potentially earn the reward.",NA,"5","5","5","5","5","5","5","4",1,0,"70","65","60","50","55","60","5","1","4","5","2014",1
"262",262,"2","1",2,"5","31","17","5","6","1","3","2","6","2","3","2","2","2","2","2","2","3","2","3","2","2","4","3","4","2,10,12,18,15","5","5","1","3","2",NA,NA,"I want to drive the group to the greatest of outcome and and provide varible input",NA,"4","4","4","4","4","4","2","3",1,0,"78","85","80","51","48","49","5","1","4","5","2007",1
"263",263,"2","1",3,"24","21","14","3","3","1","3","2","10","3","1","1","1","1","2","1","4","2","3","2","3","1","4","4","5","19,7,1,8,11","3","3","4",NA,NA,NA,NA,NA,"i dont feel like","3","2","1","3","2","2","4","3",1,0,"68","49","55","71","53","51","4","0","4","24","2019",1
"264",264,"2","1",1,"9","46","16","3","6","2","4","2","5","3","1","3","5","5","3","1","3","1","4","4","1","1","3","5","5","7,15,4,13,14","3","4","1","1","3",NA,NA,"I can lead well",NA,"2","1","2","4","1","2","4","2",0,0,"25","50","74","3","18","39","5","1","4","9","1994",1
"265",265,"2","1",2,"5","34","17","5","6","2","3",NA,"1","3","3","2","3","3","3","3","3","3","4","3","3","4","4","3","5","15,7,8,4,10","4","4","1",NA,NA,NA,NA,"I hold some good geographical and historical knowledge.",NA,"4","4","4","3","4","4","2","3",1,0,"60","68","82","80","66","83","5","0","4","5","2013",1
"266",266,"2","2",1,"9","20","17","5","6","1","4","2","5","2","1","2","1","2","2","1","4","1","4","4","1","4","5","4","5","17,15,16,5,4","5","5","1",NA,NA,NA,NA,"i have potential",NA,"4","5","4","5","5","5","3","4",1,0,"89","40","70","73","61","87","3","0","4","9","2019",1
"267",267,"3","2",1,"5","41","16","4","1","1","4","6","2","5","5","4","4","4","5","4","4","3","4","3","3","3","5","4","5","13,10,16,5,15","4","4","2",NA,NA,"3","2","beacuse its quality","beacuse of loyality","4","4","5","4","5","4","4","1",1,0,"57","83","80","70","62","88","4","0","4","5","2001",1
"268",268,"3","1",2,"5","31","16","5","1","1","4",NA,"9","2","2","3","2","2","2","2","2","3","3","4","3","3","4","4","4","6,16,4,8,15","4","4","2",NA,NA,NA,NA,"MUGHAL EMPERIOR","RELATED TO MUSLIM","4","5","4","4","4","4","3","3",1,0,"36","80","67","58","59","67","4","0","3","5","2015",1
"269",269,"2","1",3,"27","29","16","5","6","1","3",NA,"9","4","2","1","2","2","2","2","2","2","4","3","1","3","3","4","5","17,18,13,7,8","1","3","2",NA,NA,NA,NA,"for experience","dont know","2","3","2","4","3","2","4","3",1,0,"56","37","25","37","40","55","4","1","4","27","2012",1
"270",270,"3","2",3,"27","32","13","1","6","1,2","4","2","1","5","5","4","5","3","4","5","4","4","3","4","4","4","5","5","5","18,3,4,13,2","5","5","2",NA,NA,"3","1","Very very very well I'm not a good day","Very good day of school and her family is the","5","4","5","5","5","5","5","4",1,0,"70","53","80","57","54","48","5","0","2","27","1989",1
"271",271,"3","1",1,"27","50","17","4","3","2","1","2","9","2","1","2","5","2","3","3","3","1","1","1","1","2","2","4","5","15,7,18,12,17","4","5","4",NA,NA,NA,NA,NA,"BECAUSE I WANT TO BE HAPPY WITH ALL OF THEM ","4","4","4","4","3","4","4","2",1,0,"62","97","91","60","64","86","5","1","4","27","1994",1
"272",272,"3","2",2,"5","39","16","4","3","1,2","4","2","1","2","2","2","1","1","1","2","1","4","4","4","3","3","5","4","5","8,11,10,2,15","4","5","1",NA,NA,"3","1","very good afternoon and it was so I am looking into it is in my life",NA,"5","5","4","4","5","5","4","4",1,0,"80","91","100","73","76","100","5","1","4","5","2010",1
"273",273,"3","1",1,"9","36","17","4","7","1,4","1",NA,"5","2","3","3","5","3","4","1","3","1","4","1","1","1","1","4","5","16,4,8,12,15","5","5","4","2","3",NA,NA,NA,"Because I was quality of representation","4","4","3","4","4","5","4","1",1,0,"64","65","71","46","35","62","5","1","3","9","2005",1
"274",274,"3","2",1,"5","40","16","4","6","2","4","5","8","2","1","2","1","2","3","4","2","1","4","1","3","4","4","1","5","7,15,13,19,10","5","3","2",NA,NA,NA,NA,"Because I am confident ","I am not so good in English","4","5","3","5","2","5","5","4",1,0,"89","86","80","94","93","82","4","0","3","5","2004",1
"275",275,"2","1",2,"27","29","17","5","6","1","4","2","10","4","5","3","3","3","3","2","3","1","1","1","1","1","4","5","4","4,8,2,12,13","5","5","1",NA,NA,NA,NA,"because i am hindu and always be ready to fight for protect my religion",NA,"3","3","3","4","3","3","4","4",1,0,"100","100","100","8","8","10","5","0","4","24","2015",1
"276",276,"2","1",3,"27","20","16","1","6","1","3","6","3","2","2","2","2","2","2","2","2","1","2","1","1","2","5","5","5","13,14,1,8,7","5","5","1","3","2",NA,NA,"I want to be the group representative because I believe that I can handle any question neatly and answer it correctly so that  along with me the whole group will be benefitted.",NA,"4","4","4","3","4","4","4","3",1,0,"50","50","50","50","50","50","4","0","4","27","2018",1
"277",277,"3","2",3,"5","40","16","4","1","1","4","1","10","4","5","4","5","4","5","4","4","3","3","3","4","4","5","5","5","16,15,13,5,10","4","3","2",NA,NA,NA,NA,"history","beacuse its loyalty","4","4","4","5","4","4","4","4",1,0,"72","99","58","55","95","77","4","0","2","5","2001",1
"278",278,"3","1",1,"5","21","16","5","6","1","4","2","3","2","2","2","3","2","2","2","3","2","2","2","2","3","4","3","4","7,13,14,19,15","5","5","1","2","3",NA,NA,"because i have the ability to lead as a group representative",NA,"4","4","4","4","5","4","4","3",1,0,"64","77","80","65","67","57","5","0","4","9","2018",1
"279",279,"2","1",2,"27","25","17","4","7","1","3","2","8","3","3","4","3","3","2","3","3","3","2","3","2","2","5","5","5","2,4,6,8,19","3","3","2",NA,NA,NA,NA,"I think that so","not applicable","3","3","4","4","3","3","3","2",1,0,"49","62","75","87","68","91","5","0","4","27","2014",1
"280",280,"2","1",3,"27","44","16","4","7","1","3","2","1","3","3","3","3","3","3","3","3","2","2","2","2","2","3","4","4","17,4,12,6,7","4","4","2",NA,NA,NA,NA,"like to be a leading member","sometimes it doesnt click","3","3","3","3","3","3","3","3",0,0,"48","53","52","47","60","48","4","0","3","27","1998",1
"281",281,"2","1",3,"27","69","15","5","7","1","3",NA,"3","4","3","2","3","3","3","4","3","1","4","2","1","3","5","2","2","19,18,15,16,14","4","4","1","2","3",NA,NA," This is a very interesting exercise.",NA,"3","4","4","3","4","4","4","1",1,1,"30","30","30","25","26","26","5","0","4","27","1967",1
"282",282,"3","1",2,"27","34","17","5","6","1","3","1","4","2","2","2","2","2","2","2","2","2","3","2","2","4","3","3","4","8,2,10,18,15","5","5","1","3","2",NA,NA,"I jave full confidence that we as a group can pull logical thought out of this discussion and drive desired outcome.",NA,"4","4","4","4","4","4","3","3",1,0,"73","80","85","72","68","58","5","0","4","27","2003",1
"283",283,"2","1",3,"5","35","16","5","1","1","4","2","10","3","1","1","2","2","3","1","2","1","1","3","1","2","4","5","5","10,11,8,15,14","5","5","1",NA,NA,NA,NA,"I want to be Group representative for many reasons. Like want to do something new and interesting",NA,"4","4","5","4","4","4","2","3",1,0,"55","63","47","39","53","48","4","0","4","5","2002",1
"284",284,"2","2",1,"27","22","16","4","6","2","3","12","1","1","1","1","1","1","1","1","1","1","1","1","1","1","5","1","5","8,13,4,5,15","4","2","3",NA,NA,"2","1","I want to be a group representative because i think i have a great communication skills and a high convincing power.","I think amybe i`m not good enough to do the work or to be honest i`m little bit nervous.","4","4","4","5","1","4","1","3",1,0,"70","70","70","70","70","70","5","1","4","27","2020",1
"285",285,"3","1",1,"5","29","17","2","3","1","3","1","5","1","1","2","1","1","1","3","1","2","4","3","2","4","4","5","5","1,18,10,12,8","5","5","1","3","2",NA,NA,"i think i am able to perform the work in a more dedicated way",NA,"4","3","4","3","3","4","3","4",1,0,"70","70","60","65","70","60","5","1","4","5","2009",1
"286",286,"2","1",1,"5","31","17","5","6","1","3","2","7","2","2","2","2","2","2","2","2","2","2","3","2","2","3","3","4","2,10,12,18,15","5","5","1",NA,NA,NA,NA,"I can drive a good outcome for group and provides effective results and outcomes",NA,"4","4","4","4","4","4","4","3",1,0,"75","73","77","47","45","50","5","1","4","5","2008",1
"287",287,"2","1",1,"5","28","16","5","3","1","2",NA,"5","1","3","1","2","2","3","2","2","1","1","1","1","2","5","5","5","1,2,10,19,15","5","5","1","2","3",NA,NA,"I am confident of my subject knowledge.",NA,"3","3","3","3","2","2","4","1",0,0,"50","50","50","50","50","50","5","1","4","5","2011",1
"288",288,"3","2",2,"9","21","16","3","3","2","3","5","10","3","3","1","1","2","2","2","2","2","2","1","1","2","5","5","5","13,15,7,19,10","5","5","1",NA,NA,NA,NA," I think I have the leadership skills that can help my group to perform better and I am patient enough to listen what they have to say.",NA,"4","4","5","5","4","5","2","2",1,0,"64","64","67","58","59","64","4","0","4","9","2015",1
"289",289,"2","1",3,"5","34","17","5","2","1","4","1","10","3","1","3","1","1","1","5","1","4","4","1","4","3","5","5","5","2,3,10,4,5","4","4","3",NA,NA,NA,NA,"Because decided that answers is correct or not","Because decided that the value of your surveys questions how much","1","1","1","1","1","1","4","4",1,0,"43","100","100","100","34","100","5","1","2","5","2006",1
"290",290,"2","1",2,"27","30","16","4","1","1","4","1","5","2","2","1","2","2","2","2","1","4","4","4","4","4","5","5","5","12,8,15,11,10","4","2","1","3","2",NA,NA,"Director",NA,"4","4","4","5","4","5","4","4",1,0,"95","91","90","88","93","90","1","0","4","27","2013",1
"291",291,"3","2",2,"24","22","16","1","6","1,2","2",NA,"8","2","2","2","2","2","2","2","2","3","3","3","3","4","3","5","5","15,13,18,8,19","5","5","1",NA,NA,NA,NA,"I would like to a group representative to make right decisions and support my group with my efforts.",NA,"5","5","5","5","5","5","3","2",1,0,"80","85","65","80","85","65","5","1","4","24","2016",1
"292",292,"3","2",2,"5","40","16","4","1","1","4","1","8","1","2","4","4","1","2","3","5","2","4","3","4","3","5","4","5","5,16,12,11,9","4","5","1",NA,NA,NA,NA,"Unity",NA,"4","5","4","5","5","4","5","4",1,0,"52","42","40","44","54","45","5","1","3","5","2001",1
"293",293,"2","1",2,"5","19","13","5","7","1","3","2","7","2","3","1","3","3","3","3","4","2","2","1","2","3","3","5","4","2,8,4,12,15","5","5","1",NA,NA,NA,NA,"Because i can do something for myself as well as for my partners and i have to be more careful.",NA,"4","4","4","4","4","5","3","3",1,0,"100","100","100","63","54","65","5","0","4","5","2020",1
"294",294,"2","1",2,"5","35","16","5","1","1","4","2","8","3","1","1","2","2","2","1","2","1","2","2","1","2","5","5","5","13,8,18,7,15","5","5","1",NA,NA,NA,NA,"I want to be group representative to learn new things. It is really amazing",NA,"4","5","5","5","4","4","2","4",1,0,"52","52","48","50","53","51","4","0","4","5","2004",1
"295",295,"3","1",1,"27","36","17","4","6","1","3","2","10","3","2","2","3","2","3","2","3","1","2","1","1","1","4","4","4","4,8,14,2,13","3","3","1",NA,NA,NA,NA,"Amazing and I will get",NA,"4","3","3","3","3","3","3","4",1,0,"64","58","52","46","48","48","3","1","4","27","2002",1
"296",296,"3","1",3,"5","35","17","5","6","1","4","2","3","2","2","2","2","2","2","2","2","1","1","1","1","1","5","4","5","2,12,11,10,18","5","5","1","2","3",NA,NA,"Because I m good leader ",NA,"5","5","5","5","5","5","5","3",1,0,"100","100","100","89","89","84","5","0","4","5","2003",1
"297",297,"2","1",1,"9","18","13","1","1","2","2",NA,"7","5","1","1","5","1","2","5","2","2","4","2","3","2","4","5","4","4,15,16,17,12","1","1","1",NA,NA,NA,NA,"इस लिए कि में अपने समूह का कैप्टन हूं",NA,"4","4","3","4","3","4","4","1",1,0,"60","55","81","17","22","30","5","1","4","9","2020",1
"298",298,"3","1",1,"27","35","15","5","6","1","4","5","4","1","4","3","3","4","5","5","2","3","4","4","2","2","5","4","5","10,11,13,15,8","4","5","1","1","2",NA,NA,"It is a very good morning to you and I will",NA,"3","5","4","5","4","5","5","4",1,0,"88","96","43","78","90","89","5","0","4","27","2017",1
"299",299,"2","1",3,"5","36","17","5","6","1","4","1","2","5","1","1","4","4","5","1","1","4","1","1","4","4","5","5","5","15,8,19,13,7","5","5","1",NA,NA,NA,NA,"They help in study and let you know the fact",NA,"5","5","5","5","5","5","5","4",1,0,"100","100","100","100","100","100","5","0","3","5","2005",1
"300",300,"3","1",3,"27","35","15","5","6","1","4","5","6","4","4","4","4","3","4","5","5","2","4","4","2","4","5","4","5","4,7,13,18,6","4","5","1","2","3",NA,NA,"It is very important and very very very good school tomorrow ",NA,"5","4","5","5","2","5","4","4",1,0,"91","85","99","89","95","85","5","0","2","27","2017",1
"301",301,"3","1",2,"27","35","15","5","6","1","4","5","5","5","5","3","5","4","3","4","4","3","4","3","4","2","5","3","5","19,14,12,3,9","4","5","1","2","3",NA,NA,"It is a very good morning to see if you want",NA,"5","3","5","4","4","5","5","4",1,0,"99","88","93","87","95","94","5","1","2","27","2017",1
"302",302,"2","1",3,"5","35","16","5","6","1","4","2","8","2","2","1","2","2","2","1","2","1","2","2","1","2","5","5","4","18,12,16,11,10","5","5","1",NA,NA,NA,NA,"I want to be Group representative to learn more about new things. It is good",NA,"4","4","4","5","5","4","2","4",1,0,"43","56","50","62","59","50","4","0","4","5","2004",1
"303",303,"3","1",2,"5","24","15","5","3","1","4","2","5","2","2","1","2","1","1","1","3","2","2","2","2","3","5","5","5","8,12,15,7,13","5","4","3","3","1",NA,NA,"I want to be group representative because I have a good leadership  qualities..","I don't want tob be a representative because it can be hurt other two partners...","5","5","4","4","4","4","3","4",1,0,"83","80","80","88","84","83","5","1","4","5","1997",1
"304",304,"3","1",2,"27","35","15","5","6","1","4","5","7","1","2","5","5","2","4","4","3","2","4","3","4","3","5","5","5","8,18,16,10,14","5","3","1",NA,NA,NA,NA,"It's not a problem with me full time job and I don't know how ",NA,"3","4","4","4","5","3","5","4",1,0,"83","94","88","89","81","93","5","1","2","27","2017",1
"305",305,"2","1",1,"27","34","16","4","3","1","3","2","5","2","1","2","3","2","2","2","3","2","2","2","1","1","4","4","4","13,14,7,19,8","4","4","2","2","3",NA,NA,"Can lead and take decision","Time management","2","2","1","4","2","1","4","1",0,0,"75","50","75","75","50","50","4","1","4","27","1999",1
"306",306,"3","1",1,"5","25","17","3","1","2","3",NA,"7","5","3","3","4","4","2","5","3","3","4","1","1","4","5","5","4","13,19,14,8,4","4","4","1",NA,NA,NA,NA,"I JUST WANT TO KNOW HOW MUCH THIS POSITION CAN INFLUENCE AND WHAT ALL WAYS I CAN MAKE THIS BEST.",NA,"4","4","2","4","5","4","3","1",1,0,"61","67","50","62","55","56","4","1","4","5","2017",1
"307",307,"3","1",2,"27","35","15","5","6","1","4","5","7","3","3","5","5","4","3","4","4","4","3","4","3","4","5","3","5","18,19,8,1,10","5","3","1",NA,NA,NA,NA,"It is a very good morning to see if you want to",NA,"5","3","4","4","3","5","5","4",1,1,"93","88","89","88","100","88","5","0","2","27","2017",1
"308",308,"2","1",1,"27","35","16","5","6","1","3","2","2","3","3","3","3","3","3","3","3","2","3","2","1","3","4","4","4","8,4,15,7,14","4","4","1",NA,NA,NA,NA,"I have been a leader/captain in my school days and believe that I have the ability to represent a group.",NA,"3","2","2","2","2","2","4","2",1,1,"90","90","90","10","10","10","5","0","4","27","2004",1
"309",309,"3","1",3,"5","30","16","5","6","1","3","2","4","2","2","1","3","2","2","2","2","4","3","2","2","2","4","5","5","11,10,18,9,7","2","3","2","1","2",NA,NA,"Good knowledge ","Headache","4","4","4","4","4","4","3","2",1,1,"79","68","60","53","48","38","4","1","4","5","2007",1
"310",310,"3","1",1,"5","33","17","5","6","1","3","2","9","2","2","2","2","2","2","2","2","2","2","3","2","2","4","3","4","2,10,12,18,15","4","4","1",NA,NA,NA,NA,"By group representative responsibility I can lead my team in front with correct guideline and my skill and experience have prepared me to be a considerable force in team",NA,"4","4","4","4","4","4","3","3",1,0,"67","80","79","48","50","40","5","0","4","5","2006",1
"311",311,"3","1",2,"27","35","13","3","7","2","3","2","4","3","3","3","5","3","3","3","3","1","4","3","1","1","5","5","5","4,8,13,18,12","4","4","1","2","3",NA,NA,"I'm first",NA,"3","3","4","4","3","4","4","2",1,0,"95","85","90","35","40","48","4","1","4","27","2006",1
"312",312,"3","1",3,"5","25","16","5","6","1","3","2","9","2","2","2","4","2","3","2","3","1","2","1","1","1","3","5","5","16,18,13,19,7","5","3","1",NA,NA,NA,NA,"i am a leader and confident about my skills",NA,"2","2","3","4","2","3","3","3",1,0,"78","79","88","20","18","32","5","0","4","5","2017",1
"313",313,"3","1",1,"27","26","11","1","2","2","3","1","4","3","3","2","5","2","3","1","2","1","1","1","1","1","4","4","5","8,4,12,14,13","5","5","1","2","3",NA,NA,"as i think i have quite good knowledege about both the subject.",NA,"4","4","5","4","4","5","4","4",1,0,"100","100","100","3","4","4","5","0","4","27",NA,1
"314",314,"3","1",2,"27","37","17","4","3","1,3","4","2","10","3","3","2","3","3","3","3","4","4","1","1","1","4","4","5","3","14,13,7,4,18","5","5","1",NA,NA,NA,NA,"because i am able to make any task most interesting and competitive.",NA,"4","4","4","4","3","4","2","4",1,1,"100","100","81","11","7","42","5","1","4","27","2001",1
"315",315,"2","2",3,"27","32","16","4","4","1","3","1","1","1","2","1","1","1","2","2","2","1","2","2","1","3","4","5","5","10,15,7,19,9","3","4","1",NA,NA,"3","1","Really, I am very interested in sociology and I have confidence to succeed by giving answers in this survey",NA,"4","3","4","4","4","2","5","3",1,0,"50","50","51","50","50","50","5","1","4","27","2006",1
"316",316,"2","1",3,"5","35","16","1","6","1","3","2","9","3","3","2","3","3","3","2","3","1","2","1","1","1","4","3","4","10,8,15,16,7","4","4","1",NA,NA,NA,NA,"I want to be group representative because I have the ability to work with groups and having better knowledge form each of the other members.",NA,"2","2","4","3","4","3","4","3",1,1,"60","54","60","62","57","58","5","0","4","13","2003",1
"317",317,"3","1",3,"27","21","16","2","4","1","2",NA,"3","1","5","1","2","3","5","2","2","1","2","3","1","4","4","5","5","16,18,15,17,8","4","4","2","2","1",NA,NA,"I am a hard worker ","If I fail","4","4","4","4","4","4","5","2",0,0,"70","75","100","35","25","71","4","1","4","27","2014",1
"318",318,"3","1",2,"27","19","15","4","6","1","2",NA,"9","4","3","2","3","3","3","4","4","1","3","3","1","4","3","3","2","19,13,14,7,8","5","5","2",NA,NA,NA,NA,"I think I can come to a decision helpful for all","I don't feel comfortable taking the responsibility","2","2","2","4","3","2","4","1",0,0,"30","30","50","40","20","50","4","1","4","27","2019",1
"319",319,"3","1",2,"5","28","17","5","7","2","2","5","8","3","3","2","4","3","4","4","4","2","2","3","2","3","4","5","5","6,3,19,16,14","4","5","2",NA,NA,NA,NA,"To get some extra money","Due to work pressure","5","5","5","5","5","5","4","3",1,0,"87","75","86","87","66","84","4","1","4","5","2011",1
"320",320,"3","1",1,"27","19","13","3","6","1","2",NA,"10","3","3","2","4","3","4","3","3","2","3","2","1","3","1","4","4","1,10,14,11,12","4","4","1",NA,NA,NA,NA,"i would like to have this opportunity of being the representative and take the initiative enthusiastically. i want to explore my leadership skills and want to put myself front.",NA,"4","4","4","3","3","4","3","1",0,0,"80","80","80","51","61","60","3","0","4","27","2018",1
"321",321,"2","1",2,"24","27","16","5","6","1","3","2","3","2","2","2","2","2","2","2","3","3","3","2","2","4","4","5","5","2,12,4,8,15","4","5","1","3","2",NA,NA,"Determined to do whats best",NA,"2","3","3","3","3","2","4","4",1,1,"74","70","70","65","65","70","4","0","4","24","2011",1
"322",322,"2","2",3,"5","35","17","5","6","1","3","12","9","2","4","2","2","2","1","4","5","1","4","3","4","2","4","4","5","5,16,15,13,10","5","4","1",NA,NA,NA,NA,"Because I am confident of myself that I will represent my group in a good way",NA,"4","4","5","5","5","3","4","4",1,1,"60","78","43","83","79","66","4","1","4","5","2007",1
"323",323,"3","1",1,"5","20","13","2","1","2","3","2","9","4","3","3","3","3","3","2","3","2","2","1","1","3","4","4","4","4,13,12,15,10","3","4","2",NA,NA,NA,NA,"To represent my group","Not that confident ","4","3","4","4","4","3","4","3",1,0,"85","56","82","73","71","65","4","0","4","5","2019",1
"324",324,"3","1",2,"9","21","15","3","6","1","3","2","9","4","2","3","4","1","3","3","3","2","3","3","1","3","2","2","2","1,13,14,7,17","4","5","1",NA,NA,NA,NA,"Because I believe I have made the right decision for the group and I like to have the control in my own hands than depend on someone else.",NA,"2","2","2","2","4","3","4","2",0,0,"69","66","92","43","68","46","4","0","4","9","2018",1
"325",325,"2","1",3,"5","24","16","5","2","1","3","1","8","3","2","1","3","2","2","3","2","1","2","2","1","1","4","5","5","19,4,15,13,7","5","5","1",NA,NA,NA,NA,"I have ability to lead the group ",NA,"4","4","4","4","4","4","4","3",1,0,"65","70","69","60","60","50","5","1","4","5","2018",1
"326",326,"3","1",3,"9","50","17","5","6","2","3",NA,"7","4","3","1","4","3","3","3","4","1","3","2","2","3","5","5","5","17,4,5,18,12","5","5","1",NA,NA,NA,NA,"Good",NA,"4","4","4","4","4","4","4","1",1,0,"82","71","77","76","82","75","4","1","2","9","1986",1
"327",327,"2","1",1,"27","30","17","4","7","2","4","5","3","2","2","1","2","2","2","4","3","4","4","4","3","4","5","5","5","7,19,15,16,17","5","5","1","2","3",NA,NA,"मै शुरू से ऐसे काम करता आया हु, स्कूल में भी मैंने बहुत से बच्चों का प्रतिनिधि किया था।",NA,"3","3","3","4","5","3","4","4",1,0,"80","70","85","50","60","51","5","1","4","27","2015",1
"328",328,"2","2",3,"27","32","16","4","4","1","3","1","3","2","2","1","1","1","1","2","2","1","2","2","1","3","4","4","4","11,15,7,9,18","3","4","1",NA,NA,NA,NA,"I am very interested in sociology and I have confidence",NA,"4","4","4","4","4","3","3","3",1,0,"53","52","51","55","54","55","5","0","4","27","2006",1
"329",329,"2","1",1,"27","18","14","4","3","2","3",NA,"9","3","4","1","3","2","4","2","2","2","3","3","2","3","2","5","4","15,18,8,4,12","4","3","2",NA,NA,NA,NA,"My group is not so poor and willing.","I don't want misunderstanding in my group","3","5","3","4","3","4","4","3",1,0,"52","75","52","42","40","59","5","0","4","27","2020",1
"330",330,"3","1",2,"5","21","16","5","6","1","4","2","4","2","2","2","2","2","2","2","2","3","3","3","3","4","5","5","5","18,7,16,19,1","5","5","1","3","2",NA,NA,"I want to take the responsibility for the group because i think the field i choose is my best field and I'd be a good representative",NA,"4","4","4","4","4","4","4","4",1,0,"50","50","84","50","52","83","5","0","4","5","2019",1
"331",331,"2","1",1,"27","20","16","1","3","2","3","14","5","4","2","1","2","1","3","3","3","3","4","3","3","4","3","1","5","15,16,5,18,17","4","5","2","2","3",NA,NA,"Back to school","Sorry but I don't want ","4","3","3","4","4","4","3","3",1,0,"42","74","91","100","100","97","3","0","2","27","2016",1
"332",332,"2","1",2,"9","22","15","1","3","2","3","4","2","1","1","1","1","1","1","1","1","1","4","2","1","3","5","5","5","15,7,14,19,18","5","3","1",NA,NA,NA,NA,"क्योंकि मुझे विश्वास है मैं समूह का प्रतिनिधित्व अच्छे से कर सकता हूं।",NA,"4","4","3","4","4","4","4","1",0,0,"50","50","50","50","46","41","5","0","4","9","2014",1
"333",333,"2","2",1,"5","36","16","4","3","1","4",NA,"8","2","3","3","3","2","4","2","2","3","2","2","3","4","4","5","5","14,10,9,5,18","4","4","1",NA,NA,NA,NA,"Because it is very unique",NA,"4","4","5","4","4","5","5","3",1,0,"46","27","46","40","50","55","5","0","4","5","2006",1
"334",334,"2","1",3,"5","31","17","5","6","1","4","1","8","3","4","2","4","2","4","4","2","2","3","1","1","4","5","4","4","13,4,15,10,7","4","4","1",NA,NA,NA,NA,"Because I have a vast knowledge of geography",NA,"4","4","4","4","3","4","4","3",1,0,"71","62","78","79","67","70","4","0","4","5","2008",1
"335",335,"3","1",3,"5","27","13","5","6","1","2",NA,"4","2","1","2","5","2","3","2","2","1","4","3","1","4","1","5","5","16,12,15,8,4","4","4","1","2","3",NA,NA,"Because i am interested ",NA,"4","4","4","4","4","3","3","1",1,1,"33","18","28","5","9","8","4","0","4","5","2008",1
"336",336,"3","2",1,"5","28","16","4","3","1","2",NA,"10","2","2","2","4","3","3","3","3","3","3","2","3","3","4","4","5","5,7,17,13,14","4","5","1",NA,NA,NA,NA,"Because it is very cool and I like it very much",NA,"3","4","4","4","4","4","5","3",1,0,"33","40","38","48","41","32","5","0","4","5","2010",1
"337",337,"3","2",3,"27","39","15","5","3","1","4","1","6","1","1","2","2","2","1","2","1","2","4","3","4","3","5","5","4","16,18,10,19,5","5","5","1",NA,NA,NA,NA,"So good and very amazing so nice very helpful",NA,"5","5","4","5","4","4","5","4",1,0,"80","100","82","100","82","80","5","1","3","27","1981",1
"338",338,"2","2",2,"5","29","16","4","3","1","3",NA,"1","2","3","1","2","4","4","3","2","4","3","3","4","4","4","4","5","10,18,2,9,7","5","4","1",NA,NA,"2","3","Because it is very good and very useful",NA,"5","4","5","5","4","5","5","3",1,0,"30","43","31","43","44","42","4","1","3","5","2008",1
"339",339,"2","1",2,"27","20","11","5","6","1","3","2","7","3","3","5","3","1","1","3","4","1","3","2","2","3","4","4","4","15,18,12,13,16","4","4","1",NA,NA,NA,NA,"Because I have experience for group representative",NA,"4","3","4","2","3","3","4","2",0,0,"73","48","60","26","26","40","3","1","4","27",NA,1
"340",340,"3","1",3,"5","24","17","5","6","1","4","5","2","1","1","1","1","2","2","2","2","3","3","3","3","4","5","4","5","15,19,7,13,9","5","5","1",NA,NA,NA,NA,"I possess leadership qualities,as I have played role of a leader at various level.",NA,"5","4","4","4","5","4","4","3",1,0,"100","100","100","100","100","100","4","1","4","5","2013",1
"341",341,"3","2",1,"27","31","7","5","6",NA,"1",NA,"5","5","5","5","5","5","5","5","5","4","4","4","4","4","1","5","5","8,13,14,12,7","5","5","1",NA,NA,NA,NA,"it is very trusted",NA,"4","5","4","5","5","5","4","4",1,0,"63","71","82","53","60","42","5","0","4",NA,NA,1
"342",342,"2","1",3,"24","23","16","4","6","1","4","2","10","2","3","1","5","3","3","1","4","4","1","1","2","3","4","4","5","12,4,8,2,18","5","5","1",NA,NA,NA,NA,"I have good team working skills, and so I consider myself to be the right person for being a group representative",NA,"4","4","3","1","4","3","4","3",1,0,"60","38","91","28","79","17","4","0","4","24","2016",1
"343",343,"3","2",2,"9","38","15","4","1","1","4","2","3","5","5","5","5","5","5","5","5","4","4","4","4","4","5","4","5","12,7,19,9,10","5","4","1",NA,NA,NA,NA,"You can be used to be a",NA,"5","4","5","4","4","4","4","4",1,0,"75","46","53","71","43","51","4","1","3","9","2018",1
"344",344,"2","1",3,"27","30","16","5","6","1","3","2","6","3","2","1","3","4","2","2","3","2","2","1","1","4","3","4","4","19,15,11,13,9","4","5","1","2","3",NA,NA,"Because I like to become a representative instead of member.",NA,"4","4","3","3","3","4","4","3",0,0,"49","50","80","51","53","64","4","0","4","27","2005",1
"345",345,"2","1",3,"5","30","16","5","6","1","3","2","5","1","1","1","1","1","1","1","1","2","4","1","2","4","4","3","5","2,10,12,8,11","4","3","2","2","3",NA,NA,"Because in group you can express yourself","they can figure out your drawbacks","3","4","4","3","4","4","3","3",1,0,"57","46","88","36","44","63","5","1","2","5","2011",1
"346",346,"2","1",1,"5","22","15","3","3","1","1","2","9","4","3","2","3","2","3","2","4","3","4","2","4","4","4","4","4","18,12,15,8,16","4","3","2",NA,NA,NA,NA,"BECAUSE DON'T FEEL FEAR TO SPEAK TO ANYONE","Because i like to fight","2","5","4","4","1","4","4","3",1,1,"74","54","36","59","55","16","5","1","4","5","2019",1
"347",347,"2","1",3,"24","27","17","5","7","1","3","2","8","3","3","3","3","3","3","2","3","2","1","1","2","2","4","5","5","12,17,18,7,13","5","5","1",NA,NA,NA,NA,"Because I feel I have enough knowledge and am paying enough attention to collect the highest amount for our group. ",NA,"2","3","3","3","3","2","3","2",1,0,"68","67","75","38","44","31","4","0","4","24","2010",1
"348",348,"2","1",3,"27","42","16","1","1","2","4","2","7","1","3","1","5","2","3","2","3","2","4","3","1","4","5","3","5","2,17,15,8,4","5","5","1",NA,NA,NA,NA,"i have a leader quality",NA,"4","3","3","5","5","4","4","3",1,0,"64","29","49","77","67","57","5","0","4","27","1997",1
"349",349,"2","2",1,"5","22","16","4","6","2","1",NA,"8","2","2","2","2","2","2","2","2","2","2","2","2","2","2","1","5","4,5,7,13,19","3","2","2",NA,NA,NA,NA,"To control and help our partner's","To get some relaxation","5","3","4","4","3","3","5","4",1,1,"56","55","84","50","66","86","4","1","3","10","2017",1
"350",350,"2","1",3,"5","37","16","2","1","2","4","2","2","2","2","5","1","1","2","1","1","4","3","4","3","2","5","5","4","18,4,15,8,9","5","4","1",NA,NA,NA,NA,"Very good ",NA,"5","5","4","4","5","5","4","4",1,0,"93","73","100","100","83","100","5","0","2","24","1998",1
"351",351,"2","1",3,"27","26","16","5","6","1,2","3","2","4","2","2","1","2","2","3","2","2","2","2","3","1","3","4","5","5","15,16,4,5,12","4","5","1","3","2",NA,NA,"I think I am more intelligent",NA,"4","4","4","4","3","3","4","3",1,0,"52","62","67","67","60","94","4","0","4","27","2016",1
"352",352,"3","1",3,"5","30","13","2","3","2","3","2","9","2","2","2","2","2","2","2","2","1","1","1","1","1","2","4","5","4,7,13,12,10","4","4","1",NA,NA,NA,NA,"To be a leader",NA,"4","4","4","4","4","4","4","3",1,0,"79","81","72","59","55","65","5","1","3","5","2019",1
"353",353,"3","1",2,"5","22","12","1","1","1,2,3","4","2","3","2","3","1","5","2","1","1","1","4","3","2","2","2","5","5","5","8,16,17,7,5","5","4","1","2","3",NA,NA,"Very nice and support",NA,"3","4","5","5","4","3","3","4",1,0,"30","33","19","42","27","19","5","1","2","5",NA,1
"354",354,"2","1",2,"27","22","16","1","3","1","1",NA,"10","3","3","3","3","3","3","3","3","2","2","2","2","2","3","5","5","2,15,13,14,7","3","3","2",NA,NA,NA,NA,"To enhance my leadership qualities.","nothing.","3","3","3","3","3","3","3","2",0,0,"70","60","70","45","40","30","5","1","4","27","2014",1
"355",355,"2","1",1,"27","37","17","5","6","1","3","2","8","2","2","2","2","2","2","2","2","1","2","1","1","2","3","4","4","18,13,12,17,4","4","5","1",NA,NA,NA,NA,"Because I guess I can better monitor and drive the ship of this task very well.",NA,"3","4","3","4","4","3","4","3",0,0,"53","56","58","50","51","44","5","1","4","27","2002",1
"356",356,"3","1",3,"5","45","11","2","6","1,2,3","4","2","5","1","5","4","2","1","5","2","1","3","3","4","4","4","5","5","5","10,17,15,1,7","5","5","1","3","1",NA,NA,"Very good experience",NA,"4","5","4","5","5","5","5","4",1,0,"99","90","96","98","100","84","5","1","3","5",NA,1
"357",357,"3","2",1,"9","31","16","5","6","1","4","4","8","2","2","4","1","1","2","4","2","2","4","4","3","4","4","4","5","13,1,7,11,15","5","5","1",NA,NA,NA,NA,"i have team leader quality",NA,"5","5","5","4","5","4","4","4",1,0,"12","55","53","89","65","93","5","1","4","9","2008",1
"358",358,"3","1",2,"5","43","16","2","6","1","4","2","9","1","1","1","1","1","1","1","1","4","2","3","3","3","5","5","5","12,4,8,15,18","5","5","4",NA,NA,NA,NA,NA,"Very good day for me to get a great day for me to get a great day for me to get a great day for me to get a great day for me to","5","5","5","5","5","5","5","4",1,0,"100","66","100","100","64","100","5","0","3","9","2019",1
"359",359,"3","2",3,"5","30","16","5","1","1","4","5","4","3","2","1","3","2","2","1","2","4","3","3","4","2","5","5","4","16,5,10,11,18","5","4","1",NA,NA,NA,NA,"Because I like to know something new and historical",NA,"5","4","3","5","4","4","5","4",1,0,"84","100","85","86","99","88","5","1","2","5","2018",1
"360",360,"3","2",2,"5","42","16","4","1","1","4","6","6","5","5","4","4","5","5","4","5","4","4","3","3","3","4","5","4","11,15,10,5,16","4","4","3",NA,NA,NA,NA,"beacuse its loyal","its not loyal","2","2","2","2","2","2","2","4",1,0,"87","73","79","67","81","85","4","1","2","5","2001",1
"361",361,"2","1",3,"5","25","17","5","1","1,2,3","4","2","4","1","1","1","1","1","1","1","1","4","4","4","4","4","5","5","5","10,12,18,6,15","5","5","1","2","3",NA,NA,"I am very honest person and all group is I like me",NA,"5","5","5","5","5","5","5","4",1,0,"100","100","100","100","100","100","5","1","3","5","2016",1
"362",362,"3","2",1,"5","36","16","2","1","1","4","2","3","2","5","5","5","5","5","1","1","3","3","4","4","4","5","5","4","12,2,4,5,19","5","5","1",NA,NA,NA,NA,"Best",NA,"5","5","4","5","4","5","5","4",1,0,"77","92","95","85","97","96","5","0","3","5","1990",1
"363",363,"3","1",3,"9","49","15","5","7","1","4","2","5","2","4","4","3","2","4","5","3","3","4","3","4","4","5","5","5","1,2,11,5,13","4","4","1","3","1",NA,NA,"Good",NA,"5","4","4","4","5","4","5","3",1,0,"86","89","60","77","74","97","5","1","2","9","2013",1
"364",364,"3","2",2,"5","40","16","4","1","1","4","1","8","1","2","2","2","2","1","1","1","2","4","3","3","4","5","4","5","7,16,5,2,12","4","5","1",NA,NA,NA,NA,"Unity",NA,"4","4","4","5","4","5","5","4",1,0,"52","64","58","73","78","96","4","1","3","5","2001",1
"365",365,"3","1",1,"9","21","15","4","3","1","2",NA,"4","3","3","3","3","3","3","5","1","2","4","2","2","2","4","3","1","13,19,7,15,18","4","4","1","3","2",NA,NA,"To be the decision maker",NA,"4","4","4","4","4","3","4","1",1,0,"50","50","50","50","50","50","4","1","4","9","2018",1
"366",366,"2","1",2,"5","36","17","5","4","1","4","2","7","2","3","1","4","3","4","1","3","1","3","1","1","2","4","4","5","4,7,15,19,10","3","4","2",NA,NA,NA,NA,"to be the leader of the pack and dictate my terms","no reason","5","3","2","2","5","5","4","1",1,0,"68","80","27","76","46","69","4","1","3","5","2003",1
"367",367,"2","2",2,"5","35","17","5","6","2","3","5","6","4","2","2","1","5","3","5","3","1","4","3","3","4","3","4","5","13,7,5,4,19","5","5","1",NA,NA,NA,NA,"I have full knowledge on geography",NA,"5","4","4","5","4","5","5","2",1,0,"100","100","100","100","100","100","5","1","4","5","2000",1
"368",368,"2","2",2,"5","25","16","4","3","1","3",NA,"1","3","1","3","3","3","2","4","1","1","4","4","3","4","3","5","3","11,5,10,16,9","5","5","1",NA,NA,"2","3","Because of my leadership quality",NA,"3","1","3","2","4","1","3","2",1,0,"50","6","15","13","4","61","2","0","3","9","2017",1
"369",369,"3","1",3,"27","25","17","5","4","1","3","2","1","2","3","2","3","3","3","2","3","2","3","3","2","4","4","3","4","15,13,8,19,10","4","4","1",NA,NA,NA,NA,"I want to be a group representative because I believe I have the potential and the skills to make this group earn the maximum possible amount",NA,"2","4","3","4","3","4","3","1",0,0,"40","60","50","60","53","40","3","0","3","27","2012",1
"370",370,"3","1",3,"5","35","11","5","2","2","4","2","10","1","1","1","2","1","5","1","3","3","3","4","4","4","5","4","5","7,4,13,8,15","5","5","1",NA,NA,NA,NA,"Because I am believed in this group and try for land exists. ",NA,"5","5","5","5","5","4","5","4",1,0,"100","92","79","86","18","59","5","0","3","5",NA,1
"371",371,"2","1",1,"27","29","17","5","6","1","4","2","1","4","2","3","1","1","3","1","3","1","1","1","1","1","5","4","4","4,13,12,8,6","4","4","1",NA,NA,NA,NA,"Just for personal attachment with india's history and religion",NA,"3","3","3","4","3","3","3","4",1,0,"100","100","100","0","0","0","5","1","3","24","2014",1
"372",372,"3","2",1,"5","40","16","4","1","1","4","1","2","2","3","2","1","1","1","2","1","2","4","3","3","4","5","4","5","2,5,16,14,11","4","5","1",NA,NA,"3","2","About knowledge",NA,"5","5","4","4","5","4","4","4",1,0,"79","73","80","74","71","76","4","1","4","5","2001",1
"373",373,"3","1",2,"5","40","16","4","3","1","4","2","8","2","1","1","1","1","2","2","2","4","3","4","4","4","5","4","5","3,10,17,12,6","4","5","1",NA,NA,NA,NA,"Social",NA,"4","4","5","4","5","5","5","4",1,0,"47","35","27","57","39","43","5","0","2","5","2010",1
"374",374,"3","2",1,"5","40","16","4","6","1","4","5","5","2","2","4","1","2","4","5","1","1","4","4","3","3","4","5","5","5,10,7,13,19","4","4","1",NA,NA,NA,NA,"Because I always wants to be a leader",NA,"5","2","2","5","1","5","4","4",1,0,"67","90","71","67","90","82","4","1","4","5","2010",1
"375",375,"2","1",2,"24","29","16","3","7","2","3",NA,"5","2","2","1","2","2","3","3","2","3","3","2","3","2","2","3","4","13,7,15,19,4","5","4","1","3","2",NA,NA,"I liked the concept of group exercise and would like to be a representative so that we earn maximum amount given that one of us is selected.",NA,"4","2","2","3","4","4","4","2",1,1,"40","30","60","50","40","20","4","1","4","24","2010",1
"376",376,"3","2",2,"27","39","15","5","3","1","4","1","7","1","2","3","1","1","3","2","2","2","4","3","3","4","5","5","4","18,7,10,11,8","4","5","2",NA,NA,NA,NA,"My group so much very sanskriti and higer education","So nice and most good and my very liked","5","4","5","4","4","5","5","3",1,0,"100","84","89","97","100","71","4","1","3","27","1981",1
"377",377,"2","2",1,"5","30","11","4","1","1,2,3","4","2","6","4","5","3","3","2","3","3","4","3","4","3","3","2","4","4","5","5,19,8,1,9","4","5","1",NA,NA,NA,NA,"But the first time I",NA,"5","3","3","4","5","4","3","2",1,0,"100","100","81","94","94","83","5","1","1","5",NA,1
"378",378,"3","2",1,"5","35","16","4","3","1","4","2","8","1","2","2","1","1","2","1","2","3","4","4","3","4","5","4","5","11,4,2,6,15","5","4","1",NA,NA,NA,NA,"very good afternoon and it is in a different story about it I am in my mind",NA,"5","5","4","4","4","5","5","4",1,0,"77","84","93","99","76","84","5","0","4","5","1999",1
"379",379,"3","2",3,"5","35","16","4","3","2","4","2","7","4","4","4","5","5","5","4","5","4","4","4","3","3","5","5","4","10,11,2,5,13","5","4","1",NA,NA,NA,NA,"Very good and very likely ",NA,"4","4","5","4","5","5","5","4",1,0,"89","99","97","84","96","96","5","0","3","5","2010",1
"380",380,"2","1",3,"9","33","17","4","3","2","3","2","7","3","2","2","5","2","3","3","4","1","1","1","3","2","4","4","5","14,13,7,19,15","5","4","1",NA,NA,NA,NA," Muje khud ki knowledge per jada bharosha h",NA,"2","4","3","2","3","1","4","2",1,1,"70","50","40","40","72","68","4","0","4","9","2004",1
"381",381,"3","2",3,"5","40","16","5","6","1","4","12","1","2","2","2","1","2","4","5","1","1","4","4","3","3","5","4","5","5,10,11,7,9","4","5","1",NA,NA,"3","2","Because I always dreamt to be a leader",NA,"4","5","5","5","5","4","5","3",1,0,"80","84","72","74","81","85","4","1","4","5","2008",1
"382",382,"2","1",1,"27","25","16","5","6","1","4","2","6","2","2","1","5","1","1","1","4","1","1","1","1","1","4","4","5","4,6,2,17,12","5","4","1","2","3",NA,NA,"I have leadership skills",NA,"5","4","5","5","5","4","5","4",1,0,"98","100","100","15","30","21","4","0","4","27","2016",1
"383",383,"3","2",2,"5","39","16","4","3","2","4","2","2","1","2","1","2","2","1","1","2","4","3","4","4","3","5","4","5","11,5,6,8,15","4","5","1",NA,NA,"1","2","very good day please find more than the other one of them have any further",NA,"5","5","4","5","5","4","4","4",0,0,"82","62","100","68","97","87","5","0","4","5","2010",1
"384",384,"2","1",2,"24","41","16","4","6","2","3",NA,"2","3","2","2","2","2","2","3","2","1","2","1","2","3","5","4","5","13,15,18,8,1","5","4","1",NA,NA,NA,NA,"You should take yourself as a group representative, this is very fair.",NA,"4","4","4","4","4","4","3","3",1,0,"70","60","25","55","60","55","5","0","4","24","1999",1
"385",385,"2","1",1,"5","28","17","5","6","1","4","2","2","3","3","3","3","3","3","3","3","3","4","3","3","4","5","4","5","15,8,13,10,7","3","4","3",NA,NA,NA,NA,"I'd like to be the group representative if the members are like not that comfortable with being the representative","There might be someone else who wants to be the representative and I might not be the best choice to bet the representative of the group","3","3","4","4","4","3","3","3",1,0,"51","61","50","52","51","51","4","1","4","5","2011",1
"386",386,"2","2",3,"27","19","13","1","3","1","2","14","5","4","2","2","2","2","3","4","4","3","3","3","2","3","3","5","5","15,14,16,7,13","4","2","1",NA,NA,NA,NA,"May the best",NA,"5","4","5","4","4","2","4","3",1,0,"74","52","75","64","48","43","5","0","4","27","2018",1
"387",387,"3","1",2,"5","26","17","5","4","1","3","2","1","4","4","2","5","4","3","2","4","2","3","2","3","3","4","4","4","13,15,18,2,12","4","4","2",NA,NA,NA,NA,"Because i have good confidence that i can do well in geography.","I dont have the time to check about the status of out group.","5","4","4","4","5","4","2","3",1,0,"74","61","88","76","71","44","4","0","4","5","2012",1
"388",388,"3","2",1,"5","33","17","5","3","1","4","1","3","4","2","2","1","3","3","3","3","3","4","4","4","4","4","5","4","7,5,4,14,13","4","5","1",NA,NA,NA,NA,"Because I think I was capable to be the representative of the group.",NA,"3","3","3","4","4","4","3","3",1,0,"48","80","79","75","67","69","5","1","4","5","2019",1
"389",389,"3","2",2,"5","40","16","4","1","1","4","1","5","1","1","1","1","1","2","2","1","3","4","4","4","4","5","4","5","6,7,16,1,4","5","4","1",NA,NA,NA,NA,"I am intersted in.",NA,"4","4","5","5","4","5","5","4",1,0,"71","54","60","41","57","87","5","0","2","5","2001",1
"390",390,"2","1",1,"27","22","16","5","6","1","3","14","5","1","1","3","3","3","3","3","3","4","1","1","3","3","3","4","4","13,7,19,14,8","5","5","1","2","3",NA,NA,"because not everyone's shoulder wide enough to bear the responsibility of a leader",NA,"4","3","3","5","3","3","4","3",0,0,"100","100","100","30","50","50","3","1","3","27","2014",1
"391",391,"3","1",3,"27","21","16","5","6","1","3","2","6","1","2","1","3","4","1","2","4","1","2","2","1","3","4","4","4","1,15,13,19,9","2","3","4","1","2",NA,NA,NA,"I cannot play 
The responsibility well
So i dont want to play the role","4","3","3","2","4","3","4","2",0,0,"100","22","80","43","20","50","5","1","4","27","2020",1
"392",392,"2","2",3,"5","30","11","4","1","1,2,3","4","2","1","1","2","1","2","2","1","1","2","3","4","4","3","4","5","4","5","8,14,5,6,16","5","4","1",NA,NA,"3","1","This is a like",NA,"5","5","4","4","5","4","4","4",1,0,"98","100","100","84","100","100","5","1","2","5",NA,1
"393",393,"2","1",1,"27","30","16","5","6","1","4","2","10","1","2","2","5","1","2","1","2","1","1","1","1","1","5","4","4","2,19,17,6,4","4","4","1",NA,NA,NA,NA,"Reading ability",NA,"4","5","5","5","4","5","4","4",1,0,"100","100","98","9","14","6","4","1","4","27","2016",1
"394",394,"2","1",2,"5","45","17","5","7","1","3","2","4","2","2","2","4","3","3","3","3","2","2","2","1","1","4","5","3","8,14,7,13,6","4","4","2","1","3",NA,NA,"for better for community in the field of social life and life style","there are many resons many people not follow the rules whcih made by the president","3","4","4","4","3","3","4","4",1,0,"71","86","64","39","43","51","5","0","4","5","1987",1
"395",395,"2","2",1,"5","30","11","4","1","1,2,3","4","2","4","1","1","1","2","2","2","2","1","4","3","4","4","3","5","4","5","11,16,7,5,8","4","5","1",NA,NA,NA,NA,"This is a like",NA,"5","4","5","4","4","5","4","4",1,1,"91","100","100","100","93","100","5","0","2","5",NA,1
"396",396,"3","2",3,"27","39","15","5","3","1","4","1","7","1","1","2","1","1","2","2","1","4","4","4","3","3","5","5","5","18,13,9,1,12","5","5","1",NA,NA,NA,NA,"University is a good ",NA,"5","5","4","4","5","5","4","4",1,0,"89","100","100","96","99","93","5","0","2","27","1981",1
"397",397,"3","1",1,"5","30","16","5","4","1","2","5","5","3","3","3","3","3","3","3","3","1","3","1","1","3","5","3","5","7,10,13,19,8","5","5","1","2","3",NA,NA,"It is a proud moment for me to represent my country in a survey.",NA,"5","4","5","4","4","4","4","2",1,1,"71","66","65","73","59","69","5","0","4","5","2008",1
"398",398,"3","1",2,"5","30","16","5","4","1","2","5","10","3","3","3","3","3","3","3","3","1","3","1","2","2","5","4","5","7,19,8,14,13","5","5","1",NA,NA,NA,NA,"I have studied alot about the history of my nation and have been active about what has been happening so I would accurately help in answering this survey.",NA,"4","4","4","4","5","4","4","2",1,0,"58","61","73","62","47","76","5","0","4","5","2009",1
"399",399,"2","1",2,"27","30","16","5","6","1","4","2","7","1","2","2","4","2","1","1","1","1","1","1","1","1","5","4","5","19,8,12,6,2","4","4","1",NA,NA,NA,NA,"Good",NA,"5","5","5","4","5","5","5","4",1,0,"95","100","100","6","2","12","5","1","4","27","2015",1
"400",400,"3","2",1,"5","40","16","4","6","1","4","2","6","1","2","1","1","1","1","1","1","2","1","2","2","1","5","4","5","10,6,15,5,8","5","5","3",NA,NA,NA,NA,"When back to school I feel good","I always want group representative","5","5","5","5","5","5","5","4",1,0,"75","75","80","83","87","85","5","1","3","5","2020",1
"401",401,"2","2",2,"5","30","11","4","1","1,2,3","4","2","8","2","1","2","1","1","2","2","1","3","4","3","4","4","5","4","5","6,4,18,19,10","5","4","1",NA,NA,NA,NA,"This is a like",NA,"4","4","4","5","5","4","5","4",1,0,"94","100","100","91","100","100","5","0","2","5",NA,1
"402",402,"3","2",1,"5","40","16","3","1","1","4","2","6","2","2","1","2","1","1","1","2","4","3","4","4","4","5","4","5","7,3,5,12,15","5","4","1",NA,NA,NA,NA,"Best",NA,"4","5","4","5","5","4","5","4",1,0,"95","98","90","89","87","88","5","0","3","5","2000",1
"403",403,"2","1",3,"27","43","17","3","6","1","2","2","8","4","2","2","3","3","3","1","5","2","2","2","2","2","2","5","4","4,8,6,10,7","4","5","1",NA,NA,NA,NA,"I think I have leadership qualities.",NA,"4","4","4","5","4","4","3","1",0,0,"69","54","83","40","55","20","4","1","4","27","1995",1
"404",404,"2","1",2,"27","39","15","4","1","1","4","2","8","2","2","2","2","2","2","2","2","3","3","3","1","3","1","1","1","16,15,13,12,4","1","1","1",NA,NA,NA,NA,"VERY GOOD",NA,"1","1","1","1","1","1","1","4",1,0,"86","100","100","89","52","69","4","1","3","27","2014",1
"405",405,"3","2",2,"5","55","16","4","3","1","4","1","1","3","4","4","5","5","4","3","3","2","3","4","4","2","5","5","5","11,18,7,5,4","4","5","1",NA,NA,"1","2","Back to school",NA,"5","5","3","5","4","3","5","4",1,1,"95","80","59","82","79","83","5","1","2","5","2010",1
"406",406,"2","2",2,"9","47","16","4","3","1,2","3","4","10","4","2","3","1","2","2","5","1","1","4","2","2","4","2","5","4","2,13,5,7,19","5","4","2",NA,NA,NA,NA,"I think I have good knowledge of the chosen topic.","There's a great responsibility of group on the representative.","4","4","4","4","5","4","3","3",1,1,"40","50","70","85","50","91","5","1","4","9","1995",1
"407",407,"3","2",1,"5","40","16","3","1","1","4","2","6","1","2","2","1","1","1","2","1","4","4","3","4","2","5","5","4","16,4,2,6,11","5","4","1",NA,NA,NA,NA,"Best",NA,"5","5","5","4","4","5","5","4",1,0,"99","100","100","100","98","100","5","1","4","5","2000",1
"408",408,"3","1",3,"27","24","16","5","3","2","2",NA,"5","4","2","2","2","2","2","3","3","2","4","2","2","3","5","5","5","8,12,18,17,13","3","3","2","2","1",NA,NA,"I want to be a group representative, It is a good chance to work with group and I want to be a good team player","I want but it's risky somehow, If I didn't receive the credit it's ok but due to my mistake my partner also gets affected.","4","4","4","3","3","3","4","2",1,1,"81","77","76","75","79","71","2","1","3","27","2017",1
"409",409,"2","1",2,"27","53","16","5","7","2","3","2","3","1","1","1","1","1","1","1","1","1","1","1","1","1","4","4","4","13,7,18,14,19","5","5","1","2","3",NA,NA,"I WANT TO BE THE GROUP LEADER",NA,"4","4","5","5","5","4","2","3",1,1,"50","50","50","50","50","50","5","1","4","27","1983",1
"410",410,"3","2",3,"5","40","16","3","1","1","4","2","10","1","2","2","1","2","1","1","1","1","4","4","3","2","5","5","5","19,18,9,5,14","4","5","1",NA,NA,NA,NA,"Best",NA,"4","4","5","5","5","4","5","4",1,0,"99","97","92","99","98","98","5","0","2","5","2000",1
"411",411,"2","1",2,"27","26","17","5","6","1","4","2","9","5","3","3","3","1","3","1","3","1","1","1","1","1","5","5","4","8,2,4,13,12","5","5","1",NA,NA,NA,NA,"for becoming indian and feel proudly indian",NA,"3","3","3","3","2","3","3","4",1,0,"100","100","100","0","0","0","5","0","4","27","2016",1
"412",412,"2","1",3,"9","25","17","4","6","2","2","2","3","2","2","1","3","2","2","1","2","2","3","1","2","2","1","1","1","13,8,4,15,7","1","1","2","1","3",NA,NA,"I feel I am more responsible.","I am mostly the kingmaker, so I would select the one most appropriate.","1","2","3","1","2","3","1","2",0,0,"68","70","81","80","28","40","4","0","4","9","2012",1
"413",413,"2","1",3,"27","29","16","5","1","1","2",NA,"6","4","3","1","3","3","3","3","3","3","3","2","1","4","3","4","3","13,19,12,11,17","5","3","1","2","3",NA,NA,"just to win game.",NA,"3","4","3","4","2","4","2","2",1,0,"54","81","100","52","75","100","3","1","3","27","2014",1
"414",414,"3","1",3,"24","26","16","5","1","2","3",NA,"2","3","2","2","2","2","2","2","2","1","4","2","1","3","4","3","3","8,12,9,1,13","5","5","1",NA,NA,NA,NA,"Hi!
I am willing to be a group representative because of my strong cultural backgrounds. I have been in close relationship with people from different religions, ethnicities and beliefs. So, I believe that I will be able to put mine as well as others' point of few pretty well.
Thanks!",NA,"4","4","4","3","4","3","2","2",0,0,"50","47","55","40","50","50","4","0","4","24","2013",1
"415",415,"2","1",2,"24","22","16","5","1","1","1","2","3","3","3","1","2","2","2","2","4","3","4","2","3","4","3","5","5","6,10,9,13,7","5","4","1","3","2",NA,NA,"Group representative is one responsibility to fulfill group demand and also to one has to make decisions for the good of the group. And I am good at this so I want to be the group representative",NA,"4","4","5","5","4","5","2","1",1,1,"70","60","80","80","80","60","1","0","4","24","2014",1
"416",416,"3","2",2,"5","55","16","4","3","1","4","1","3","5","3","3","5","4","3","3","3","3","4","2","2","2","5","5","5","12,4,16,15,5","5","4","1",NA,NA,NA,NA,"Back to school",NA,"5","4","3","4","5","4","4","4",1,1,"86","97","100","82","94","89","5","1","2","5","2010",1
"417",417,"2","1",1,"24","21","16","5","6","1","1",NA,"1","2","2","2","4","4","2","3","3","1","1","1","1","1","3","5","5","19,7,13,17,14","4","2","2",NA,NA,NA,NA,"Because I have some team management skill","Because I intrested in leadership ","2","2","4","2","4","2","2","1",1,0,"66","30","70","58","47","45","1","0","3","24","2015",1
"418",418,"2","1",1,"27","19","13","5","3","2","3","14","4","3","2","2","3","2","3","3","3","2","2","1","2","4","4","5","4","1,7,15,13,8","1","3","3","3","2",NA,NA,"I have a potential to be a group representative","Noways.. I wanted to be an group representative!","4","4","5","5","5","3","2","2",1,1,"50","50","50","50","50","50","5","1","3","27","2016",1
"419",419,"3","2",1,"5","34","15","4","1","1","4","1","1","1","4","1","1","1","1","1","1","4","4","4","4","4","5","5","5","14,5,15,10,11","5","5","3",NA,NA,"2","3","It's perfect","It's really good","5","5","5","5","4","5","5","4",1,0,"88","100","100","95","88","93","5","0","2","5","2011",1
"420",420,"3","1",1,"27","32","17","5","6","1","4","2","7","1","1","1","1","1","1","1","1","1","1","1","1","1","5","5","5","4,19,1,17,16","5","5","1",NA,NA,NA,NA,"I am the my class room group representatives and my classmates loves me ",NA,"5","5","5","5","5","5","5","4",1,0,"80","95","83","97","82","94","5","1","3","27","2013",1
"421",421,"3","1",2,"27","43","16","4","6","1","3",NA,"8","3","2","2","2","2","2","1","3","1","1","1","1","1","4","4","4","8,4,15,13,7","4","4","1",NA,NA,NA,NA,"I have more faith in my ability",NA,"4","4","4","4","5","4","3","3",1,0,"97","95","97","76","53","58","4","0","4","29","1994",1
"422",422,"2","1",2,"5","31","15","5","6","2","3",NA,"6","3","3","3","3","3","3","3","3","2","3","2","2","4","3","3","3","8,11,1,12,15","3","3","1","3","1",NA,NA,"I wat to be a group representative because i will choose correctly if i was not the winner i agree",NA,"4","4","3","4","3","3","3","2",1,0,"38","46","62","38","40","52","4","0","3","5","2008",1
"423",423,"3","1",1,"27","38","16","4","1","1","4","2","1","4","1","4","4","4","4","5","4","4","3","3","4","4","5","4","5","4,5,13,8,9","5","5","1",NA,NA,NA,NA,"Very nice I love it",NA,"5","5","5","5","4","4","5","4",1,0,"86","85","73","77","84","89","5","0","3","27","2010",1
"424",424,"2","1",3,"9","18","16","3","1","1","2",NA,"4","3","2","2","2","3","2","4","3","3","2","2","1","2","3","3","3","3,14,7,8,13","3","4","1","1","3",NA,NA,"As i know that i can do it
",NA,"3","3","4","4","3","4","4","2",1,0,"91","79","95","61","50","50","4","0","3","9","2019",1
"425",425,"3","2",2,"5","18","13","5","1","1","4","2","10","1","3","4","1","3","3","1","4","2","4","2","3","4","5","5","5","9,13,11,5,15","5","5","1",NA,NA,NA,NA,"This is very good all over this ",NA,"5","5","5","5","5","4","4","4",1,0,"77","68","81","100","96","100","5","1","3","5","2013",1
"426",426,"3","1",1,"27","35","15","5","6","1","4","5","6","4","5","3","3","4","5","1","2","3","3","4","3","4","5","5","4","12,13,9,16,5","5","4","1","3","1",NA,NA,"It will take a few hours and then we are going well for you if",NA,"3","4","4","5","5","5","4","4",1,0,"93","93","98","90","89","89","5","0","4","27","2017",1
"427",427,"3","2",2,"5","18","13","5","1","1","4","2","10","3","2","3","1","4","3","1","4","2","4","2","4","4","5","5","5","7,1,5,9,10","5","5","1",NA,NA,NA,NA,"This community is too good ",NA,"5","5","5","4","4","5","5","4",1,0,"93","88","90","95","93","89","5","1","3","5","2013",1
"428",428,"3","2",3,"5","40","16","4","1","1","4","1","7","1","2","1","1","1","2","2","2","3","4","4","4","3","5","5","5","16,1,11,6,13","4","5","1",NA,NA,NA,NA,"It's really good",NA,"5","5","4","5","5","4","4","4",1,0,"84","55","50","66","59","78","5","1","3","5","2001",1
"429",429,"3","2",2,"5","40","16","4","3","1","4","3","5","1","1","1","1","1","1","1","1","2","1","1","1","1","5","5","5","5,16,8,11,10","5","5","3",NA,NA,NA,NA,"Mughal emperors its good story","Nothing it's good","4","5","5","5","5","4","5","4",1,0,"80","77","76","82","80","86","5","1","4","5","2014",1
"430",430,"3","2",2,"5","34","16","4","1","2","4","2","3","5","1","2","1","2","1","2","1","1","4","1","1","4","5","5","5","19,14,10,1,5","4","5","1",NA,NA,NA,NA,"Master",NA,"5","5","4","5","5","4","5","4",1,0,"73","88","80","91","80","72","5","1","2","5","1986",1
"431",431,"3","1",1,"5","35","15","5","6","1","4","5","8","5","4","3","5","3","5","3","4","3","4","2","4","3","5","4","5","11,16,13,14,15","5","4","1",NA,NA,NA,NA,"It is very important and very interested and cool and ",NA,"3","5","5","4","4","5","5","4",1,0,"93","100","87","86","96","96","5","1","4","27","2017",1
"432",432,"3","1",1,"27","38","16","4","1","1","4","2","5","5","4","5","4","4","5","3","4","3","4","3","4","4","5","5","5","10,16,6,15,13","5","5","2","2","3",NA,NA,"I want this because i am very interested in this","I dont want this because i dont have interest in this","5","4","5","5","5","5","5","4",1,0,"75","86","78","83","71","62","5","1","4","27","2010",1
"433",433,"3","2",3,"5","40","16","4","1","1","4","2","7","2","2","1","1","2","3","1","1","3","4","4","4","2","5","5","5","11,12,14,10,5","4","5","1",NA,NA,NA,NA,"DSP education is a very important",NA,"5","4","5","5","5","5","5","4",1,0,"91","63","100","100","100","100","5","1","2","5","2001",1
"434",434,"3","2",3,"5","34","16","4","1","1","4","2","2","1","2","2","2","2","1","2","1","1","1","1","2","1","5","5","4","12,8,18,15,11","5","5","1",NA,NA,"2","3","I make a group representative is the best performance in my life ",NA,"4","5","4","5","5","5","5","4",1,0,"64","69","69","82","93","87","5","0","3","5","2008",1
"435",435,"3","1",1,"27","38","16","5","1","1","4","2","4","4","1","5","5","5","4","5","5","4","3","3","4","4","5","4","5","4,5,13,8,10","5","5","1","2","3",NA,NA,"IELTS",NA,"5","5","4","5","5","5","4","4",1,0,"86","82","76","91","75","79","5","1","3","27","2010",1
"436",436,"3","2",3,"5","42","16","4","6","2","4","2","1","5","3","4","5","4","3","5","4","4","3","4","3","4","5","4","5","5,2,13,4,6","5","5","1",NA,NA,"2","3","Yrs",NA,"5","4","5","5","4","4","4","4",1,0,"50","93","58","98","68","71","5","1","3","5","1990",1
"437",437,"3","2",3,"5","40","16","3","1","1","4","1","8","2","3","5","1","1","1","5","2","1","4","4","4","4","5","5","4","2,5,4,15,18","4","5","1",NA,NA,NA,NA,"Best",NA,"5","4","5","5","5","4","4","4",1,0,"100","97","100","98","100","98","5","1","3","5","2000",1
"438",438,"3","2",3,"5","18","13","5","1","1","4","2","10","3","2","3","1","4","4","1","4","2","4","2","4","4","5","5","5","18,10,5,15,1","5","5","1",NA,NA,NA,NA,"This is very good all over ",NA,"4","5","5","5","5","5","5","4",1,0,"89","86","77","89","93","90","5","0","2","5","2013",1
"439",439,"3","2",2,"5","40","16","3","1","1","4","1","6","1","4","4","1","2","4","5","1","4","3","4","4","3","5","5","4","8,10,5,3,12","4","5","1",NA,NA,NA,NA,"Best",NA,"5","4","4","4","5","5","5","4",1,0,"97","100","100","98","99","100","5","0","3","5","2000",1
"440",440,"2","1",3,"9","28","16","5","7","1","4","2","8","3","3","1","4","2","3","1","3","4","4","2","2","2","2","4","4","8,12,4,13,6","5","5","1",NA,NA,NA,NA,"I know my geography too well to represent this group.",NA,"3","2","2","3","2","2","5","3",0,0,"81","73","81","50","27","17","5","0","4","9","2009",1
"441",441,"2","1",1,"9","30","15","2","1","1,2,3","4","2","3","2","2","1","2","5","3","5","2","4","2","4","4","3","5","5","5","10,8,11,4,13","5","5","1","3","1",NA,NA,"It makes top decision",NA,"5","5","5","5","5","5","5","4",1,0,"44","62","100","99","92","45","5","1","4","9","2018",1
"442",442,"3","2",2,"5","40","16","4","1","1","4","2","4","1","1","1","1","1","1","1","1","3","4","4","3","4","5","5","5","12,4,3,10,7","5","5","1",NA,NA,NA,NA,"Very good",NA,"5","5","5","5","5","5","5","4",1,0,"79","82","79","87","86","82","5","0","2","5","2001",1
"443",443,"3","2",2,"5","40","16","4","1","1","4","2","9","2","1","1","1","1","1","1","1","4","4","4","4","4","5","5","5","6,14,7,15,5","5","5","1",NA,NA,NA,NA,"Very good",NA,"5","5","5","5","5","5","2","4",1,0,"90","89","89","91","88","88","5","1","2","5","2001",1
"444",444,"3","2",3,"27","39","15","5","3","1","4","1","2","2","1","2","1","1","1","2","2","4","3","2","2","3","5","5","4","1,6,16,17,13","5","5","1",NA,NA,"2","1","So much good and very so liked",NA,"5","5","4","5","5","4","4","4",1,0,"100","100","89","88","100","100","4","0","2","27","1981",1
"445",445,"3","2",2,"5","55","17","4","6","1","4","2","8","2","2","1","1","2","2","1","1","4","4","3","4","4","5","5","5","5,18,4,15,8","5","1","1",NA,NA,NA,NA,"Because I explain everything easily",NA,"5","5","5","5","5","5","5","4",1,0,"80","100","92","95","81","100","5","0","2","5","1990",1
"446",446,"3","2",3,"5","40","16","4","1","1","4","2","7","1","1","2","2","1","1","2","1","4","4","3","3","4","5","5","4","4,1,12,9,14","5","5","1",NA,NA,NA,NA,"I am fully satisfied about it",NA,"4","4","5","4","5","5","4","4",1,0,"51","59","56","56","75","36","5","0","3","5","2001",1
"447",447,"3","2",3,"5","40","16","4","1","1","4","2","2","1","4","2","1","2","2","1","4","2","2","2","4","2","4","5","5","10,15,4,11,7","5","5","1",NA,NA,"2","3","Because u dearve to be the one because i'll share equal to everyone",NA,"4","5","5","4","4","4","4","4",1,0,"85","88","85","88","90","91","4","0","4","5","2001",1
"448",448,"2","1",1,"5","35","16","5","1","1","4","2","2","3","2","1","2","2","2","1","2","1","2","2","1","2","5","5","5","7,18,1,2,8","5","5","1",NA,NA,NA,NA,"I want to be Group representative to learn new things",NA,"4","4","4","4","5","5","2","4",1,0,"61","53","45","58","46","43","4","0","4","5","2005",1
"449",449,"2","1",1,"24","34","17","5","6","1","3","2","9","4","3","2","4","4","4","2","3","1","1","1","2","2","1","4","4","7,19,13,12,8","4","4","2",NA,NA,NA,NA,"Because I have quality of doing tasks sincerly and have team lead skills.","I may not know answers to some of the questions so it may be better to give this opportunity to some one with sound knowledge.","3","4","4","3","4","4","4","2",1,0,"51","50","50","50","50","50","1","0","4","24","2002",1
"450",450,"3","2",2,"5","31","16","5","1","2","4",NA,"7","1","1","1","1","1","1","1","1","4","4","4","4","4","1","5","5","5,4,16,10,3","5","5","1",NA,NA,NA,NA,"I love it very much because ",NA,"5","5","5","5","5","5","5","4",1,0,"100","100","88","100","100","100","5","0","2","5","2018",1
"451",451,"3","2",3,"5","31","16","5","1","2","4",NA,"4","1","1","1","1","1","1","1","1","4","4","4","4","4","1","5","5","15,5,11,4,16","5","5","1",NA,NA,NA,NA,"Because I want to give my opinion about it.",NA,"5","5","5","5","5","5","5","4",1,0,"90","100","100","100","100","100","5","0","2","5","2018",1
"452",452,"3","1",3,"27","21","16","5","6","4","3",NA,"6","3","3","3","3","3","3","3","3","2","2","2","1","4","3","5","4","8,1,18,17,7","4","4","2","1","3",NA,NA,"i want to be a group representative because i trust my instincts and will prove to be a great leader ","I think i am the best but that wouldn't be the case because someone could be better than me and i would like to learn from that person to be better in that field.","3","4","2","4","4","5","3","2",1,0,"50","50","50","50","50","50","4","0","3","27","2015",1
"453",453,"2","1",1,"27","20","17","5","6","1","4","2","5","4","2","2","2","2","2","1","2","3","3","2","2","3","4","4","4","13,15,4,12,8","3","4","2","2","1",NA,NA,"leading the group will be a great honour","it will consume a lot of my energy","4","4","4","4","4","4","3","4",1,0,"21","88","64","45","31","67","4","1","4","27","2017",1
"454",454,"3","1",2,"27","18","13","1","3","1","1",NA,"4","1","5","1","1","1","1","1","1","1","1","1","1","1","5","5","5","16,18,12,15,17","4","4","1","2","3",NA,NA,"We need a group representative so that one can sincerely handle things and take proper actions on time. ",NA,"3","3","4","5","3","5","2","1",1,0,"79","55","100","66","68","68","5","0","2","36","2020",1
"455",455,"3","2",3,"5","34","16","4","1","1","3","5","10","1","1","1","1","1","1","1","1","1","1","1","1","1","5","5","5","5,11,10,12,15","5","5","1",NA,NA,NA,NA,"I make a group representative is the best performance in the group ",NA,"4","3","5","3","3","5","3","3",1,0,"50","50","70","70","90","80","4","1","3","5","2010",1
"456",456,"3","2",2,"27","36","17","4","4","1","3","14","10","2","2","2","2","2","2","2","2","1","1","1","1","1","1","5","5","15,16,13,18,7","5","5","2",NA,NA,NA,NA,"I have leadership quality and always want to lead the group","none","4","4","4","4","4","4","4","3",1,0,"71","70","78","81","70","79","5","0","3","27","2000",1
"457",457,"2","1",3,"9","32","16","4","6","1","3","2","7","3","1","1","3","1","1","1","3","2","1","1","2","3","5","5","5","8,12,19,14,13","5","5","1",NA,NA,NA,NA,"i am confident and well read person",NA,"4","2","3","3","2","3","4","3",1,0,"50","50","70","70","50","50","5","0","4","9","2006",1
"458",458,"2","1",1,"5","28","16","3","2","1","3","2","5","4","2","2","4","3","3","1","3","2","3","3","3","2","1","1","1","17,2,7,4,11","4","2","1","3","2",NA,NA,"I want to be group representative because I like to be group representative.",NA,"4","5","4","5","4","3","5","3",1,0,"93","64","89","86","84","73","4","1","3","5","2017",1
"459",459,"3","2",1,"5","31","16","5","1","2","4",NA,"2","1","1","1","1","1","1","1","1","4","4","4","4","4","1","5","5","5,15,16,13,11","5","5","1",NA,NA,"3","2","I'm really want to share my opinions. ",NA,"5","5","5","5","5","5","5","4",1,0,"91","100","84","100","100","100","5","0","4","5","2018",1
"460",460,"3","1",2,"9","37","16","5","6","1","4","2","8","1","1","1","1","1","2","1","1","1","1","1","1","4","5","5","5","18,15,16,12,7","5","5","1",NA,NA,NA,NA,"I can do whatever it is for victory.",NA,"5","5","5","5","5","5","2","4",1,0,"87","94","88","38","38","49","5","1","3","9","2003",1
"461",461,"3","1",3,"27","27","16","2","3","1","2",NA,"2","3","2","2","3","3","2","3","3","2","3","2","1","4","2","4","4","15,7,17,19,13","4","4","2",NA,NA,NA,NA,"due to my calm approach","It is fine either way","3","3","3","3","4","3","3","2",0,0,"50","70","70","60","60","51","4","0","4","27","2010",1
"462",462,"2","2",2,"9","20","17","5","6","1","4","2","3","2","1","2","1","2","3","1","5","1","3","3","1","4","5","3","5","15,5,17,18,16","5","5","1",NA,NA,NA,NA,"I have leadership quality",NA,"5","5","5","5","5","5","2","4",1,0,"55","69","61","80","74","61","5","0","4","9","2019",1
"463",463,"3","2",3,"5","55","16","4","3","1","4","1","6","3","3","3","5","3","4","3","3","3","4","3","2","2","5","5","5","2,4,3,1,5","5","4","1",NA,NA,NA,NA,"Nothing",NA,"5","5","4","5","5","5","5","4",1,1,"95","91","82","73","84","85","5","1","2","5","2010",1
"464",464,"3","2",1,"5","55","16","4","3","1","4","1","9","3","3","2","1","2","3","2","4","2","4","2","2","3","5","5","5","17,3,2,15,16","4","5","1",NA,NA,NA,NA,"Best wishes to you",NA,"5","4","5","5","4","5","5","4",1,0,"48","65","7","45","41","46","5","0","3","5","2010",1
"465",465,"3","1",3,"27","22","16","3","6","1","3","2","8","2","2","2","2","2","2","2","2","2","4","2","3","4","4","3","4","15,13,16,7,17","5","5","2",NA,NA,NA,NA," as i selected geography, i know a lot about it, as a representative i'll always try to be good and always do best with our respective groupmates.","i never said i never wanted to be a group representative.","4","3","4","4","3","3","4","3",1,0,"70","75","92","71","64","71","4","0","4","27","2016",1
"466",466,"3","1",2,"27","28","16","5","6","1","4","2","6","3","2","1","4","1","3","1","3","2","2","1","2","4","5","5","4","15,7,14,13,19","5","5","1","2","3",NA,NA,"I used to lead my team in quiz competitions during my school days.",NA,"4","4","4","5","4","4","2","3",1,1,"65","70","60","50","65","60","5","1","4","27","2011",1
"467",467,"2","1",1,"5","38","16","5","6","1","4","2","8","4","3","1","3","2","2","1","3","3","2","4","4","3","5","5","5","12,11,8,2,4","4","5","1",NA,NA,NA,NA,"more attention",NA,"5","4","5","4","5","5","4","4",1,0,"74","85","95","82","84","99","5","0","4","33","2015",1
"468",468,"2","2",3,"27","26","17","5","6","1","4",NA,"4","2","3","3","3","1","3","4","1","1","4","3","2","2","4","3","4","1,3,9,10,6","4","4","2",NA,NA,NA,NA,"I consider myself to be able to understand the topic and give right answers","because, in case if I make a mistake, whole group would be affected by it.","4","4","4","5","5","4","2","1",0,0,"51","36","30","51","50","37","5","0","3","9","2013",1
"469",469,"3","1",1,"9","19","16","5","6","1","4","2","2","1","1","1","2","1","2","1","1","1","1","1","1","4","5","5","5","12,18,16,11,7","5","5","1",NA,NA,NA,NA,"My leading and winning with team nature ",NA,"5","5","5","5","5","5","1","4",1,0,"94","94","93","41","45","51","5","0","3","9","2019",1
"470",470,"3","1",2,"24","38","17","5","6","1","4","2","4","5","1","1","1","1","2","1","1","4","2","3","4","3","5","5","5","2,12,18,17,15","5","5","2","3","2",NA,NA,"Team leader","Gedring","5","5","5","5","5","5","5","4",1,0,"100","100","100","100","100","100","5","0","4","10","1997",1
"471",471,"3","2",2,"5","55","16","4","3","1","4","1","10","5","4","5","5","3","5","4","4","3","4","3","3","4","5","5","5","14,5,7,1,10","4","5","1",NA,NA,NA,NA,"nothing",NA,"5","4","4","5","5","4","4","4",1,1,"81","94","97","73","96","81","5","1","2","5","2010",1
"472",472,"3","1",2,"24","25","16","4","1","1","3","2","4","3","2","2","2","2","2","2","2","1","2","1","2","2","3","5","4","13,8,4,7,15","4","4","1","2","1",NA,NA,"Because I was very well with respresenting even in school time nd I know I can do it very well",NA,"4","3","3","4","3","3","4","3",1,1,"100","48","98","100","76","59","4","1","3","24","2018",1
"473",473,"2","1",1,"5","30","16","2","7","1","3","2","8","2","2","1","3","2","2","3","3","1","2","2","3","2","4","4","4","18,6,11,4,5","4","4","1",NA,NA,NA,NA,"1.Because i am educated than them.
2.I am reach.
3.I am intelligent",NA,"5","5","3","4","4","4","3","3",1,0,"80","71","93","81","93","89","4","1","2","5","2019",1
"474",474,"2","1",3,"5","21","15","3","6","1","3",NA,"7","2","3","1","3","2","3","3","3","1","4","2","1","3","4","3","4","14,15,2,18,19","5","5","1",NA,NA,NA,NA,"I am capable of understanding the group hardwork and i want to be a great initiator and leader",NA,"4","4","4","3","3","4","3","3",1,1,"66","81","98","62","88","88","4","1","4","5","2019",1
"475",475,"2","2",3,"27","22","16","5","4","1","4","2","5","2","3","2","2","1","3","2","2","3","2","2","2","3","4","5","5","19,4,9,13,14","4","4","1",NA,NA,NA,NA,"Have",NA,"4","4","5","3","4","4","5","4",1,0,"71","69","57","73","70","73","4","1","2","27","2016",1
"476",476,"3","2",1,"5","38","17","5","6","1","4","5","8","1","1","1","1","1","1","3","1","1","1","1","1","4","4","2","5","19,7,13,18,17","5","5","1",NA,NA,NA,NA,"I have good analytical and Leadership skills and can Lead a team/group. 
I don't jump to conclusion or decision without a proper discussion from team members. ",NA,"2","2","4","3","3","3","4","3",1,1,"74","70","64","58","48","42","1","0","4","5","2001",1
"477",477,"3","2",2,"5","40","16","3","1","1","4","2","7","1","2","1","2","1","2","2","1","4","3","3","3","4","5","5","5","8,5,15,11,4","5","4","1",NA,NA,NA,NA,"Good survey",NA,"4","5","4","5","5","4","4","4",1,0,"49","71","70","73","64","50","5","1","2","5","2000",1
"478",478,"2","1",2,"5","44","15","4","3","1","3",NA,"7","4","3","1","3","3","2","2","3","4","3","3","4","4","5","5","5","12,10,4,8,2","4","5","1",NA,NA,NA,NA,"about ancient india",NA,"4","4","5","5","5","5","4","4",1,1,"85","50","70","62","81","84","4","1","4","5","2002",1
"479",479,"3","2",1,"5","55","16","4","3","1","4","1","5","3","3","3","1","3","2","2","3","3","4","3","3","4","5","5","5","12,19,11,2,15","5","5","1",NA,NA,NA,NA,"Best school ",NA,"5","5","5","5","5","4","5","4",1,0,"63","64","22","53","87","77","5","1","3","5","2010",1
"480",480,"2","1",3,"5","25","17","5","6","1","4","2","9","3","3","1","4","4","3","3","5","1","3","3","2","4","4","3","5","2,10,11,12,8","3","4","1",NA,NA,NA,NA,"I want to be group representative and I will answer attentively and with full concentration",NA,"5","5","3","5","5","5","5","4",1,1,"73","65","66","68","66","66","5","1","3","36","2015",1
"481",481,"2","1",3,"24","22","17","4","6","1","1","2","2","2","4","1","4","4","4","1","5","2","1","2","2","1","1","5","5","12,15,4,8,18","5","5","1",NA,NA,NA,NA,"Because I think I am capable of it",NA,"5","5","5","5","5","5","5","3",1,0,"84","88","100","4","3","3","5","1","2","24","2016",1
"482",482,"2","1",2,"9","20","14","2","7","2,4","1",NA,"3","2","4","2","3","3","3","3","3","4","1","1","3","4","4","4","4","2,8,12,15,7","4","4","1","3","2",NA,NA,"I have the potential.",NA,"4","4","4","3","4","3","3","2",0,0,"96","82","92","56","50","51","5","0","4","9","2020",1
"483",483,"3","1",1,"5","36","16","1","1","1,2,3","4","2","4","1","2","3","2","1","1","1","2","3","4","3","4","4","5","5","4","14,19,11,6,18","5","4","1","2","3",NA,NA,"Very nice experience",NA,"5","5","5","4","4","5","4","4",1,0,"79","96","93","100","85","87","5","0","3","5","1984",1
"484",484,"3","1",3,"27","23","17","4","3","1","3","5","3","2","1","1","2","2","2","3","2","2","4","2","1","4","4","5","5","13,1,4,16,15","4","3","1","3","2",NA,NA,"I want to get the earnings to my partners also by choosing appropriate category for the survey.",NA,"4","4","4","5","4","3","3","3",1,1,"80","90","84","73","67","63","5","1","4","27","2014",1
"485",485,"2","1",3,"9","19","13","3","1","1","3",NA,"2","3","3","3","4","3","2","3","3","1","1","1","1","2","4","4","4","8,13,9,19,7","5","5","1",NA,NA,NA,NA,"I am the class monitor in my school so I know what to do and how to do...how to handle any hard condition.",NA,"3","3","4","4","3","4","4","3",0,0,"70","65","90","66","60","78","4","0","4","9","2020",1
"486",486,"2","1",2,"5","28","17","5","3","1","4","1","3","4","1","1","1","1","2","5","1","1","4","3","2","4","5","5","5","15,9,12,4,7","5","5","1","2","3",NA,NA,"I find it very enjoyable.",NA,"5","5","5","5","5","4","5","4",1,0,"30","69","66","39","61","26","1","1","4","5","2009",1
"487",487,"2","1",3,"5","24","16","5","6","1","4","2","9","1","1","1","1","1","1","1","1","4","4","1","4","4","5","5","5","4,6,12,17,18","5","5","1",NA,NA,NA,NA,"I want to be the group representative because Sociology is my favourite subject.",NA,"2","2","2","2","2","2","2","4",1,0,"100","100","100","19","17","18","5","0","4","5","2015",1
"488",488,"2","1",2,"27","31","17","4","2","1","3","2","5","3","2","2","4","3","4","1","4","3","4","2","1","2","4","5","5","7,9,19,17,4","5","5","1","2","3",NA,NA,"I Know how to treat people like a leader",NA,"4","4","3","4","4","4","4","3",1,0,"20","30","50","50","20","10","4","1","3","27","2012",1
"489",489,"3","2",1,"5","18","13","5","1","1","4","2","3","3","3","3","1","4","5","1","4","2","4","2","4","4","5","5","4","16,5,11,2,9","4","5","1",NA,NA,NA,NA,"This is very good community all over ",NA,"5","5","5","5","4","5","4","4",1,0,"94","74","83","100","100","96","5","0","3","5","2013",1
"490",490,"2","1",1,"9","21","15","3","2","1","2",NA,"3","2","3","1","4","2","3","2","3","2","2","1","2","3","4","3","1","9,19,14,13,7","3","3","1","3","2",NA,NA,"Because i can lead my group and i know geography very good.",NA,"3","3","4","3","2","2","4","2",1,0,"50","50","70","50","50","50","4","1","3","9","2019",1
"491",491,"3","1",3,"27","36","17","4","3","1,2","4","1","4","2","2","2","2","2","2","4","1","2","3","2","2","4","3","5","5","15,7,13,18,10","5","5","1","3","2",NA,NA,"I felt like I can do it better than others",NA,"5","4","4","5","4","3","2","3",1,1,"51","51","81","50","51","41","5","1","4","27","1998",1
"492",492,"2","1",3,"5","30","17","4","7","2","4","2","10","2","1","1","1","2","2","1","3","1","1","1","1","1","5","5","5","6,5,4,16,2","5","5","1",NA,NA,NA,NA,"i am Hard working",NA,"5","4","5","5","5","4","4","4",1,0,"93","83","88","73","94","97","5","1","3","5","2014",1
"493",493,"3","1",1,"9","45","16","4","6","1","3","2","6","3","3","3","3","3","4","3","4","2","2","2","1","4","4","1","4","1,2,13,4,18","5","5","1","3","2",NA,NA,"I feel that I can take the right decisions and hopefully it will benefit all the group members",NA,"4","3","4","3","2","2","4","3",1,0,"55","67","82","53","32","25","5","1","4","9","1990",1
"494",494,"3","2",2,"5","55","16","4","3","1","4","1","9","3","3","3","5","4","4","3","3","2","4","3","2","3","5","5","5","6,8,18,13,5","5","5","1",NA,NA,NA,NA,"Nothing",NA,"5","5","5","5","5","5","5","4",1,0,"82","73","86","85","74","85","5","0","2","5","2010",1
"495",495,"2","1",1,"27","26","16","5","6","1,2","3","2","9","2","2","2","2","2","2","2","3","2","2","2","2","2","4","5","5","17,5,12,15,4","5","5","1",NA,NA,NA,NA,"Because I am more intelligent",NA,"4","4","5","3","5","3","4","3",1,0,"72","62","62","52","63","53","4","1","4","27","2016",1
"496",496,"2","2",3,"27","30","17","5","6","1","3","1","7","4","2","3","4","3","3","3","3","1","1","1","1","2","4","4","5","11,5,16,15,8","4","5","1",NA,NA,NA,NA,"I will make fair decisions ",NA,"4","5","5","4","4","4","4","3",1,0,"63","70","86","71","92","91","4","1","4","27","2015",1
"497",497,"2","1",3,"27","36","17","5","7","1","3","14","1","3","3","2","5","3","3","4","3","2","3","1","1","4","3","4","5","13,19,7,14,10","5","5","1",NA,NA,NA,NA,"I can contribute positively & help the team to win.",NA,"5","5","4","4","3","4","2","2",0,0,"81","59","68","56","42","65","3","0","4","5","2000",1
"498",498,"3","1",3,"5","28","17","5","6","2","3","2","4","2","2","1","2","1","3","1","2","1","2","2","1","3","3","4","5","8,6,18,13,17","5","3","1","2","3",NA,NA,"I am a good speaker and also a good mentor .",NA,"4","4","4","5","5","5","4","4",1,1,"93","94","100","32","20","66","5","1","2","5","2012",1
"499",499,"3","1",1,"5","35","17","5","7","2","4","2","6","1","2","1","3","2","4","1","4","1","2","2","1","2","5","5","4","6,2,8,15,16","4","5","1","3","2",NA,NA,"Because it is better for me",NA,"4","4","5","5","5","5","5","3",1,0,"20","50","30","30","30","40","5","1","3","5","2001",1
"500",500,"2","1",2,"5","23","16","5","6","1","3",NA,"9","2","3","1","1","2","1","5","2","1","3","1","3","4","1","4","4","15,8,12,13,7","5","5","1",NA,NA,NA,NA,"I will make right decision for the group",NA,"3","4","4","4","3","4","3","2",1,1,"60","50","75","51","50","41","5","0","4","5","2020",1
"501",501,"2","1",1,"27","28","17","5","1","1","4","2","9","2","1","2","2","2","2","1","2","1","2","1","1","4","3","5","5","15,17,16,18,12","5","5","1",NA,NA,NA,NA,"Because I have a potential to become a group representative",NA,"5","5","4","5","4","4","2","4",1,1,"88","83","90","87","89","91","5","1","3","27","2012",1
"502",502,"2","1",1,"9","18","11","5","6","1","1",NA,"4","2","3","2","3","3","3","3","4","1","3","2","1","2","5","5","5","13,10,7,14,19","5","5","1","2","3",NA,NA,"I have the potential to teach them",NA,"5","5","5","5","5","5","1","1",1,0,"90","62","56","80","55","90","4","0","4","9",NA,1
"503",503,"3","2",3,"5","30","13","4","1","1,2,3","4","2","3","4","5","4","2","4","5","3","5","3","2","3","4","4","5","3","5","10,13,2,5,9","5","5","1",NA,NA,NA,NA,"Very good morning",NA,"5","4","3","5","3","5","4","4",1,0,"100","100","100","100","100","100","5","1","2","5","1950",1
"504",504,"3","2",2,"5","31","16","5","1","2","4",NA,"1","1","1","1","1","1","1","1","1","4","4","4","4","4","1","5","5","5,11,10,8,4","5","5","1",NA,NA,"2","3","There are many types of biggest challenges or headache in today's technology world",NA,"5","5","5","5","5","5","5","4",1,0,"99","100","94","100","87","86","5","1","2","5","2018",1
"505",505,"3","2",3,"5","31","16","5","1","2","4",NA,"6","1","1","1","1","1","1","1","1","4","4","4","4","4","1","5","5","5,11,15,10,13","5","5","1",NA,NA,NA,NA,"I really want to give my opinion about it",NA,"5","5","5","5","5","5","5","4",1,0,"85","100","100","100","100","100","5","1","2","5","2018",1
"506",506,"2","1",1,"27","30","16","5","6","1","4","2","1","2","2","1","3","3","4","2","3","1","2","1","3","4","5","5","5","19,18,4,12,13","5","5","1",NA,NA,NA,NA,"I like to lead from the front.",NA,"4","3","3","4","4","4","4","4",1,0,"87","82","83","55","61","60","5","0","4","27","2010",1
"507",507,"2","1",3,"5","31","17","5","6","1","4","2","8","1","2","1","5","2","2","1","3","4","1","1","3","4","5","5","5","4,13,18,7,19","5","5","1",NA,NA,NA,NA,"Because I want to be",NA,"4","5","5","5","5","5","5","4",1,0,"88","84","70","57","79","70","5","0","2","5","2010",1
"508",508,"2","1",2,"5","25","17","5","1","2","4","2","8","1","1","1","2","1","2","1","3","2","1","3","4","4","5","5","5","7,15,11,4,12","4","5","2",NA,NA,NA,NA,"I know geography a little well.","I don't know sociology.","4","3","4","5","4","4","4","3",1,1,"80","24","41","73","62","16","5","0","4","5","2009",1
"509",509,"3","1",3,"5","34","16","3","6","2","4","2","6","1","1","1","1","1","1","1","1","4","4","4","4","4","5","5","5","16,3,10,17,19","5","5","1","3","1",NA,NA,"Yes because in year ago people not live in group not satisfied ",NA,"5","5","5","5","5","5","5","4",1,0,"100","100","100","100","99","99","5","1","2","5","2002",1
"510",510,"2","1",2,"5","30","17","5","3","1","4","2","8","4","2","1","1","1","1","2","2","1","2","2","1","4","5","5","5","8,7,6,5,18","5","5","1",NA,NA,NA,NA,"I am more smarter than them",NA,"5","5","5","5","5","5","5","4",1,0,"89","88","100","50","88","83","5","0","4","5","2009",1
"511",511,"3","2",1,"5","55","16","4","3","1","4","2","3","3","4","3","5","4","3","5","4","2","4","3","3","2","5","4","5","17,5,14,19,15","5","4","1",NA,NA,NA,NA,"Best college for study",NA,"5","5","4","5","5","4","5","3",1,0,"51","67","59","96","95","70","5","1","3","5","2010",1
"512",512,"2","2",2,"27","32","16","3","4","1","3","1","1","2","2","1","1","1","2","2","1","1","2","2","1","3","4","4","4","10,15,9,7,19","3","1","1",NA,NA,"3","1","I am interested in sociology and I have confidence to complete it",NA,"4","4","4","4","4","4","4","3",1,0,"54","51","56","53","52","54","5","0","3","27","2006",1
"513",513,"3","2",2,"5","31","16","5","1","2","4",NA,"7","1","1","1","1","1","1","1","1","4","4","4","4","4","1","5","5","5,15,16,8,2","5","5","1",NA,NA,NA,NA,"I really want to participate in it",NA,"5","5","5","5","5","5","5","4",1,0,"100","100","85","100","100","100","5","0","2","5","2018",1
"514",514,"3","2",3,"5","50","5","2","1",NA,"4","2","5","1","1","1","1","1","1","1","1","4","4","4","4","4","5","5","5","3,6,18,7,10","5","5","1",NA,NA,NA,NA,"Very good",NA,"5","5","5","5","5","5","5","4",1,0,"100","100","100","100","100","100","5","1","2",NA,NA,1
"515",515,"2","1",2,"5","19","11","4","1","1","1",NA,"9","4","1","2","4","2","2","5","4","2","4","1","2","4","2","1","5","15,4,16,13,7","5","5","4",NA,NA,NA,NA,NA,"it will minus my potential resources and my partners too
","2","2","2","3","4","4","5","1",0,0,"50","19","100","6","14","74","4","0","4","5",NA,1
"516",516,"2","1",1,"24","27","17","5","7","2","3","1","5","3","2","3","3","3","3","4","2","1","3","3","3","4","4","4","4","16,15,7,19,13","4","5","1","2","3",NA,NA,"Knowledgeable enough and paying good attention to the study. ",NA,"3","3","3","4","3","3","3","3",1,1,"55","56","53","54","54","56","5","1","4","24","2011",1
"517",517,"3","1",1,"5","34","16","3","6","2","4","2","3","1","1","1","1","1","1","1","1","4","4","4","4","4","5","5","5","16,4,9,3,14","5","5","1","3","2",NA,NA,"Group reprentative is main thing and me more satisfied from this reaction ",NA,"5","5","5","5","5","5","5","4",1,0,"100","100","100","100","100","100","5","0","3","5","2002",1
"518",518,"2","1",3,"9","23","16","5","3","1","3",NA,"5","1","4","1","3","3","3","2","2","1","2","2","1","3","4","5","5","15,18,16,13,14","4","4","1","2","3",NA,NA,"group representative enables the group members to develop and strengthen leadership skills, connect with various internal and external agencies, assist group members with having their voice heard and share experiences and participate in nation-wide events for group leaders.",NA,"5","5","4","5","5","5","4","2",1,1,"60","40","40","46","60","67","5","1","4","9","2015",1
"519",519,"3","1",2,"5","19","16","3","6","1","3",NA,"8","2","3","1","3","2","3","2","3","4","1","1","1","3","5","5","3","13,2,4,8,15","5","5","1",NA,NA,NA,NA,"In my opinion I'll understand the other members and with mutual consent lead the group.",NA,"4","4","4","4","5","4","3","2",1,0,"50","62","90","50","61","30","5","0","4","5","2018",1
"520",520,"3","1",1,"5","39","15","5","3","1","4","2","10","1","2","1","2","1","1","1","1","3","4","4","4","4","5","5","5","4,8,10,15,16","5","5","1",NA,NA,NA,NA,"I have to earn with the representative",NA,"5","5","5","5","5","5","5","4",1,1,"100","100","100","100","100","100","5","1","3","5","2007",1
"521",521,"3","1",3,"5","35","17","5","7","1","2","2","3","1","3","1","3","2","3","1","3","1","2","2","1","3","5","5","5","10,12,8,4,2","5","5","1","1","3",NA,NA,"I am confident that I am fir for the post.",NA,"5","5","4","5","5","5","4","2",1,1,"90","91","96","95","85","84","5","0","4","5","2003",1
"522",522,"2","1",2,"5","27","17","3","1","2","1",NA,"6","3","1","2","3","3","3","2","4","1","3","1","1","4","3","1","5","15,8,7,13,14","4","2","2","2","3",NA,NA,"because I always use to be the representative of a members group at any work","I do not want to be the group representative because I can't take the risk of my partners INR","3","4","4","4","3","3","4","1",0,0,"48","61","55","58","57","58","4","0","2","5","2009",1
"523",523,"3","1",2,"27","20","15","5","7","1","3",NA,"1","3","3","3","3","3","3","3","3","1","3","2","1","3","3","4","4","12,18,19,2,1","4","4","2",NA,NA,NA,NA,"I am smart","I don't want to lose money duh","3","3","3","4","3","3","3","1",0,0,"50","50","50","50","50","50","4","0","4","27","2018",1
"524",524,"2","1",3,"5","30","17","5","6","1","4","2","6","2","2","1","4","3","4","1","3","2","3","2","2","4","4","4","5","13,7,4,11,15","5","4","1","2","3",NA,NA,"I am a good leader.",NA,"5","4","5","3","4","4","4","4",1,1,"82","86","80","60","72","67","5","1","4","5","1995",1
"525",525,"2","2",2,"9","44","17","4","6","1","2","4","3","1","3","3","2","1","2","4","2","1","4","4","4","3","3","4","4","15,10,9,5,11","5","5","2",NA,NA,NA,NA,"Team work is better than individual","Oftenly try tu to betray","3","3","1","3","4","3","5","2",1,0,"38","26","34","74","68","93","5","1","4","9","2006",1
"526",526,"2","2",1,"27","28","16","4","6","2","3",NA,"2","2","2","2","2","2","2","2","2","2","2","2","3","4","4","3","4","13,19,7,14,15","4","4","1",NA,NA,"2","3","Take Partinidwat ache se kar saku ",NA,"2","5","4","2","4","2","4","2",0,0,"50","50","50","51","51","51","4","0","4","27","2008",1
"527",527,"3","1",1,"9","60","16","5","7","1","4","2","1","2","2","1","2","2","3","1","2","2","3","2","3","4","4","4","3","2,8,13,15,12","5","5","1",NA,NA,NA,NA,"because of it can handle the complexity of issues",NA,"4","4","4","4","4","5","3","4",1,1,"89","88","80","64","58","62","5","1","2","9","1980",1
"528",528,"2","1",1,"27","28","17","5","6","1","3",NA,"6","3","3","3","3","3","3","3","3","2","3","2","2","4","2","3","4","13,7,19,15,14","4","3","3","1","2",NA,NA,"I do not want to be group representative but wont mind if no one is ready","I do not identify myself as a leader, more of a follower","4","4","4","4","4","4","3","2",0,0,"50","50","50","50","50","50","3","0","4","9","2008",1
"529",529,"2","1",2,"5","30","17","5","6","1","4","1","5","2","3","1","2","1","3","2","2","3","4","2","3","4","5","5","4","11,5,2,12,4","5","5","1","3","2",NA,NA,"I am interested to be a group leader",NA,"4","5","5","4","5","5","3","4",1,1,"87","92","76","85","91","99","4","1","4","5","2010",1
"530",530,"3","1",1,"5","20","15","5","1","2","4","5","5","1","1","1","1","1","1","3","3","1","3","3","2","3","3","3","3","15,7,14,1,11","5","5","1","2","3",NA,NA,"Becoming a student representative will allow you to:

Become part of a group of active students that network with professionals at Western Sydney University
Contribute to decision making at Western Sydney University
Have a greater understanding of Western Sydney University processes and systems
Undertake professional development and enhance your skills, especially in terms of communication, liaison, working with others, being a committee member and influencing the decision making processes
Improve your graduate employability skills
Support your student group
Have your voice heard
Influence important decisions, including about various programmes of study
Gain a better understanding of how the university works
Act as a conduit between students and Western Sydney University administrators
Serve as liaison in bringing any issues/suggestions/feedback to Western Sydney University administration at meetings
Relay key messages from Western Sydney University administration to the student body
Suggest, develop and implement solutions related to creating a more vibrant campus life
Collaborate with students to coordinate events to enhance the student campus experience
Let students contact you about issues they want to raise",NA,"3","3","3","3","3","3","3","4",1,1,"100","100","100","100","100","100","3","1","4","5","2018",1
"531",531,"2","1",2,"9","36","16","4","6","1","4","2","2","2","2","1","4","4","2","1","5","3","1","1","3","4","5","5","5","12,8,13,4,2","4","4","2",NA,NA,NA,NA,"I hope I will be able to select the best answers for payment.","As don't want to decide on other people answers as views will be different.","5","5","5","5","5","5","3","1",1,0,"86","85","100","38","40","47","4","1","4","9","2001",1
"532",532,"2","1",2,"27","28","17","5","6","1","2",NA,"9","3","3","2","3","3","3","3","3","3","3","3","2","2","4","4","4","7,12,8,17,19","4","4","1",NA,NA,NA,NA,"as i would like to represent the group",NA,"2","2","2","2","2","2","4","3",1,0,"60","60","62","46","44","51","4","0","4","27","2015",1
"533",533,"2","1",3,"24","18","16","1","2","2","1",NA,"3","2","2","2","3","3","3","3","3","1","2","1","1","4","4","3","3","8,13,18,12,11","3","5","1","3","2",NA,NA,"મે અચ્છા હુ !",NA,"2","3","3","3","4","1","3","1",1,0,"74","38","84","27","36","49","4","0","4","24","2016",1
"534",534,"2","1",1,"5","30","17","5","6","1","4","6","3","1","3","1","1","1","2","1","2","2","2","2","2","2","4","5","4","15,16,13,19,14","5","5","1","2","3",NA,NA,"I have done a three years of NCC so i really am capable of making a decisions.",NA,"4","4","4","5","5","4","2","4",1,1,"73","90","95","80","60","60","5","1","4","5","2005",1
"535",535,"3","2",1,"5","40","16","3","1","1","4","2","4","2","1","2","1","2","2","1","1","4","4","4","3","3","5","4","5","14,6,4,10,17","5","4","1",NA,NA,NA,NA,"Good",NA,"4","5","5","5","5","4","4","4",1,0,"75","81","88","95","88","89","5","1","3","5","2020",1
"536",536,"2","1",2,"5","30","16","4","6","1,2","4","2","3","2","2","1","4","2","3","2","3","1","4","1","1","1","4","5","5","13,7,14,19,4","4","3","1","2","3",NA,NA,"For more information about the specifications.",NA,"4","3","4","5","4","1","2","4",1,0,"99","77","80","45","31","21","3","0","4","5","2015",1
"537",537,"3","1",1,"27","36","17","5","1","1","3","2","9","1","2","1","2","3","3","2","2","4","3","3","4","4","5","4","5","13,7,17,14,12","5","4","1",NA,NA,NA,NA,"Best group representative and good motivated and enjoy person",NA,"4","4","4","5","5","5","5","4",1,0,"90","80","70","60","41","71","5","1","4","27","2002",1
"538",538,"2","1",3,"5","46","16","5","7","2","3","1","6","3","3","3","3","3","3","4","2","1","2","1","1","2","3","2","4","15,16,7,14,8","4","4","2","3","2",NA,NA,"I am confident","i want to give chance to others","2","4","4","2","3","4","4","1",1,0,"82","88","81","64","34","52","4","0","3","9","1995",1
"539",539,"2","2",2,"5","31","16","5","6","2","2",NA,"8","1","1","1","1","1","1","5","1","4","4","4","3","4","5","3","3","10,11,18,5,15","5","5","1",NA,NA,NA,NA,"would like to take this opportunity",NA,"5","4","5","5","4","3","2","1",0,0,"62","63","61","64","64","65","3","0","4","5","2011",1
"540",540,"3","1",2,"9","21","16","2","6","1","1",NA,"8","2","3","1","4","3","4","3","3","3","4","1","2","4","3","5","5","13,8,15,4,12","1","1","4",NA,NA,NA,NA,NA,"i dont have the potential and knowledge","4","4","5","5","5","3","4","1",0,0,"52","82","93","58","55","16","5","1","3","9","2016",1
"541",541,"3","1",3,"27","32","13","2","6","2","3",NA,"9","3","2","1","2","2","2","3","3","3","3","3","3","1","4","5","5","13,12,4,7,19","4","3","1",NA,NA,NA,NA,"I am interested because I understand samajshaaktra very well.",NA,"4","5","5","4","5","4","4","3",0,0,"55","90","80","60","76","77","5","1","4","27","2001",1
"542",542,"2","1",2,"5","20","14","5","4","1","2","2","7","4","3","2","3","3","3","3","3","1","2","1","2","2","2","5","4","12,10,7,19,13","3","5","1",NA,NA,NA,NA,"I always wants to be the main person anywhere.",NA,"4","4","4","3","4","5","3","1",1,0,"43","59","72","18","21","29","4","1","4","5","2019",1
"543",543,"2","1",3,"5","46","16","5","1","1","4","2","5","4","2","1","3","2","2","3","3","2","2","1","2","3","5","4","4","17,14,7,8,9","4","4","1","2","3",NA,NA,"Very good",NA,"5","4","3","4","3","4","4","4",1,0,"53","74","100","13","36","17","5","0","3","5","2000",1
"544",544,"3","1",1,"5","42","16","3","3","3","4","2","1","1","2","2","3","4","2","1","2","3","2","2","3","2","4","5","4","15,17,18,13,12","2","4","3",NA,NA,NA,NA,"Because if have a group there we can luck and get","In group no there is no luck","2","1","1","1","1","1","1","4",1,0,"71","96","100","38","60","41","5","0","3","5","2004",1
"545",545,"3","1",2,"9","42","17","4","6","1","4","13","2","4","1","1","4","1","1","3","4","1","1","1","1","2","1","1","1","18,19,12,13,15","5","4","1",NA,NA,NA,NA,"I have vast knowledge in geography ",NA,"3","3","3","1","1","4","5","4",1,0,"94","100","100","49","41","100","5","0","4","9","1995",1
"546",546,"2","1",1,"9","36","17","5","6","1","4","2","9","2","2","2","2","2","2","2","2","1","1","1","1","1","4","4","4","17,18,12,8,14","4","4","2",NA,NA,NA,NA,"To decide winner","Just like that","4","4","4","4","4","4","4","3",1,0,"54","68","61","39","45","73","4","1","4","9","2006",1
"547",547,"3","1",1,"27","19","11","4","1","1","4","2","9","2","3","3","2","2","3","3","3","1","1","1","1","3","3","4","4","16,12,19,13,15","3","3","3",NA,NA,NA,NA,"To get the earnings","It is very risk","4","4","4","3","4","4","4","3",1,0,"58","58","56","79","69","69","4","0","2","27",NA,1
"548",548,"2","1",3,"27","39","17","4","6","1","4","2","8","3","2","1","3","2","1","1","3","1","1","1","1","2","5","5","5","7,14,13,4,19","4","5","1",NA,NA,NA,NA,"Always love to be a team leader and lead my team",NA,"4","4","4","4","3","4","3","4",1,0,"100","95","100","80","75","85","5","0","4","27","2000",1
"549",549,"3","1",1,"27","36","16","5","7","1","3",NA,"3","4","2","2","4","3","3","3","3","2","3","2","1","2","5","4","4","13,14,8,19,7","4","4","2","1","3",NA,NA,"I think i can decide impartially keeping in mind the other group members contributions and suggestions","Lack of time is a constraint.","4","4","4","3","3","2","5","1",1,0,"62","51","72","53","50","51","4","0","4","27","2001",1
"550",550,"2","1",2,"9","48","15","5","3","2","2","2","9","4","3","2","3","2","3","2","2","2","2","2","1","4","4","5","5","13,15,18,16,12","5","4","1",NA,NA,NA,NA,"Because I think I can deal with my group easily and efficiently.",NA,"2","1","1","1","2","1","4","1",1,0,"54","33","66","44","60","65","5","0","4","9","1988",1
"551",551,"2","1",3,"5","27","17","5","6","1","4","5","5","1","1","1","1","1","1","1","2","1","1","1","1","1","4","5","5","8,12,11,18,19","5","4","1","3","2",NA,NA,"I think I can manage all of them very well in terms of unity of group and I think have some leadership skill",NA,"5","5","5","5","4","5","4","4",1,0,"75","100","100","86","65","88","5","0","4","5","2013",1
"552",552,"2","1",3,"24","42","17","4","6","1","3","2","3","2","2","2","4","2","3","2","3","2","1","2","1","2","4","4","4","1,13,8,18,12","4","4","2","2","3",NA,NA,"To share my views and to contribute the thought ideology of the topic","Not considered the opinion shared and not allowed to shared the feelings","4","3","4","4","3","4","3","2",0,0,"70","50","50","50","50","60","2","0","2","24","1998",1
"553",553,"2","1",2,"9","27","16","5","6","1","1",NA,"8","3","3","3","3","3","3","3","3","3","3","3","3","3","5","4","5","13,8,18,19,4","4","4","3",NA,NA,NA,NA,"मैं समूह का प्रतिनिधि इसलिए बनना चाहता हू क्योंकि मैं प्रश्नों को अच्छे से पढ़कर उनका जवाब देना उचित समझता हूं।","मैं बनना चाहता हू।","4","3","5","5","4","4","1","1",1,0,"31","81","55","70","40","75","2","1","4","9","2008",1
"554",554,"2","1",2,"9","19","13","3","7","1","4","2","4","1","2","1","4","2","3","1","3","3","1","3","2","4","5","5","5","6,8,4,7,12","5","5","1","2","3",NA,NA,"Because I have the leader abilities and I can bring out the maximum profit",NA,"5","5","1","3","4","5","3","4",0,0,"86","67","58","47","20","22","4","1","4","9","2020",1
"555",555,"2","1",1,"5","40","17","5","6","1","4","2","4","3","2","1","4","5","3","2","4","2","2","3","1","4","4","5","4","15,13,7,19,14","4","5","1","2","3",NA,NA,"Because I want to lead my team.",NA,"4","2","5","4","5","4","4","3",1,1,"72","67","88","44","50","60","5","1","4","5","2000",1
"556",556,"3","1",2,"5","28","17","5","6","1","3",NA,"2","3","3","1","4","3","3","3","3","2","3","2","1","4","4","5","5","7,19,15,13,6","4","4","1",NA,NA,NA,NA,"I believe I can represent choices of all members because I'm unbiased ",NA,"4","5","4","4","5","5","2","2",1,1,"50","51","50","50","50","50","5","1","4","5","2012",1
"557",557,"3","2",3,"5","47","16","4","1","1","4","4","8","4","5","4","5","4","5","5","4","4","4","3","3","4","4","5","4","11,16,13,4,8","4","5","1",NA,NA,NA,NA,"best school",NA,"5","3","4","4","4","5","5","3",1,0,"72","95","83","84","93","90","4","0","3","5","2002",1
"558",558,"2","1",2,"5","30","15","5","6","1","4","2","1","3","1","1","1","2","3","3","3","2","4","2","2","4","1","2","1","18,12,15,8,2","1","1","2",NA,NA,NA,NA,"I am a good leader personality. ","I might not be able to score well. ","1","1","1","1","1","1","2","4",1,1,"89","77","85","83","92","76","1","1","4","5","2008",1
"559",559,"2","1",3,"27","25","16","4","6","1","3","2","9","3","1","2","2","2","2","2","3","3","3","3","3","3","4","5","4","13,4,5,16,17","4","4","1",NA,NA,NA,NA,"normal",NA,"3","3","3","4","4","4","4","3",1,1,"53","59","60","81","60","66","4","0","4","27","2014",1
"560",560,"2","1",1,"5","30","16","5","7","1","4","2","6","2","2","1","5","2","2","1","3","4","1","3","3","2","4","5","5","13,6,17,4,8","5","5","1","2","3",NA,NA,"i am a born leader and i am well knowledgeable about geography ",NA,"3","2","2","3","3","2","2","3",1,0,"100","93","91","10","9","10","4","0","4","5","2010",1
"561",561,"3","1",3,"27","25","16","5","6","2","3",NA,"4","3","1","1","5","4","4","3","3","2","4","3","2","3","5","5","5","13,17,15,11,8","5","5","1","2","3",NA,NA,"I think i am having the capacity to give correct answers of the exercise which will help me to select the correct one out of two exercise for payment, that will benefit my other partners also",NA,"4","4","4","5","5","5","3","3",1,1,"45","63","58","44","46","54","5","1","4","27","2011",1
"562",562,"2","1",2,"5","45","17","3","6","2","3","2","1","4","3","2","2","5","3","3","3","3","3","3","3","4","5","5","5","12,4,8,2,13","4","3","1",NA,NA,NA,NA,"Because it is necessary to choose best opinion",NA,"4","3","3","4","5","3","3","3",1,0,"86","85","63","55","92","63","4","0","3","5","2015",1
"563",563,"2","2",3,"24","21","13","4","5","1","1",NA,"9","3","3","3","3","3","3","3","3","1","2","1","1","2","3","5","5","15,13,14,7,19","3","3","1",NA,NA,NA,NA,"Because I want to, no reason",NA,"3","4","3","3","4","2","2","1",1,1,"60","66","60","60","66","60","5","0","4","24","2019",1
"564",564,"3","1",3,"27","24","16","5","1","3","3","2","6","3","2","2","1","2","3","1","4","2","2","3","2","4","1","4","3","17,8,4,15,13","4","5","3","2","3",NA,NA,"Group representative is important discuss the problem","Very loaded","5","4","5","5","4","4","4","4",1,0,"78","68","72","76","94","66","4","0","4","27","2012",1
"565",565,"2","1",1,"24","39","17","4","3","2","2","2","10","2","2","1","4","4","2","2","2","3","4","3","2","4","3","4","4","15,13,1,19,7","4","4","2",NA,NA,NA,NA,"I have leadership qualities and can coordinate with group effectively","Sometimes it's difficult for me to manage the people","4","4","4","4","3","3","4","2",1,0,"60","66","80","54","56","53","3","1","3","24","1998",1
"566",566,"3","1",1,"24","46","16","5","7","1","3",NA,"5","3","3","1","3","3","3","3","3","1","1","1","1","1","3","5","5","4,8,13,14,19","5","5","1","2","3",NA,NA,"to present ideas",NA,"5","5","5","5","5","5","3","3",1,0,"100","100","100","40","40","40","4","0","3","24","1994",1
"567",567,"3","1",2,"9","21","16","4","6","1","4","2","7","2","2","2","2","2","2","2","3","2","2","1","2","2","4","3","4","7,19,13,15,14","5","5","1",NA,NA,NA,NA,"Because i have the ability to lead the group and have best influencing power",NA,"4","5","4","5","4","4","4","4",1,0,"61","69","77","64","58","58","5","1","4","9","2018",1
"568",568,"3","1",1,"5","50","16","5","3","1","3",NA,"6","1","5","1","4","4","5","1","5","1","4","3","2","4","2","4","4","7,19,11,15,4","5","4","1","3","2",NA,NA,"I like to join the group to best think",NA,"5","4","4","4","4","5","4","3",1,0,"32","24","56","62","50","40","5","0","3","5","1990",1
"569",569,"2","1",3,"27","30","17","5","6","1","3","2","8","1","1","1","5","3","1","1","5","4","1","1","4","1","5","5","3","4,12,8,17,18","5","5","1",NA,NA,NA,NA,"Im confident enough to reward my partner as well",NA,"4","4","5","5","4","4","2","3",1,0,"100","100","100","0","0","0","5","1","3","20","2001",1
"570",570,"2","1",1,"5","29","17","3","6","1","3","2","1","2","2","2","1","2","2","2","2","2","2","2","3","3","4","4","4","15,16,19,13,7","4","4","1",NA,NA,NA,NA,"I can do the work and deliver exceptional results.  will fit in beautifully and be a great addition to the team. I possess a combination of skills and experience that make you stand out. Hiring you me make him look smart and make his life easier.",NA,"4","4","4","4","5","3","4","2",1,1,"73","75","73","77","77","77","4","1","4","5","2009",1
"571",571,"2","1",1,"27","37","17","3","7","1,2","3",NA,"4","3","3","3","3","3","3","4","4","3","4","4","2","4","5","5","4","2,1,9,10,15","5","5","1","3","2",NA,NA,"I feel I can think and act for the benefit of the larger group.",NA,"3","5","5","5","5","5","4","1",1,0,"80","80","80","50","50","50","4","1","4","27","1999",1
"572",572,"3","2",2,"5","50","17","5","6","1","4","2","4","1","2","1","1","1","2","1","2","4","4","4","4","4","5","5","5","13,4,7,8,5","5","5","2",NA,NA,NA,NA,"Because I explain people simple language","I handle all group easily","5","5","5","5","5","5","5","4",1,0,"95","100","100","87","100","88","5","1","4","5","1988",1
"573",573,"3","2",3,"5","50","17","5","6","1","4","2","6","2","2","1","1","1","2","1","1","4","4","4","4","4","5","5","5","5,4,8,10,13","5","5","1",NA,NA,NA,NA,"Because I like to be a group  representative and teach group as well",NA,"4","5","5","5","5","5","5","4",1,0,"68","87","100","99","100","85","5","0","3","5","1988",1
"574",574,"2","1",2,"27","18","13","5","6","1","1",NA,"2","3","3","3","3","3","3","3","3","1","1","1","1","1","4","4","4","15,10,2,12,18","3","3","3",NA,NA,NA,NA,"Nah","Nah","4","4","3","3","3","4","3","2",0,0,"45","55","50","30","35","25","3","1","3","27","2020",1
"575",575,"3","2",2,"5","40","15","3","6","2","1","2","8","3","2","2","1","3","3","1","3","4","4","3","4","2","5","5","5","8,5,15,4,12","2","5","1",NA,NA,NA,NA,"Because this is very important for me and spacial ",NA,"5","2","3","3","1","4","4","4",1,0,"83","92","83","49","79","72","1","1","4","7","2018",1
"576",576,"3","1",2,"9","49","17","5","7","1","2","2","3","3","3","3","3","3","3","2","4","2","2","2","1","3","4","4","4","8,7,13,12,18","4","4","1","3","2",NA,NA,"Just feel like doing this",NA,"3","3","3","4","3","3","4","1",0,0,"75","80","85","50","50","50","4","0","4","9","1990",1
"577",577,"3","1",3,"27","36","17","5","3","1","3","2","7","3","5","2","2","2","3","2","3","3","3","3","3","4","4","4","3","7,19,13,18,10","4","5","2",NA,NA,NA,NA,"Time consuming","Unknown people","4","4","4","5","3","4","4","3",1,0,"90","80","75","85","94","83","4","1","4","27","2002",1
"578",578,"2","1",1,"27","21","14","4","4","1","2","1","6","2","2","2","2","2","2","2","2","2","3","2","3","3","3","5","5","12,18,17,15,16","4","1","1","3","2",NA,NA,"Because I can represent my topic well my communication is also well ",NA,"4","3","4","4","4","2","4","3",1,0,"69","100","100","15","48","100","1","1","2","27","2018",1
"579",579,"2","1",1,"9","50","16","5","3","2","3","2","6","3","3","2","4","3","3","3","3","1","2","2","2","4","5","4","4","15,2,7,19,13","5","5","1","2","3",NA,NA,"I feel i can choose the best topic for all",NA,"5","4","3","3","4","4","4","3",1,0,"50","54","60","50","37","40","3","1","4","9","1989",1
"580",580,"2","1",2,"24","26","17","5","4","1","3","2","2","4","1","1","2","2","2","2","4","4","3","2","4","3","1","5","5","15,4,6,5,8","4","4","1",NA,NA,NA,NA,"I am good at Geography",NA,"3","4","4","4","4","4","2","4",1,0,"100","70","90","79","51","70","5","1","3","24","2014",1
"581",581,"3","2",1,"27","28","16","4","6","2","3","5","9","3","2","3","1","2","2","5","3","1","4","3","2","4","4","4","5","15,11,5,14,13","4","5","1",NA,NA,NA,NA,"Because, I can manage group very well.",NA,"4","4","5","3","4","4","4","2",1,0,"77","71","68","73","88","81","5","1","4","27","2011",1
"582",582,"2","1",2,"5","30","17","5","6","1","3","2","5","3","2","1","2","2","2","2","3","2","2","2","2","4","4","5","5","8,12,13,19,1","4","5","1","2","3",NA,NA,"I am good at Geography and will definitely lead my team towards success.",NA,"4","4","3","5","3","4","4","3",1,0,"50","60","70","50","50","40","4","1","4","5","2007",1
"583",583,"2","1",3,"24","21","15","2","3","1","2",NA,"7","3","3","1","1","3","4","3","3","1","4","2","4","4","4","4","3","15,16,18,7,2","3","3","3",NA,NA,NA,NA,"I want to be a group representative because I think I can choose the better options","Faur chance should be given to others. Maybe the other person is better. ","3","3","4","2","3","3","4","2",0,1,"61","61","68","62","60","49","4","0","4","24","2019",1
"584",584,"3","2",1,"5","50","17","5","6","1","4","2","8","1","1","1","1","1","1","1","1","4","4","4","4","4","5","5","5","4,7,5,10,13","5","5","1",NA,NA,NA,NA,"Because I have leadership qualities",NA,"5","5","5","5","5","5","5","4",1,0,"91","80","100","89","100","88","5","0","4","5","1988",1
"585",585,"2","1",3,"27","33","16","5","3","2","4","2","4","2","2","2","2","2","2","2","2","3","2","2","3","4","4","2","4","15,4,5,7,13","5","5","1","2","3",NA,NA,"Because I think I would be a great fit for this because I have the experience in leadership and I can take good decesion.",NA,"2","2","2","4","1","2","2","3",1,1,"79","88","64","43","56","86","5","1","3","27","2006",1
"586",586,"2","1",1,"27","45","16","5","6","1","3",NA,"4","2","2","1","2","2","2","3","3","2","3","3","2","4","3","4","4","4,18,7,1,14","5","5","1","3","2",NA,NA,"I think I can answer the question properly,i will take decision to benefit of the group",NA,"3","3","4","3","3","4","3","3",1,1,"67","88","85","60","67","62","5","1","4","27","1998",1
"587",587,"2","1",2,"5","24","16","5","6","1","3",NA,"6","2","3","2","5","3","4","3","3","1","1","1","1","1","4","4","4","8,12,11,13,19","4","4","2","1","3",NA,NA,"I can be true to the answers","Just not having a wish to become group representative ","4","3","4","3","4","3","3","3",0,0,"60","58","84","43","38","45","5","1","4","5","2015",1
"588",588,"3","2",2,"5","39","6","5","6",NA,"3","2","10","1","5","4","1","5","2","2","2","3","3","3","4","3","4","5","4","17,15,12,16,18","4","5","2",NA,NA,NA,NA,"Grouo is best thing we should live in a group","Grouo is best thing we should live in a group","5","4","4","4","5","4","4","4",1,0,"72","95","96","85","94","98","5","0","3",NA,NA,1
"589",589,"3","1",1,"5","33","17","5","7","1,2","4",NA,"1","2","3","1","3","2","4","5","3","2","2","1","1","4","5","5","5","13,7,18,15,19","5","5","1",NA,NA,NA,NA,"I have a confidence in myself.",NA,"4","4","4","4","5","4","4","1",1,0,"100","100","100","47","4","20","4","1","4","5","2002",1
"590",590,"3","1",3,"5","50","17","5","6","1","4","2","4","3","5","4","2","4","1","1","3","4","3","2","4","3","2","5","4","2,8,18,12,5","5","4","1","1","3",NA,NA,"It us gud",NA,"5","4","4","3","5","4","5","4",1,0,"44","40","32","43","60","32","5","0","3","5","1988",1
"591",591,"3","1",2,"5","40","16","5","6","1","4","6","8","1","1","1","1","1","1","1","1","2","4","4","4","2","4","5","5","13,15,8,12,6","4","5","1",NA,NA,NA,NA,"its good to decide",NA,"4","5","4","5","4","5","4","4",1,0,"95","95","97","72","73","82","4","0","4","5","2000",1
"592",592,"2","1",1,"9","18","13","1","6","2","1",NA,"3","3","3","3","3","2","3","3","3","2","3","4","2","4","5","3","5","1,8,7,12,19","4","3","1","1","2",NA,NA,"Ek samuh leader hone ke niyamo ko janne aur unka palan karnr ke liye ",NA,"3","3","4","3","3","4","2","1",1,0,"50","51","65","71","61","58","5","1","3","9","2020",1
"593",593,"2","1",2,"9","21","13","3","3","1","3",NA,"6","3","2","2","1","2","2","2","2","2","4","4","2","3","3","2","1","1,10,12,18,8","3","3","1","3","2",NA,NA,"Learn more",NA,"3","3","3","5","4","3","3","1",1,1,"77","75","92","91","60","76","1","0","3","9","2019",1
"594",594,"3","2",1,"5","41","16","3","3","1","4",NA,"2","3","4","2","3","4","1","3","4","3","2","1","4","3","4","4","3","13,3,8,19,12","4","4","1",NA,NA,"3","1","Nothing else but I really love ",NA,"4","5","4","4","4","4","4","3",1,0,"67","55","40","41","79","58","4","0","4","5","2000",1
"595",595,"2","1",3,"9","58","17","4","6","1","3",NA,"6","1","1","1","1","1","1","1","1","1","1","1","1","2","5","5","5","15,18,13,14,7","5","5","1","3","2",NA,NA,"To lead the group with team spirit",NA,"5","5","5","5","5","5","5","2",1,0,"50","65","76","45","43","69","5","0","4","9","1978",1
"596",596,"3","2",2,"5","41","16","4","3","1","4","2","5","3","3","4","3","3","1","3","4","2","2","2","3","3","4","4","2","15,13,10,7,16","3","4","1",NA,NA,NA,NA,"Like it very much for ",NA,"4","5","3","4","5","4","4","4",1,0,"41","70","50","50","67","79","4","0","4","5","2000",1
"597",597,"3","2",1,"5","39","16","4","3","2","4","2","7","2","1","1","1","2","2","2","1","4","3","4","4","4","5","5","4","4,11,5,17,2","4","5","1",NA,NA,NA,NA,"Vary much school ",NA,"4","5","5","5","4","4","5","4",1,0,"90","100","100","100","96","100","5","0","3","5","2010",1
"598",598,"3","2",3,"5","41","16","4","3","1","4","2","6","2","3","4","3","4","4","4","4","4","3","2","2","4","4","4","4","17,18,10,8,9","4","3","1",NA,NA,NA,NA,"Like it very much for ",NA,"2","4","4","4","5","3","3","4",1,0,"72","48","57","75","52","62","4","0","3","5","2000",1
"599",599,"3","2",2,"5","45","16","4","1","1","4","1","5","1","1","2","1","2","1","2","1","4","4","3","3","4","5","4","5","7,12,18,15,8","5","5","1",NA,NA,NA,NA,"I am interested in",NA,"5","5","4","4","5","4","4","4",1,0,"61","77","39","58","78","24","4","0","3","5","2001",1
"600",600,"3","1",1,"9","35","16","3","3","2,5","2",NA,"8","3","3","2","2","2","3","1","3","2","2","2","1","2","5","5","5","15,8,14,2,10","5","5","1",NA,NA,NA,NA,"Know ki m sabse acha hu or m oro k bare m nahi Jana hu",NA,"3","3","3","4","2","3","3","3",1,0,"52","87","53","47","45","67","5","0","3","9","1999",1
"601",601,"3","2",2,"5","55","16","4","3","1","4","1","3","3","3","2","5","2","2","3","3","2","4","2","4","4","5","5","5","9,16,3,18,2","5","4","1",NA,NA,NA,NA,"Best school",NA,"4","5","5","5","5","4","4","4",1,0,"78","33","54","62","50","61","5","1","2","5","2010",1
"602",602,"2","1",3,"9","46","17","3","6","2","4","13","6","3","2","2","2","2","2","2","2","3","3","1","1","4","5","5","5","2,1,13,14,7","4","4","1","2","3",NA,NA,"Samuh ko subject pasand aana chahiye.
Or mijhe ummed hai Ki mera subject sabhi ko pasand aaya hoga",NA,"4","5","4","4","4","4","3","4",1,1,"50","49","45","50","48","44","5","0","3","9","1985",1
"603",603,"3","2",3,"5","36","16","2","6","1,2","4","2","9","1","1","5","5","1","3","5","4","4","4","4","4","4","5","5","5","18,17,13,8,7","5","5","1",NA,NA,NA,NA,"Very impressive ",NA,"5","5","5","5","5","5","5","4",1,0,"87","74","51","75","74","63","5","1","2","5","2015",1
"604",604,"3","2",1,"27","19","16","4","5","1,2,3","1","13","1","5","5","2","1","1","1","3","1","2","4","2","3","4","1","4","3","15,5,4,16,7","5","5","1",NA,NA,"3","2","I think i am capable
",NA,"5","3","5","2","2","3","1","1",0,0,"70","26","90","44","67","76","4","1","4","27","2020",1
"605",605,"2","1",2,"9","21","15","3","6","1","3","2","7","2","4","2","4","3","3","2","4","3","2","1","2","2","4","4","5","16,18,15,12,2","5","5","1",NA,NA,NA,NA,"Because I'm fit for the position and because I can assist my group regarding any help they need which I can provide",NA,"3","4","4","3","3","3","3","3",1,0,"84","78","80","60","56","55","4","0","3","23","2017",1
"606",606,"3","1",1,"9","36","17","5","7","2","3","2","4","1","2","1","3","1","3","2","2","4","3","3","4","4","4","5","5","18,15,13,19,7","5","5","1","3","2",NA,NA,"Because I think that I can make a good judgement and would also be able to answer the questions correctly and also my experience of my acadamics grant me a upper hand in such things",NA,"4","4","4","3","4","4","2","3",1,0,"57","78","49","67","44","79","5","1","4","5","1998",1
"607",607,"3","1",1,"5","38","17","5","7","1","3","5","4","1","1","1","1","1","1","1","1","1","1","1","1","1","1","5","5","10,7,14,2,8","5","4","1","2","3",NA,NA,"just want to chose as ",NA,"5","5","5","5","5","5","5","4",1,1,"100","100","100","100","100","100","5","1","4","4","2003",1
"608",608,"2","1",1,"9","37","17","5","6","2","4","2","5","1","1","5","1","3","2","5","1","4","2","1","3","4","5","5","5","9,15,6,14,4","4","5","1","3","1",NA,NA,"HARE KRISHNA",NA,"5","5","5","5","4","4","4","4",1,0,"100","100","100","100","100","100","5","1","3","9","1999",1
"609",609,"3","2",1,"5","40","16","4","1","1","4","2","5","4","1","3","5","5","4","2","4","4","3","4","3","4","5","4","5","6,5,15,4,14","5","4","1",NA,NA,NA,NA,"It's good words for school",NA,"5","5","5","5","4","4","4","4",1,0,"96","88","79","74","100","100","5","0","3","5","2001",1
"610",610,"2","1",2,"9","20","16","3","1","1","4","3","9","3","2","1","1","1","1","3","2","1","3","2","1","4","5","3","5","13,10,19,4,6","4","5","1",NA,NA,NA,NA,"As I have experience.",NA,"5","3","3","1","5","4","2","3",1,0,"75","85","93","77","80","87","1","1","4","9","2019",1
"611",611,"3","2",1,"5","30","11","4","1","1,2,3","4","2","10","1","1","2","2","1","1","2","5","4","3","3","4","4","5","5","4","19,5,7,4,17","5","4","1",NA,NA,NA,NA,"This is a like",NA,"4","4","5","4","5","4","5","4",1,0,"100","100","90","100","100","93","5","1","3","5",NA,1
"612",612,"3","1",2,"9","28","17","4","6","1","4",NA,"8","3","3","2","4","4","3","3","3","1","4","2","1","2","4","4","5","18,13,14,19,7","4","4","1",NA,NA,NA,NA,"Because I think I can lead the group",NA,"4","3","4","5","5","5","3","3",1,0,"76","67","53","63","71","58","4","0","4","9","2005",1
"613",613,"3","1",3,"5","22","16","4","6","1","4","2","6","1","1","1","1","1","1","1","1","2","2","2","2","2","4","5","5","11,10,15,16,17","5","5","1","2","3",NA,NA,"I feel my choice is good and I know a lot about sociology",NA,"5","5","5","5","5","5","3","4",1,1,"50","50","50","50","50","50","4","0","4","5","2020",1
"614",614,"2","2",3,"5","20","13","2","3","1","3","2","2","5","4","5","5","4","3","3","2","3","4","4","4","2","5","5","4","15,11,5,16,10","5","4","1",NA,NA,"1","2","this Old School Bio",NA,"4","4","4","3","5","5","5","4",1,1,"82","79","85","87","98","87","5","0","2","5","2020",1
"615",615,"2","1",1,"24","23","16","2","1","1","2","5","3","2","2","2","2","2","2","2","2","4","1","1","3","3","5","5","5","12,17,15,1,8","5","5","1","2","3",NA,NA,"Passion",NA,"5","5","5","5","5","5","5","2",1,0,"100","100","100","21","27","20","5","0","3","24","2013",1
"616",616,"3","2",1,"5","30","11","4","1","1,2,3","4","2","3","1","2","1","1","2","2","1","2","4","4","4","3","3","5","4","5","10,18,3,5,4","5","4","1",NA,NA,NA,NA,"This is a like",NA,"5","4","4","5","4","5","4","4",1,0,"92","100","100","100","91","100","5","0","3","5",NA,1
"617",617,"3","2",2,"27","45","12","4","1","1,2,3","4","2","1","2","2","1","2","2","1","1","1","4","4","4","4","4","5","5","5","3,2,13,1,7","5","5","1",NA,NA,"2","1","Thai food is burger",NA,"5","5","5","5","5","5","5","4",1,0,"74","98","70","100","78","78","5","0","1","27",NA,1
"618",618,"3","1",3,"5","28","16","1","1","2","3",NA,"8","2","2","2","2","2","2","2","2","3","4","2","3","4","4","4","4","13,11,7,16,15","4","4","4",NA,NA,NA,NA,NA,"Group discussions are common in a democratic society, and, as a community builder, it’s more than likely that you have been and will continue to be involved in many of them.  You also may be in a position to lead one, and that’s what this section is about.  In this last section of a chapter on group facilitation, we’ll examine what it takes to lead a discussion group well, and how you can go about doing it.","4","4","4","4","4","4","2","3",1,0,"28","42","47","42","32","33","5","0","2","5","2008",1
"619",619,"3","1",2,"9","43","11","4","6","2","4","2","9","2","2","1","2","1","1","1","2","3","3","4","4","4","5","5","4","6,7,17,9,12","4","5","1",NA,NA,NA,NA,"Awesome thanks so much for your time and consideration and I will",NA,"4","5","5","4","5","5","4","4",1,0,"100","100","83","100","99","91","5","0","3","9",NA,1
"620",620,"3","2",3,"5","40","16","4","1","1","4","2","5","5","4","1","4","5","5","4","5","4","4","3","4","4","5","4","5","5,4,11,15,16","5","4","1",NA,NA,NA,NA,"Because it's good",NA,"5","4","4","5","5","5","4","4",1,0,"95","83","98","90","96","89","5","1","2","5","2001",1
"621",621,"3","2",3,"5","40","16","4","1","1","4","2","6","5","5","4","5","4","5","5","4","4","4","3","4","3","5","5","5","11,10,9,5,15","5","5","1",NA,NA,NA,NA,"DSP",NA,"5","5","5","4","5","4","5","4",1,0,"71","71","100","100","70","78","5","0","2","5","2001",1
"622",622,"3","2",2,"5","32","17","4","1","3","4",NA,"2","2","2","2","1","2","1","1","2","3","4","2","3","3","3","5","4","5,4,7,13,2","4","5","1",NA,NA,"2","3","To decide who one is performing best and who is eligible to take part in this study",NA,"5","5","5","5","5","4","4","3",1,0,"74","88","85","100","76","89","5","0","4","5","2012",1
"623",623,"3","1",2,"9","43","11","4","6","2","4","2","6","1","1","1","1","1","2","1","1","4","4","4","4","4","5","5","4","11,7,12,8,16","5","5","1","2","3",NA,NA,"So I can make it to the store and get some rest and feel coronavirus is good for you and I will be",NA,"5","5","5","5","5","5","5","4",1,0,"94","93","91","98","99","99","5","0","3","9",NA,1
"624",624,"3","1",3,"9","34","16","5","6","2","4",NA,"4","1","2","2","2","1","1","3","3","2","3","2","1","4","5","5","5","4,3,11,15,17","2","5","2","3","2",NA,NA,"My favourite flag india","I am proud of india","5","5","5","5","5","5","5","4",1,0,"100","100","100","100","100","100","5","1","2","9","2008",1
"625",625,"3","1",1,"5","35","17","5","6","1","3","5","6","4","3","2","3","3","3","1","3","2","4","3","3","4","1","5","4","7,15,16,18,8","5","5","4","3","2",NA,NA,NA,"Great for me to do it because I have to be a good time to explore new ways of learning and smart ways of learning and smart ways","4","3","1","1","4","4","4","3",1,0,"67","64","83","80","71","46","5","0","2","5","2003",1
"626",626,"2","1",3,"9","23","16","4","7","1","2","2","6","4","1","1","3","2","3","1","3","1","1","1","1","1","1","2","1","4,15,8,7,6","5","4","1","2","3",NA,NA,"Good command over my subjects and subjects choosen by me will be more fun and easy to answer",NA,"1","1","4","2","1","3","4","3",1,0,"79","91","90","85","93","86","3","1","3","9","2020",1
"627",627,"2","1",2,"24","22","17","4","6","1","3","2","6","1","2","1","5","2","2","1","5","4","1","3","4","2","5","5","5","15,8,4,12,13","5","5","1","2","3",NA,NA,"I believe I am perfect for group representative and i have done this in past also",NA,"5","5","5","5","5","5","5","4",1,0,"82","81","100","3","9","5","5","0","4","24","2016",1
"628",628,"3","2",3,"5","40","16","4","1","1","4","2","8","5","5","4","4","5","5","4","5","4","3","4","4","4","5","5","4","8,5,15,18,7","4","5","1",NA,NA,NA,NA,"Because it's good",NA,"5","4","4","5","4","5","5","4",1,0,"98","84","84","99","96","85","5","1","2","5","2001",1
"629",629,"3","1",2,"5","33","17","2","6","1","3","2","9","2","1","1","1","1","2","1","2","1","1","2","1","2","4","4","4","18,8,14,12,13","4","5","1",NA,NA,NA,NA,"I am very excited for it",NA,"4","4","4","4","4","4","4","3",1,0,"93","95","93","83","81","74","5","0","4","5","2005",1
"630",630,"3","1",1,"5","27","16","5","7","1","3","2","5","2","2","1","2","2","2","2","3","1","1","1","1","1","4","4","4","13,15,19,7,14","4","5","1","3","2",NA,NA,"I already leaded team in my company that's why i want to be group representative ",NA,"4","3","4","1","4","4","4","3",1,1,"70","77","88","63","63","68","5","1","4","5","2013",1
"631",631,"2","1",3,"9","18","13","4","7","1","3","2","9","3","3","3","4","3","3","3","3","3","2","2","3","3","4","4","4","15,16,6,4,8","3","4","2",NA,NA,NA,NA,"Because i am a good representative","Because i always want to win","4","4","4","4","4","4","4","3",1,0,"66","88","72","86","64","74","4","1","3","9","2020",1
"632",632,"3","1",1,"9","24","17","4","1","1","3","3","5","1","3","2","3","3","3","3","3","3","3","3","4","4","4","4","4","1,19,4,10,11","4","4","1","2","3",NA,NA,"I want to become group representative because of my sense of comprehending things and smartness",NA,"4","4","4","4","4","4","1","3",1,1,"82","85","75","69","75","89","5","0","4","9","2015",1
"633",633,"3","1",2,"24","25","17","5","7","1,2","4","2","9","3","3","1","3","2","3","2","3","1","1","1","1","1","5","5","4","2,3,4,17,12","5","5","1",NA,NA,NA,NA,"I want to be a group representative because i can become very good representative for my group And My Group members will be proud for me",NA,"4","5","3","4","5","4","3","3",0,1,"100","100","48","100","53","100","4","0","4","24","1997",1
"634",634,"3","2",1,"5","40","16","4","1","1","4","2","5","4","5","5","5","5","4","5","5","4","4","4","4","3","5","5","5","13,11,5,16,12","5","5","1",NA,NA,NA,NA,"It's good world",NA,"5","4","5","5","5","5","4","4",1,0,"87","100","92","80","75","100","5","0","3","5","2001",1
"635",635,"3","1",2,"5","36","17","4","6","3","1",NA,"4","1","2","1","4","2","1","4","1","4","3","4","4","4","5","2","4","4,13,8,7,18","5","5","1","3","2",NA,NA,"Because I feel that I have enough knowledge in sociology",NA,"5","5","4","2","5","4","4","3",1,0,"97","98","100","33","30","49","5","1","4","5","2000",1
"636",636,"2","1",1,"9","22","17","3","6","1","2",NA,"6","2","1","2","2","2","1","2","2","1","3","3","1","3","5","5","5","7,19,13,12,4","4","4","1","2","3",NA,NA,"I want to be group representative because i feel i can lead the group in better manner so that our chances of earnings improve",NA,"4","5","4","5","4","5","3","3",1,0,"50","50","100","50","50","50","3","1","3","9","2015",1
"637",637,"2","1",1,"9","26","16","3","6","1","3","2","10","3","3","3","3","3","3","2","3","3","4","3","3","4","4","5","5","15,12,13,14,4","4","4","2",NA,NA,NA,NA,"I want to be the representative because I want to choose tge study which is more easy to understand to every person in our group and helps us win the money","Because if i select the opposite of the other two...we wont earn anything.","5","4","5","2","4","4","2","3",1,0,"83","50","30","73","23","56","2","1","4","9","2012",1
"638",638,"3","2",3,"5","40","16","3","1","1","4","2","2","4","5","5","1","2","1","1","1","2","4","4","4","3","5","5","4","7,6,17,19,9","4","5","1",NA,NA,"3","1","Best",NA,"4","5","4","5","5","4","5","4",1,0,"96","99","100","100","100","100","5","0","3","5","2000",1
"639",639,"3","2",2,"5","35","17","4","6","2","4","1","1","3","4","2","2","1","5","5","2","1","3","3","4","2","4","1","4","4,8,19,18,2","3","1","4",NA,NA,"2","1",NA,"Because in a group representative, the fund will distributed more","1","5","4","4","3","3","3","3",1,0,"83","42","90","38","68","23","5","1","3","5","2005",1
"640",640,"2","1",1,"24","18","14","2","6","1","1",NA,"9","2","3","2","4","2","5","1","4","1","2","3","1","3","1","4","1","7,13,17,15,14","1","1","1",NA,NA,NA,NA,"Bcz I want to become a business man.",NA,"2","2","4","4","5","4","1","2",1,0,"91","77","50","95","93","75","4","1","4","24","2020",1
"641",641,"2","1",2,"24","31","17","4","1","2","3",NA,"2","4","3","2","2","2","3","4","4","3","2","2","2","3","4","4","5","15,18,19,7,13","4","4","1",NA,NA,NA,NA,"Because I am a valuable member",NA,"4","3","3","3","4","3","4","3",1,0,"86","79","77","81","66","74","4","0","4","24","2005",1
"642",642,"3","2",2,"9","21","16","4","3","1","4",NA,"2","4","2","2","2","2","2","3","2","2","4","3","2","4","4","3","3","2,13,19,7,10","5","5","1",NA,NA,"2","3","I can play this role efficiently. ",NA,"5","4","4","5","3","3","4","4",1,1,"51","61","74","45","57","74","5","1","4","9","2018",1
"643",643,"3","1",2,"5","26","16","5","6","1,2","4","2","3","3","1","1","1","1","1","1","3","3","3","3","1","4","3","4","5","15,12,18,16,7","4","5","1","1","3",NA,NA,"I want to be a group representive because i want to explore my knowledge and by this everyone can  get more information about these topics. These is one ofy favourite topic  so i would like to explore it . ",NA,"3","4","4","4","4","4","2","4",1,1,"53","53","57","43","46","36","5","0","4","5","2012",1
"644",644,"3","1",3,"5","34","16","5","3","1","4","2","9","2","2","2","2","1","2","1","2","1","3","2","1","2","3","4","5","15,16,10,9,13","5","5","1",NA,NA,NA,NA,"Group representative is a very important role in a group where he/her can have the decision of all the group members and helps them in conveying to the others and helps in  making successful team or group so all these are very exciting and motivated me to be a group representative",NA,"5","4","4","4","4","4","3","3",1,0,"79","55","83","76","80","93","5","0","4","5","2005",1
"645",645,"3","1",3,"5","28","16","4","6","1","4","2","3","4","1","1","2","3","1","2","3","1","2","1","1","1","4","4","5","4,15,2,10,13","4","5","1","3","2",NA,NA,"Because it helps others to earn additional income and also you get answers",NA,"5","4","4","2","5","5","1","3",1,1,"87","83","77","76","84","70","5","0","2","5","2014",1
"646",646,"3","1",3,"5","35","17","5","6","1","4","2","7","2","3","1","4","2","5","2","3","1","2","3","1","2","3","4","4","17,8,12,4,11","5","5","1",NA,NA,NA,NA,"I have leading qualities",NA,"3","3","2","3","2","2","4","3",1,0,"95","96","96","35","28","25","4","0","4","5","2000",1
"647",647,"2","1",1,"24","42","17","5","6","1","4","1","10","1","4","1","5","4","4","4","2","4","4","4","3","3","4","5","4","16,12,15,13,4","5","5","1",NA,NA,NA,NA,"I have the ability to lead the group and guide the representatives.",NA,"4","4","4","4","2","4","4","4",1,0,"100","82","100","40","42","37","5","1","4","24","1994",1
"648",648,"3","1",1,"5","43","17","5","6","1","3",NA,"6","3","3","3","3","3","3","3","3","3","2","1","1","4","4","4","4","1,2,14,19,13","4","4","1","2","3",NA,NA,"I think that I can represent my group well",NA,"4","4","4","4","4","4","3","1",1,0,"50","50","50","42","40","34","3","0","4","5","1995",1
"649",649,"3","1",2,"5","45","17","5","6","1","4","2","7","1","3","3","3","1","1","2","1","4","3","4","3","2","2","4","5","12,15,9,10,4","4","5","1",NA,NA,NA,NA,"Yes",NA,"4","4","5","5","5","4","5","3",1,0,"40","41","44","42","38","81","5","0","2","5","1998",1
"650",650,"2","1",3,"9","23","16","4","1","1","3",NA,"4","2","2","3","2","2","2","2","2","2","2","2","2","2","2","3","4","4,18,15,5,12","5","5","4","1","2",NA,NA,NA,"because i enjoy working with people i like to work in leadership i like to work for poors","5","4","5","5","5","5","4","3",1,0,"50","72","62","28","43","55","5","1","4","9","2015",1
"651",651,"3","1",2,"5","35","17","5","1","1","4","2","4","1","4","1","2","2","2","1","3","2","3","4","4","4","5","3","4","15,10,5,17,7","4","3","1","3","2",NA,NA,"Because of the representation its must be admire ",NA,"5","5","4","4","3","4","4","3",1,0,"84","93","83","66","94","73","4","0","3","5","2005",1
"652",652,"3","1",3,"5","38","17","4","6","1","3","5","3","3","3","1","3","3","3","3","3","1","2","1","1","2","3","3","5","1,2,11,4,13","5","5","1","2","3",NA,NA,"Because I know well how to represent the group as I have an experience in the school days as monitor. ",NA,"4","4","4","4","4","4","4","3",1,0,"100","100","100","80","60","70","5","1","4","5","1999",1
"653",653,"3","1",2,"24","23","17","1","1","2","3","2","10","3","3","1","3","2","1","2","3","3","3","1","2","4","5","2","3","11,15,13,4,18","5","5","1",NA,NA,NA,NA,"I have ability to represent the my entire group people not only considering my benefit but also their benefits.",NA,"4","4","3","4","4","4","4","2",1,0,"64","85","100","53","86","69","5","0","3","24","2012",1
"654",654,"2","1",1,"24","25","16","3","3","2","3","2","6","4","2","1","3","2","2","2","3","1","3","1","1","2","4","5","5","15,13,7,19,14","5","5","1","2","3",NA,NA,"Because I have a good knowledge of sociology.",NA,"2","4","4","3","4","4","4","3",1,0,"58","74","79","60","70","50","5","1","4","24","2012",1
"655",655,"3","1",3,"5","47","17","5","6","1","4","2","7","1","2","1","2","2","2","1","2","1","2","2","1","2","5","5","5","15,11,7,19,2","5","5","1",NA,NA,NA,NA,"I am responsible, widely read and intelligent and a good decision maker ",NA,"4","4","4","4","4","4","4","4",1,0,"79","72","83","67","32","45","5","1","3","5","1992",1
"656",656,"3","1",3,"5","36","17","5","3","1","3",NA,"2","4","3","1","3","2","2","2","3","3","3","2","3","2","4","4","4","1,8,4,10,13","5","5","1",NA,NA,NA,NA,"I think I can give best.",NA,"4","4","5","4","4","4","4","2",1,1,"85","76","81","73","74","78","5","0","4","5","2002",1
"657",657,"3","1",1,"5","26","17","5","6","1","3","2","9","3","3","2","3","3","3","3","3","1","1","1","1","2","3","4","4","15,7,19,14,13","5","5","1",NA,NA,NA,NA,"It help me to do work more for other representative",NA,"5","5","5","5","4","4","3","3",1,0,"75","79","70","71","75","72","4","0","2","5","2016",1
"658",658,"2","1",1,"9","26","17","3","7","2","3",NA,"5","3","4","3","3","3","3","3","3","2","2","2","3","3","5","5","4","7,19,16,13,6","4","4","1","3","2",NA,NA,"Everyone want more money similarly i also want.",NA,"4","3","2","2","4","2","4","3",1,0,"57","62","45","30","30","22","5","0","4","9","2012",1
"659",659,"3","2",3,"27","50","15","2","2","2","4","2","5","2","2","3","1","2","2","1","3","4","4","4","4","3","5","4","5","11,6,4,17,1","4","5","1",NA,NA,NA,NA,"Good world",NA,"5","5","4","5","4","4","5","4",1,0,"89","100","73","84","100","90","5","0","2","27","2002",1
"660",660,"2","1",1,"9","23","16","1","7","1","2","2","9","2","2","1","4","4","4","3","3","1","1","1","1","1","3","5","4","8,13,19,4,7","5","5","1",NA,NA,NA,NA,"Because I am actively participated in this.",NA,"4","4","5","5","4","4","4","3",1,0,"76","86","97","52","64","68","5","0","4","9","2019",1
"661",661,"2","1",1,"9","20","13","3","6","1","3",NA,"3","1","3","1","2","4","3","3","3","4","2","1","2","2","4","2","4","15,16,18,12,4","3","2","2","3","2",NA,NA,"Tevdvvsb in hindi ch 5 bje custom banaunga phir se aa gaya hai ki nahi hai","There are two different types in the end the my relationship with the help","4","3","4","2","5","3","3","2",1,0,"58","32","83","68","100","42","3","0","3","9","2018",1
"662",662,"2","1",2,"9","56","17","5","7","1","3","2","3","2","2","2","4","3","3","2","2","2","3","3","2","2","4","2","4","1,12,10,8,15","4","4","2","1","3",NA,NA,"Because I think I am a fair person","Someone has to become","3","4","4","2","4","4","4","3",1,0,"70","70","69","30","33","30","5","0","4","27","1980",1
"663",663,"3","1",3,"5","22","16","5","7","2","4","2","10","3","3","2","3","3","3","2","4","1","1","1","1","1","4","4","5","13,2,4,6,8","5","5","1",NA,NA,NA,NA,"I have the chance to give my opinions a chance to win",NA,"4","4","4","4","5","4","4","3",1,0,"90","76","60","93","85","82","4","1","2","5","2020",1
"664",664,"2","1",1,"9","23","16","4","7","1","3","2","2","3","1","1","1","3","3","1","3","3","1","1","2","3","5","5","5","12,18,13,17,16","5","5","1",NA,NA,NA,NA,"I want to be group representative because I'm quite experienced in geography",NA,"4","3","3","5","3","3","2","3",1,1,"100","100","100","81","80","90","5","0","4","8","2016",1
"665",665,"3","1",3,"5","50","17","5","6","1","4","2","5","2","5","2","2","5","5","5","2","2","2","2","2","2","2","4","5","2,4,12,15,9","5","4","1","1","3",NA,NA,"Yes happy",NA,"4","5","5","5","4","5","4","4",1,0,"100","100","100","52","45","50","5","0","2","5","1988",1
"666",666,"3","1",3,"9","36","17","5","6","4","3",NA,"3","3","3","2","2","3","2","3","3","2","4","2","3","3","4","4","5","1,13,14,19,7","4","3","1","3","2",NA,NA,"I dont know anything about my other two members or how they would answer but i know i would answer to the best of my knowledge and help contribute into the fund",NA,"4","4","4","4","4","4","3","1",1,0,"84","68","78","88","70","78","4","0","4","9","2003",1
"667",667,"2","1",2,"9","34","17","5","6","2","3",NA,"9","2","3","1","3","2","4","2","3","2","4","2","1","3","5","4","5","15,8,13,19,7","5","5","1",NA,NA,NA,NA," Mujhme yah yogyata hai",NA,"5","5","3","5","5","4","4","3",1,1,"100","100","100","100","100","100","5","0","4","9","2003",1
"668",668,"2","1",2,"9","20","14","3","6","1","2",NA,"1","2","2","2","3","3","2","2","2","2","2","2","3","4","3","4","5","2,13,12,7,5","4","4","1",NA,NA,NA,NA,"I think i can make good choices and will perform better than those whom i don't know.",NA,"2","2","3","4","3","3","3","2",1,0,"50","50","50","50","50","50","3","0","4","9","2017",1
"669",669,"3","1",2,"9","22","16","5","4","1","1","2","10","1","1","1","3","1","1","1","1","1","2","1","4","3","1","5","5","14,7,15,9,17","5","5","1",NA,NA,NA,NA,"Because I have full faith on myself. I can understand how people would react commonly so it will be helpful for us to earn.",NA,"4","4","4","4","4","3","4","3",1,1,"100","100","100","100","100","100","5","0","3","9","2019",1
"670",670,"3","1",3,"5","26","15","5","6","1","3","2","2","2","2","2","3","2","2","2","4","2","3","2","1","2","1","4","4","13,7,14,15,19","4","4","2",NA,NA,NA,NA,"I think I want to be group representative because I think I have great leadership quality","I don't want to be responsible for my team lose ","4","4","3","4","4","3","5","3",1,0,"50","58","83","22","50","30","5","1","4","20","2014",1
"671",671,"3","1",2,"5","28","16","3","3","1","3","2","3","2","2","2","2","2","2","1","5","1","2","2","1","1","4","1","5","12,13,15,19,18","5","5","1","2","3",NA,NA,"I am a good leader and friendly nature",NA,"4","5","4","5","4","3","2","3",0,0,"82","85","90","83","73","74","5","1","4","5","2006",1
"672",672,"3","1",3,"9","48","17","4","7","2","3","2","1","1","2","1","5","3","3","2","3","2","4","3","2","3","4","5","5","6,4,1,18,15","4","5","2",NA,NA,NA,NA,"This is a big difference between group representatives","They have a great day ahead but It was a great day","5","4","4","4","3","5","3","3",1,0,"90","70","80","68","91","76","4","1","4","9","1995",1
"673",673,"3","1",3,"24","39","16","4","6","2","3",NA,"3","3","2","1","2","2","2","3","3","1","2","1","1","2","4","4","4","13,15,18,7,19","4","4","4","2","3",NA,NA,NA,"We should keep competition open and fair.","4","4","4","4","4","4","3","3",1,0,"50","30","40","35","30","35","5","0","3","24","2003",1
"674",674,"2","1",3,"9","21","16","4","7","3","3",NA,"8","3","2","2","3","3","3","3","3","2","3","1","3","3","4","1","5","8,13,18,6,15","1","4","2",NA,NA,NA,NA,"I want myself as a group representative because I am may be superior than other partners ","Because there is risk of being wrong and I not face that problem","1","4","3","1","4","4","4","2",1,0,"77","55","85","48","71","69","3","1","1","9","2020",1
"675",675,"2","1",3,"9","20","15","5","6","1","3","2","5","3","3","3","3","3","3","3","3","1","1","1","1","1","3","5","5","15,8,19,2,7","5","5","1","2","3",NA,NA,"Because I have been group representative in the past as well and know how to represent the group",NA,"4","4","2","3","2","4","3","2",1,0,"86","73","70","51","72","68","3","0","4","9","2018",1
"676",676,"2","1",2,"9","24","16","2","3","1","1",NA,"3","1","1","1","5","1","1","1","1","1","4","1","1","1","5","5","5","8,13,4,12,18","4","4","2","3","2",NA,NA,"Am the best","Nill","4","3","4","4","3","2","3","3",1,0,"76","76","78","67","67","66","4","0","4","9","2012",1
"677",677,"3","2",2,"27","50","15","2","2","2","4","2","5","3","5","4","5","5","5","5","5","3","4","4","4","4","5","5","5","11,7,5,9,15","5","5","1",NA,NA,NA,NA,"Video of the guy who was the guy who was the",NA,"5","5","5","5","5","4","5","4",1,0,"87","16","15","43","88","25","5","1","2","27","2002",1
"678",678,"3","2",1,"9","18","13","4","6","1","3",NA,"6","5","3","3","5","1","3","5","2","2","3","2","2","4","3","2","3","7,16,15,19,9","5","5","1",NA,NA,NA,NA,"I'm a responsible type . I think I can handle it",NA,"5","4","5","4","4","4","3","2",0,0,"78","88","92","46","17","19","5","1","4","9","2020",1
"679",679,"3","2",3,"27","40","16","4","1","1,2,3","4","2","7","1","1","2","1","1","1","2","1","4","3","4","3","4","5","5","5","2,4,13,7,1","5","5","1",NA,NA,NA,NA,"Very good",NA,"5","5","5","5","5","5","5","4",1,0,"89","78","74","89","89","88","5","1","2","27","2001",1
"680",680,"3","1",1,"5","19","17","5","3","2","3","2","7","1","1","1","1","1","1","1","1","2","2","2","2","2","5","5","5","8,1,15,16,7","5","5","1",NA,NA,NA,NA,"I think my decision making potential is better.",NA,"5","5","5","5","5","5","2","3",1,1,"65","70","70","71","79","66","4","1","4","5","2019",1
"681",681,"2","1",1,"9","30","16","4","6","1","3","2","2","1","1","1","1","1","1","1","1","2","2","2","1","2","2","5","5","14,18,19,1,10","4","3","3",NA,NA,NA,NA,"Cause it would be really cool","Cause a lot of work and responsibilities","3","2","4","2","2","4","5","3",0,0,"47","60","54","40","65","50","4","1","4","9","2004",1
"682",682,"2","1",3,"24","21","16","2","6","1,2","4",NA,"9","2","1","2","1","1","1","1","1","1","2","1","2","1","1","3","2","13,4,12,8,11","5","5","3",NA,NA,NA,NA,"Because I have some potential to strike ahead of demanding situation","No, I want to be a group representative","3","3","3","5","3","4","3","3",1,0,"87","78","88","92","97","95","5","0","4","24","2016",1
"683",683,"3","1",1,"9","20","15","4","6","1","4","2","2","3","3","1","4","3","3","2","3","2","1","3","1","4","5","5","5","13,7,14,19,1","5","5","1",NA,NA,NA,NA,"Because i think that my choice will make us win",NA,"4","4","5","4","3","4","3","2",1,0,"50","80","60","50","25","45","5","1","4","9","2018",1
"684",684,"2","1",2,"24","28","17","4","6","1","2","2","2","3","3","2","3","3","3","3","3","2","3","2","3","3","3","4","4","4,13,19,7,8","4","4","2",NA,NA,NA,NA,"Because I can","I am a little bit shy","4","4","3","3","4","3","4","1",1,0,"82","73","65","49","56","51","3","0","4","24","2012",1
"685",685,"2","1",2,"9","30","16","5","3","2","4","4","2","2","2","1","1","2","5","5","4","4","4","2","1","4","5","4","5","8,4,15,12,2","4","5","2",NA,NA,NA,NA,"It is very helpful for me","I want this group","5","4","4","5","5","5","5","4",1,0,"30","10","60","30","10","60","2","1","4","9","2014",1
"686",686,"2","1",1,"24","30","16","5","6","2","4","5","3","3","1","1","4","3","3","2","1","1","1","1","1","2","5","5","4","13,12,15,1,7","5","5","3","3","2",NA,NA,"To influence the decision","Is members not agree","5","5","5","5","5","4","4","4",1,0,"95","93","94","86","77","86","5","1","4","24","2008",1
"687",687,"2","2",1,"24","23","17","4","6","1","2","1","5","2","2","2","2","2","1","2","2","1","1","1","1","1","3","5","4","10,16,13,5,7","5","5","1",NA,NA,NA,NA,"I am a group representative. And want to be a group representative please give me a chance. ",NA,"5","3","5","4","5","4","3","3",1,0,"91","85","80","100","70","95","5","1","3","24","2015",1
"688",688,"2","1",1,"24","26","17","4","3","2","3","1","2","3","3","1","4","3","2","4","1","2","2","1","1","2","5","3","1","15,13,14,19,8","3","1","1",NA,NA,NA,NA,"I want to be group representative because I feel that I possess the qualities required to lead my group in quiz ahead. ",NA,"4","4","5","4","4","4","3","3",1,0,"50","49","100","76","50","36","4","1","4","24","2012",1
"689",689,"3","1",3,"24","25","17","3","6","2","3","1","6","3","3","3","3","3","3","3","3","2","3","1","2","2","1","5","5","7,19,12,11,8","5","5","1","3","2",NA,NA,"Because i think geography will be more intrested to read, so group can score more",NA,"2","3","4","4","4","3","4","3",1,0,"50","50","51","49","51","71","4","0","4","24","2012",1
"690",690,"3","1",2,"9","33","16","5","7","1,3","3","2","5","1","2","1","2","1","2","1","4","1","2","2","1","3","4","5","4","12,15,4,2,13","4","5","1","2","3",NA,NA,"I want to be group representative so that I would let my group earn much rewards and I also want to earn money.",NA,"2","3","4","5","5","3","4","3",1,0,"100","63","68","25","82","63","4","0","3","9","2003",1
"691",691,"2","1",1,"9","21","16","3","7","2","1",NA,"7","2","2","2","4","3","2","2","2","3","1","1","2","2","3","3","5","12,7,8,13,6","3","3","1",NA,NA,NA,NA,"Because i have skills to represent a group or lead a group
",NA,"2","3","2","3","4","4","4","3",1,0,"42","75","42","64","52","75","3","0","2","9","2016",1
"692",692,"3","1",3,"9","20","16","3","6","1","2","2","5","1","1","1","2","1","3","2","3","2","3","2","2","3","3","4","4","11,19,7,13,15","5","5","2","3","2",NA,NA,"Because I feel I can take good decisions.","I want to.","3","2","3","2","4","4","2","2",1,1,"50","50","50","41","50","50","5","0","4","9","2018",1
"693",693,"2","1",1,"24","28","17","5","6","2","3","5","4","1","5","2","4","3","4","3","3","2","3","2","2","4","4","3","4","14,15,18,13,7","5","5","1","3","2",NA,NA,"Because I mostly use common sense and don't think on preconceived notions.",NA,"2","2","5","2","4","3","4","2",1,0,"67","44","84","65","55","66","4","0","4","24","2011",1
"694",694,"2","1",1,"24","28","17","5","3","1","4",NA,"1","2","1","1","2","2","2","2","2","1","3","2","1","3","4","5","5","13,6,8,4,7","3","4","4",NA,NA,NA,NA,NA,"I don't think I can represent the group. ","4","4","5","5","4","3","4","4",0,0,"100","100","100","100","83","51","5","0","3","24","2008",1
"695",695,"2","1",2,"9","20","14","3","3","2,3","2","5","2","3","3","2","3","4","3","2","3","2","3","2","2","3","3","4","5","11,7,14,19,13","4","4","1",NA,NA,NA,NA,"I have the basic knowledge of things.",NA,"4","4","4","2","3","3","2","2",0,0,"52","56","63","48","76","59","4","0","4","9","2020",1
"696",696,"2","1",2,"24","33","17","5","2","1","3","2","3","2","2","2","2","2","2","2","2","2","2","2","2","2","4","5","4","15,2,12,13,19","5","5","1","3","2",NA,NA,"I’ve learned I don’t know anything.  Have also learned that people will pay for what I know.  Life is good.",NA,"4","4","3","4","4","3","4","2",1,1,"78","78","87","77","85","72","5","1","4","24","2005",1
"697",697,"3","1",1,"9","36","17","4","7","1","3","5","6","3","3","2","3","3","3","4","3","1","4","2","1","4","3","5","4","13,19,7,3,17","5","4","1","3","2",NA,NA,"Because I feel can justice to the role of a group representative",NA,"4","4","3","4","3","3","2","3",1,1,"55","65","82","55","74","82","5","1","4","5","2001",1
"698",698,"2","1",3,"9","21","16","4","6","1","3","2","8","1","2","2","2","2","2","2","2","3","1","1","3","2","4","4","4","13,7,19,1,4","5","5","1",NA,NA,NA,NA,"I am a good leader and I assure the members that i will make a great choice and may we win the prize. ",NA,"4","4","4","4","4","4","4","2",1,0,"50","50","50","50","50","50","4","0","4","9","2017",1
"699",699,"3","1",1,"9","43","11","4","6","2","4","2","8","5","5","5","5","5","5","5","5","4","4","4","4","4","5","4","5","15,12,11,2,14","5","5","1",NA,NA,NA,NA,"Good and the is very good life adn the is very awesome and the is haly is not life ia very",NA,"5","5","4","5","4","5","5","4",1,0,"91","99","100","96","94","100","5","1","3","9",NA,1
"700",700,"2","2",2,"9","39","16","4","6","1","4","2","10","5","4","5","4","5","4","4","5","4","3","3","4","4","5","4","5","8,18,7,1,5","5","4","2",NA,NA,NA,NA,"It's very good morning I am sending","It's very goods and a robot and a few things to","4","5","5","4","5","5","4","4",1,0,"100","100","100","100","100","100","5","0","2","9","2019",1
"701",701,"3","2",3,"27","47","16","4","2","1","3","4","9","2","1","1","2","2","2","1","1","3","4","3","4","4","4","4","5","10,15,17,12,5","5","4","2",NA,NA,NA,NA,"This is best  group","Not a bad things","4","5","5","4","4","5","5","4",1,0,"81","84","76","84","57","83","5","0","2","27","2002",1
"702",702,"3","1",1,"24","21","17","4","7","1","2",NA,"2","2","4","1","2","2","2","2","3","3","3","3","2","4","4","4","4","7,19,14,18,13","4","4","1",NA,NA,NA,NA,"Because, I am positive that I can lead the group and make the choices that are correct for my group.",NA,"4","3","4","4","4","4","4","1",1,0,"80","79","81","85","69","43","3","1","4","24","2016",1
"703",703,"3","1",2,"24","21","16","4","6","1,2","3","2","10","3","3","3","4","3","3","3","4","1","1","1","1","4","2","5","4","16,13,7,19,14","5","5","3",NA,NA,NA,NA,"I would love to take this responsibility as I will make sure to give my best and I am confident I can give my best.","I want to be the representative ","4","3","3","5","2","4","3","2",1,0,"54","83","53","35","39","38","4","0","4","24","2018",1
"704",704,"3","1",2,"9","21","16","5","6","1","3","5","4","3","3","3","3","3","3","4","3","2","3","4","2","4","4","5","4","19,15,7,18,13","4","4","1","3","1",NA,NA,"I feel i have acute knowledge about the topic so it will benefit all .",NA,"2","4","4","2","4","4","4","2",0,0,"52","50","61","41","56","58","4","0","4","9","2018",1
"705",705,"2","1",1,"9","23","16","5","6","1","2","2","4","3","2","2","4","2","3","1","2","2","3","3","2","3","3","5","5","12,15,13,19,7","5","5","1","2","3",NA,NA,"Because i am the boss",NA,"3","2","3","4","2","2","4","1",1,0,"91","59","100","36","60","9","5","0","4","5","2017",1
"706",706,"2","2",3,"9","39","16","4","6","1","4","2","5","4","5","5","4","4","4","5","5","3","3","4","3","4","5","4","5","12,5,3,1,17","5","4","1",NA,NA,NA,NA,"It's very good ",NA,"4","4","4","5","5","5","5","4",1,0,"100","100","100","100","100","100","5","0","3","9","2019",1
"707",707,"2","1",1,"24","20","15","2","3","1","4","2","6","4","3","2","5","4","3","3","4","4","1","1","3","4","3","5","5","4,1,12,13,7","5","5","1","2","3",NA,NA,"Good knowledge of geography ",NA,"4","5","4","2","4","4","2","2",1,1,"50","49","60","50","40","25","4","1","4","24","2019",1
"708",708,"2","1",1,"9","33","17","4","7","2","3",NA,"3","4","3","2","2","3","3","3","3","1","2","1","1","4","1","4","1","7,19,13,10,1","4","4","1","3","2",NA,NA,"Because I love to help people 
I love to see others moving forward because of me ",NA,"2","1","2","5","1","2","4","3",0,0,"95","90","97","43","18","30","5","1","4","9","2009",1
"709",709,"2","1",2,"24","20","16","3","6","2","3","2","10","3","2","1","1","1","2","1","2","1","3","2","3","3","5","5","5","13,4,7,12,19","4","4","1",NA,NA,NA,NA,"It is your choice whether i am selected as group representative or not.",NA,"3","4","3","4","3","3","4","2",1,0,"100","100","100","90","88","94","3","0","3","24","2016",1
"710",710,"2","1",3,"9","18","13","1","2","1","3","2","5","1","5","3","2","4","3","1","3","3","1","2","2","4","1","4","4","15,7,4,13,10","4","5","1","2","3",NA,NA,"I am willing to do that",NA,"4","3","3","4","4","4","5","3",1,0,"67","93","94","42","51","64","5","0","4","9","2020",1
"711",711,"2","1",2,"9","20","15","1","6","1","3","2","4","4","1","1","2","3","2","1","4","2","2","2","2","4","4","4","4","8,15,18,7,13","3","4","2","3","1",NA,NA,"I want to be group representative because I think I have a good decision making power and can chose the best subject.","I dont want to be a grouo representative because its difficult for me to decide whether my partner is good in my selected subject or not.","4","4","3","2","3","2","4","1",1,1,"50","50","80","50","50","21","4","0","4","9","2020",1
"712",712,"2","1",2,"9","28","16","5","6","1","3","2","10","1","1","1","3","2","1","1","2","2","3","3","1","3","2","5","5","15,8,4,5,18","5","5","1",NA,NA,NA,NA,"I want to be group representative as I am confident at my knowledge",NA,"4","4","4","5","5","5","4","3",1,1,"63","64","64","26","26","26","5","0","4","9","2012",1
"713",713,"2","1",2,"9","21","16","4","7","1","2","2","5","4","3","3","3","2","3","3","4","1","2","2","2","3","4","5","4","19,15,7,13,14","5","5","1","3","2",NA,NA,"Because I am confident that I will give the right answers to the questions asked based on the chosen subject, so that I can benefit my group and win.",NA,"4","4","5","5","5","5","2","1",1,0,"63","65","58","57","61","54","5","1","4","9","2017",1
"714",714,"3","1",2,"24","30","16","5","6","1","3","2","10","3","2","2","5","4","3","1","5","2","1","1","3","3","2","1","5","12,13,7,8,14","4","2","1",NA,NA,NA,NA,"I want to be a leader of the group",NA,"4","4","4","3","4","3","5","3",1,0,"57","72","51","54","48","32","4","1","4","24","2003",1
"715",715,"2","1",1,"24","27","11","1","1","2","1",NA,"7","2","1","1","3","2","1","2","2","2","2","2","2","2","4","5","5","4,15,13,16,12","4","4","1",NA,NA,NA,NA,"Ability to resolve conflicts successfully and calmly",NA,"2","2","4","4","3","1","2","1",1,0,"83","94","92","83","94","94","4","0","4","24",NA,1
"716",716,"3","2",3,"27","50","15","2","2","2","4","2","9","5","5","4","5","5","4","4","3","4","3","4","4","4","5","5","4","4,9,15,5,1","5","4","1",NA,NA,NA,NA,"Because it's very good",NA,"5","5","5","5","4","4","4","4",1,0,"98","94","85","86","87","97","5","0","2","27","2002",1
"717",717,"2","1",2,"9","28","16","4","3","1","2","2","7","1","3","2","4","2","3","2","2","1","2","3","1","1","4","5","5","19,4,18,16,13","5","4","1",NA,NA,NA,NA,"I think that i will be a good representative as my decisions are always ethically correct",NA,"5","4","5","4","4","4","3","3",1,0,"64","47","46","66","43","59","5","1","3","9","2012",1
"718",718,"2","1",3,"9","23","16","1","7","2","1",NA,"8","3","3","1","3","3","3","2","2","4","3","2","2","4","4","5","5","13,19,15,7,11","5","5","1",NA,NA,NA,NA,"I want to be group representative as I think I have good reasoning and leadership skills.",NA,"4","4","4","4","3","4","2","1",1,1,"52","61","56","52","9","15","5","1","4","9","2016",1
"719",719,"2","1",2,"24","19","15","4","3","1","1","2","4","3","2","3","3","3","3","2","3","2","3","2","1","4","3","4","5","2,8,15,4,10","2","1","4","2","1",NA,NA,NA,"I am not good in being group representative.","4","3","3","4","3","4","3","1",0,0,"50","50","50","50","50","50","5","1","4","24","2019",1
"720",720,"3","1",3,"24","20","15","5","1","5","1",NA,"3","3","3","3","3","3","3","3","3","3","3","3","3","3","3","3","3","8,7,11,15,13","3","3","4","1","2",NA,NA,NA,"Don't know","3","3","3","3","3","3","3","1",1,0,"50","50","51","50","50","50","3","1","4","24","2018",1
"721",721,"3","2",3,"27","47","16","4","2","1","4","1","8","4","3","5","1","1","4","2","5","3","4","4","4","2","5","4","5","19,13,12,14,9","4","5","1",NA,NA,NA,NA,"Best",NA,"4","5","4","4","4","5","4","4",1,0,"98","96","96","100","99","100","5","0","3","27","2000",1
"722",722,"3","2",1,"27","40","16","4","1","1","4","2","1","1","1","2","1","1","1","1","2","4","3","4","4","3","5","5","4","19,7,3,18,2","5","4","1",NA,NA,"1","3","I want to know about it.",NA,"4","5","5","4","5","4","4","4",1,0,"65","30","44","30","69","51","4","0","3","27","2001",1
"723",723,"2","1",1,"9","27","17","5","6","1","3","2","8","3","3","3","3","3","3","3","3","2","2","2","2","3","4","4","4","12,17,19,7,13","4","4","1",NA,NA,NA,NA,"Cos I feel I have enough knowledge. ",NA,"3","3","3","3","3","3","3","1",1,0,"57","62","52","55","47","40","4","0","4","9","2010",1
"724",724,"3","2",2,"27","50","15","2","2","2","4","2","2","5","5","5","5","4","4","4","4","4","3","4","4","4","5","5","4","1,12,17,11,15","5","4","1",NA,NA,"2","3","Good group",NA,"5","5","5","4","5","4","4","4",1,0,"100","65","37","41","78","58","5","1","2","27","2002",1
"725",725,"2","1",1,"9","30","17","5","2","1","4","2","6","1","5","1","3","2","4","1","2","2","1","1","2","1","2","4","4","9,14,19,2,10","5","2","2","1","2",NA,NA,"I want to be the group representative because I am very sensitive and responsible.","Because I don't know the others.","4","5","5","5","4","5","3","3",1,0,"90","82","100","3","2","4","4","0","3","9","2009",1
"726",726,"3","2",1,"27","47","16","4","2","1","4","1","1","5","5","4","4","5","5","5","4","4","4","4","4","4","5","5","5","13,9,16,14,4","5","4","2",NA,NA,"1","3","i like this ","i like thia","4","4","5","5","5","5","4","4",1,0,"81","75","65","86","78","84","5","0","3","27","2000",1
"727",727,"3","2",2,"27","47","16","4","2","1","4","1","8","2","2","4","4","3","5","4","4","3","3","4","3","1","5","5","4","5,3,9,12,8","4","5","1",NA,NA,NA,NA,"Best",NA,"5","5","5","5","5","4","4","4",1,0,"100","100","100","99","100","98","5","1","3","27","2000",1
"728",728,"3","2",3,"27","47","16","4","2","1","4","1","8","2","4","3","3","3","3","4","5","4","4","3","1","3","5","5","4","2,3,18,7,13","5","4","1",NA,NA,NA,NA,"Best",NA,"5","4","5","5","4","5","4","4",1,0,"99","100","99","100","100","99","5","1","3","27","2000",1
"729",729,"3","2",3,"27","50","15","2","2","2","4","2","1","5","5","5","5","4","5","5","5","4","4","4","4","4","5","5","5","11,5,10,15,16","5","5","1",NA,NA,"1","3","Very good luck and",NA,"5","5","5","5","5","5","5","4",1,0,"25","85","50","8","41","66","5","1","2","27","2002",1
"730",730,"3","2",1,"27","50","15","2","2","2","4","2","10","5","5","5","5","5","5","5","5","4","4","4","4","4","5","5","5","16,6,1,5,3","5","5","1",NA,NA,NA,NA,"Because it's good",NA,"5","5","5","5","5","5","5","4",1,0,"43","60","29","28","65","16","5","0","3","27","2002",1
"731",731,"3","2",3,"27","50","17","5","6","1","4","2","1","1","1","1","1","1","1","1","1","4","4","4","4","4","5","5","5","11,8,4,5,7","5","5","1",NA,NA,"2","3","Because I have leadership quality",NA,"5","5","5","5","5","5","5","4",1,0,"84","80","100","100","97","84","5","1","4","27","1988",1
"732",732,"2","1",3,"24","26","17","4","6","1","4","2","4","1","1","1","2","2","3","1","3","1","1","1","1","1","5","5","5","13,12,18,15,7","5","5","1","2","3",NA,NA,"i am a good leader",NA,"4","4","4","5","3","4","5","3",1,0,"78","79","90","52","27","54","4","1","2","24","2012",1
"733",733,"3","1",2,"9","29","17","5","6","2","3","2","3","4","4","4","4","4","4","4","4","3","3","3","3","3","4","3","4","14,19,7,5,9","3","4","2","1","3",NA,NA,"Best ","Best ","5","4","4","4","3","4","3","3",1,0,"20","32","22","23","18","22","4","0","3","9","1988",1
"734",734,"3","2",1,"27","50","16","4","6","2","4","2","5","4","5","5","4","4","4","4","5","3","4","4","4","4","4","5","4","2,3,8,5,15","4","5","1",NA,NA,NA,NA,"yes I am able to come to my home ",NA,"5","5","4","5","4","4","5","4",1,0,"85","95","86","92","93","98","4","1","3","27","1988",1
"735",735,"3","1",2,"9","37","16","5","6","1","4","2","4","1","1","1","1","1","2","1","1","1","1","1","1","4","5","5","5","18,16,12,15,7","5","5","1","1","2",NA,NA,"Because i am good in decision making.",NA,"5","5","5","5","5","5","2","4",1,0,"88","89","92","50","45","46","5","0","4","9","2019",1
"736",736,"3","2",3,"27","50","17","5","6","1","4","2","4","1","1","1","1","1","1","1","1","4","4","4","4","4","5","5","5","14,13,4,5,7","5","5","1",NA,NA,NA,NA,"Because I have leadership qualities",NA,"5","5","5","5","5","5","5","4",1,0,"79","99","100","84","93","100","5","1","4","27","1988",1
"737",737,"3","2",1,"27","40","16","4","6","1","4","2","9","2","3","1","3","4","2","1","2","2","4","3","4","4","5","5","4","2,6,8,19,10","4","5","1",NA,NA,NA,NA,"Good",NA,"5","5","4","4","4","4","4","4",1,0,"77","54","39","98","74","40","5","1","3","27","2001",1
"738",738,"3","2",2,"27","50","17","5","6","1","4","2","3","1","1","1","1","1","1","1","1","4","4","4","4","3","5","5","5","2,13,8,5,4","5","5","1",NA,NA,NA,NA,"Because I have leadership qualities",NA,"5","5","5","5","5","5","5","4",1,0,"89","100","91","84","100","96","5","0","4","27","1988",1
"739",739,"3","2",1,"27","47","16","4","2","1","4","1","10","1","1","1","1","1","1","1","1","4","4","4","4","4","5","5","5","15,3,16,13,5","5","5","1",NA,NA,NA,NA,"Best",NA,"5","5","5","5","4","5","5","4",1,0,"100","100","100","100","100","100","5","0","3","27","2000",1
"740",740,"3","2",1,"27","50","15","2","2","2","4","2","1","5","5","5","5","5","5","5","5","4","4","4","4","4","5","5","5","5,16,15,10,11","5","5","1",NA,NA,"1","3","Very good luck in the past year old and it was so I",NA,"5","5","5","4","5","5","5","4",1,0,"77","51","14","7","39","80","5","1","3","27","2002",1
"741",741,"3","2",3,"27","50","15","2","2","2","4","2","5","4","5","4","4","5","4","5","5","3","3","4","4","4","5","4","5","19,4,17,18,6","4","5","1",NA,NA,NA,NA,"Good ",NA,"5","5","4","4","4","5","4","4",1,0,"53","90","18","53","90","56","4","0","2","27","2002",1
"742",742,"3","2",1,"9","32","16","4","6","2","4","2","8","5","5","5","4","5","4","4","4","4","3","4","4","4","5","5","5","4,1,17,18,7","5","5","1",NA,NA,NA,NA,"liked it very well know what to ",NA,"5","5","5","5","4","4","5","4",1,0,"99","90","96","97","99","96","4","1","3","9","1988",1
"743",743,"3","1",3,"9","29","17","5","6","2","3","2","9","5","4","3","5","5","3","5","4","2","2","4","4","2","3","3","4","8,4,7,14,3","4","4","2",NA,NA,NA,NA,"Best ","Best ","2","2","4","4","3","3","3","3",1,0,"0","100","0","0","0","0","4","0","2","9","1988",1
"744",744,"3","1",1,"9","29","17","5","6","2","3","2","4","5","4","4","4","5","5","3","5","4","4","4","4","4","3","5","5","5,11,13,16,4","5","5","1","1","2",NA,NA,"Best words",NA,"5","3","5","4","4","4","5","4",1,1,"86","89","97","100","96","96","5","0","4","9","1988",1
"745",745,"3","2",1,"27","47","16","4","2","1","4","1","7","4","3","3","5","2","1","5","3","2","2","4","2","2","5","5","4","3,18,10,16,6","4","5","1",NA,NA,NA,NA,"Best",NA,"5","5","4","5","5","4","5","4",1,0,"97","100","100","97","100","100","5","1","4","27","2000",1
"746",746,"2","1",1,"9","21","16","4","3","2","3","2","7","1","1","1","1","1","1","1","1","1","1","1","1","1","1","4","4","15,18,16,13,7","4","4","1",NA,NA,NA,NA,"I want to become group leader because i believe myself definitely i completed this survey",NA,"4","4","4","4","4","4","4","4",1,1,"100","96","95","97","94","96","4","1","4","9","2020",1
"747",747,"3","2",3,"27","40","16","4","1","1","4","2","5","1","1","2","2","1","2","1","2","4","4","4","4","4","5","5","5","18,13,4,5,11","5","5","1",NA,NA,NA,NA,"very good",NA,"5","5","5","5","5","5","5","4",1,0,"100","100","100","100","100","100","5","0","2","27","2001",1
"748",748,"3","1",2,"9","37","16","5","6","2","4",NA,"10","2","1","1","2","1","1","3","3","2","3","3","2","4","5","5","5","7,13,2,19,11","5","5","1",NA,NA,NA,NA,"I have the potential to lead a group. We have best understanding among us. Everybody trust me as much as I trust them",NA,"5","5","4","4","5","5","2","4",1,0,"75","75","70","75","76","75","5","1","4","9","2005",1
"749",749,"3","1",3,"9","29","17","5","6","2","3","2","6","3","4","2","4","4","2","1","2","2","3","3","2","2","3","4","4","5,4,15,11,8","4","4","2","3","2",NA,NA,"Yes ","Very good ","4","5","4","4","3","4","4","3",1,0,"54","57","80","89","93","80","4","0","2","9","1988",1
"750",750,"3","1",1,"9","25","16","4","7","1","3","2","4","2","2","2","2","2","2","2","2","2","2","2","2","2","4","4","4","14,13,7,19,18","5","5","1","3","2",NA,NA,"I think I will be able to take right decision for the group",NA,"4","4","5","4","5","4","4","4",1,0,"50","50","50","50","50","50","5","1","2","9","2013",1
"751",751,"3","2",1,"27","30","11","5","6","1","2",NA,"1","4","5","4","5","4","3","2","3","3","4","4","4","3","5","3","5","11,6,3,4,5","5","4","1",NA,NA,"2","3","Very good for you and best regards",NA,"4","5","4","5","5","4","5","3",1,0,"96","85","65","57","74","100","5","0","3","27",NA,1
"752",752,"2","1",1,"24","63","16","5","7","1","4",NA,"7","2","3","1","3","2","3","3","3","3","3","3","3","3","4","5","5","2,8,13,14,15","5","4","1",NA,NA,NA,NA,"To exercise leadership. Quality ",NA,"5","4","4","5","5","4","4","4",1,0,"92","86","75","67","59","77","5","0","4","24","1971",1
"753",753,"3","2",3,"27","30","11","5","6","1","1",NA,"3","4","5","5","5","5","4","1","3","3","4","4","4","3","5","4","5","5,11,4,6,10","5","4","1",NA,NA,NA,NA,"Very good by me in your family and friends",NA,"3","4","5","5","4","4","4","2",1,0,"71","93","55","90","94","100","5","1","2","27",NA,1
"754",754,"3","2",2,"27","30","11","5","6","1","1",NA,"5","1","1","2","1","1","2","2","2","3","4","4","4","4","5","4","5","9,10,7,15,6","5","5","3",NA,NA,NA,NA,"Very nice","3","4","5","4","5","4","5","5","4",1,0,"91","89","100","72","100","51","5","0","4","27",NA,1
"755",755,"3","2",2,"27","30","11","5","6","1","1",NA,"9","3","1","2","1","2","2","4","1","4","3","4","3","4","5","5","4","4,7,5,11,18","5","5","2",NA,NA,NA,NA,"Very nice","3","5","5","4","5","5","5","4","4",1,0,"97","100","100","100","100","90","5","0","4","27",NA,1
"756",756,"2","1",3,"9","39","16","5","6","2","3","2","2","3","2","2","2","2","2","2","2","4","3","2","2","3","4","3","4","7,11,2,8,13","5","3","1",NA,NA,NA,NA,"i don't know they are active now or not, i am online right now so thats why i considered myself",NA,"4","4","5","4","4","3","4","3",1,1,"68","52","62","37","27","40","5","1","4","4","2000",1
"757",757,"3","2",3,"27","30","11","5","6","1","4","1","10","5","5","5","5","5","5","5","5","4","4","4","4","4","5","5","4","11,10,8,4,5","4","5","1",NA,NA,NA,NA,"This is a very good and fantastic and very likely social history",NA,"5","4","5","5","5","4","4","4",1,0,"89","93","90","90","96","93","5","0","3","27",NA,1
"758",758,"2","1",1,"9","18","13","5","1","1,2","3","2","10","2","2","2","2","2","2","2","2","1","2","2","1","2","4","3","5","13,7,8,14,19","5","4","1",NA,NA,NA,NA,"Because i have passion about this",NA,"5","3","4","4","4","5","4","2",0,0,"81","96","84","92","84","85","4","1","3","5","2020",1
"759",759,"3","2",3,"27","30","11","5","6","1","1",NA,"7","1","1","2","2","2","2","4","4","4","4","3","3","4","5","5","4","7,5,4,13,11","4","5","1",NA,NA,NA,NA,"3",NA,"4","5","5","5","4","4","5","4",1,1,"93","85","88","98","80","89","5","0","3","27",NA,1
"760",760,"3","2",1,"27","55","16","4","1","1","4","2","4","1","2","1","2","2","1","1","1","4","3","3","4","4","5","4","5","19,10,15,7,18","5","4","1",NA,NA,NA,NA,"I more interested in.",NA,"3","4","5","5","5","5","4","4",1,0,"65","25","36","43","69","15","4","1","3","27","2001",1
"761",761,"3","2",3,"27","30","11","5","6","1","1",NA,"9","2","2","1","2","2","1","5","1","3","4","4","4","4","5","5","4","8,19,5,7,11","5","5","3",NA,NA,NA,NA,"Very nice","3","5","4","5","4","5","5","5","4",1,0,"100","100","99","86","100","82","5","0","3","27",NA,1
"762",762,"2","1",2,"9","45","17","5","6","1","4","2","1","1","5","1","4","3","4","1","3","1","2","2","1","3","4","1","5","15,16,4,8,10","5","5","1",NA,NA,NA,NA,"I can be the group leader because I have been leading my team of more than 100 people.",NA,"5","5","5","5","5","5","2","3",1,0,"89","89","93","51","56","62","5","0","4","9","1987",1
"763",763,"3","1",1,"9","29","17","5","6","2","3","2","7","4","4","5","4","4","3","5","3","3","2","2","3","2","3","4","5","15,16,4,18,11","5","5","1",NA,NA,NA,NA,"I am want to be group representative handling group problems",NA,"4","4","4","4","4","4","4","3",1,0,"95","90","95","85","96","96","5","0","4","9","1988",1
"764",764,"3","2",2,"9","49","13","3","1","1","4","2","6","5","4","5","5","4","5","5","5","4","4","4","4","4","5","1","1","16,5,10,11,3","1","2","1",NA,NA,NA,NA,"I'm Indian",NA,"1","2","2","1","1","2","1","4",1,0,"100","100","100","100","99","99","5","1","3","5","1990",1
"765",765,"3","2",2,"9","39","16","3","3","1","3","2","5","4","5","4","5","5","5","4","4","4","4","3","3","4","5","5","4","17,1,9,7,6","4","5","3",NA,NA,NA,NA,"that very good geography lesson for students","nothing","5","5","4","5","4","5","4","4",1,0,"77","85","82","84","82","90","4","1","3","9","2020",1
"766",766,"3","2",2,"9","39","16","3","3","1","4","5","3","5","5","3","4","4","3","3","5","4","3","4","4","3","5","5","5","4,16,11,15,5","4","5","1",NA,NA,NA,NA,"Very beautiful",NA,"4","5","4","5","4","5","5","4",1,0,"100","100","100","100","100","98","5","1","3","9","2020",1
"767",767,"3","2",2,"27","30","11","5","6","1","4","6","3","1","2","1","2","1","1","2","2","4","4","4","4","4","5","5","5","12,5,10,9,4","5","5","2",NA,NA,NA,NA,"I like it","No comment","5","5","5","4","4","5","5","4",1,0,"95","94","95","99","91","89","5","1","4","27",NA,1
"768",768,"3","2",1,"9","39","16","4","3","1","4","1","1","4","4","4","4","4","4","4","4","4","3","4","4","4","5","5","4","15,12,8,2,4","5","5","1",NA,NA,"2","3","Good",NA,"5","4","4","5","5","5","4","4",1,0,"96","80","69","56","51","42","5","0","4","9","2020",1
"769",769,"2","1",2,"9","78","16","4","6","2","3","1","2","3","1","1","2","1","3","4","2","1","4","2","1","2","2","2","5","14,13,16,19,7","4","4","1",NA,NA,NA,NA,"My confidence about the subject of socialogy",NA,"4","4","4","2","5","4","4","2",1,1,"78","43","51","34","22","22","5","0","4","33","1956",1
"770",770,"3","2",3,"9","39","16","3","3","1","4","1","7","4","5","4","3","3","3","4","4","3","4","4","4","3","5","5","4","12,10,5,6,7","4","5","1",NA,NA,NA,NA,"awesome",NA,"5","4","4","4","5","4","3","4",1,0,"80","82","86","82","82","86","4","1","2","9","2020",1
"771",771,"3","2",1,"9","39","16","3","3","1","4","1","9","5","4","4","2","4","3","5","5","2","4","3","3","4","5","5","5","13,8,7,5,4","5","5","1",NA,NA,NA,NA,"Because I want to try this",NA,"5","5","5","5","4","5","5","4",1,0,"78","47","63","24","93","55","5","1","4","9","2019",1
"772",772,"3","2",3,"9","39","16","3","3","1","4","1","4","4","4","4","4","4","4","4","4","4","4","4","4","4","5","4","5","10,8,1,15,11","5","5","1",NA,NA,NA,NA,"Because it is very helpful to work with a group ",NA,"5","5","4","5","5","5","5","4",1,0,"95","99","94","91","84","89","5","1","3","9","2020",1
"773",773,"3","2",2,"9","39","16","3","3","1","4","1","10","4","5","5","4","5","5","4","4","3","4","4","3","3","5","5","5","10,18,17,1,7","5","5","1",NA,NA,NA,NA,"Good the same",NA,"5","4","5","5","5","4","5","4",1,0,"100","100","100","100","100","100","5","1","2","9","2020",1
"774",774,"2","1",3,"24","57","16","4","6","2","2",NA,"3","3","2","1","2","2","1","4","3","3","4","2","3","4","4","4","4","8,19,2,6,4","4","4","2","3","2",NA,NA,"i want to be group representative because I need to improve myself 
","i dont want to be group reprentative because I have something lacking inside me
","4","4","4","3","3","3","2","2",0,0,"93","92","89","87","94","86","5","0","1","27","1987",1
"775",775,"2","1",2,"9","33","17","4","6","1","4","2","4","2","1","1","1","2","1","1","2","1","1","1","1","2","5","5","5","7,19,13,4,14","5","4","1","2","3",NA,NA,"I am fully confident that i can easily lead a team.",NA,"4","5","3","5","4","4","4","4",1,0,"95","100","100","90","85","85","1","0","3","9","1999",1
"776",776,"2","2",3,"9","26","16","4","3","1","3",NA,"4","3","2","2","3","3","2","4","3","2","4","4","4","4","3","3","3","10,11,18,16,13","5","4","1",NA,NA,NA,NA,"BECAUSE OF PRESENCE OF MIND",NA,"3","4","4","5","4","4","2","1",1,0,"15","2","23","53","1","85","5","1","4","9","2017",1
"777",777,"3","1",2,"24","34","17","5","6","1","3","2","3","3","2","2","4","3","3","2","3","2","3","1","2","3","4","5","5","12,15,17,13,8","4","4","1","3","2",NA,NA,"I have a good knowledge In geographical topics so might our group caa  earn money. ",NA,"3","3","4","4","3","3","4","3",1,0,"50","52","60","51","52","54","5","1","4","27","2004",1
"778",778,"2","2",1,"9","21","16","5","3","1","4","5","4","3","4","3","1","3","4","5","3","1","4","1","1","3","4","4","3","11,16,12,18,10","4","4","1",NA,NA,NA,NA,"Very helpful ",NA,"5","4","4","4","5","4","3","4",1,1,"49","54","58","83","88","98","5","0","3","9","2020",1
"779",779,"3","1",3,"24","23","17","4","6","2","3","1","3","2","2","2","4","2","2","2","2","2","3","2","2","2","4","5","5","8,15,13,19,7","5","5","1","3","2",NA,NA,"I'm confident enough that I'm capable to perform as group representative.",NA,"4","3","4","5","3","3","4","3",1,1,"91","88","64","70","54","82","5","0","3","24","2016",1
"780",780,"2","1",2,"9","24","15","1","3","1","3",NA,"5","3","1","1","2","2","2","3","1","1","4","3","2","4","1","1","5","15,16,18,11,12","5","5","1","2","3",NA,NA,"मुझे अपने आप पर भरोसा है",NA,"4","5","5","5","5","5","2","1",0,0,"72","50","61","20","41","25","4","0","4","9","2013",1
"781",781,"3","1",3,"9","31","17","5","6","2","3",NA,"2","4","3","3","3","3","3","4","4","2","3","3","2","4","4","4","4","1,10,19,7,13","4","4","2",NA,NA,NA,NA,"I am responsible and hard working. ","If someone else is willing then I would love that person to experience the responsibility. ","4","4","4","4","4","4","2","1",0,0,"63","61","75","59","62","53","5","0","4","5","2006",1
"782",782,"2","1",1,"24","38","17","5","7","1","3","2","9","1","1","1","1","1","1","1","1","1","1","1","1","3","5","1","1","8,13,1,14,7","5","5","1",NA,NA,NA,NA,"i can better handle the youth.",NA,"3","3","4","1","4","3","4","1",1,0,"50","90","92","51","51","71","5","1","3","24","1998",1
"783",783,"3","1",2,"9","38","16","5","3","1","3",NA,"7","3","3","2","3","3","4","2","2","1","2","2","1","4","4","5","5","8,4,7,13,19","5","5","1",NA,NA,NA,NA,"Because I don't know about others qualifications and skills",NA,"5","5","5","5","4","3","5","4",1,1,"89","100","100","24","8","17","5","1","4","27","1998",1
"784",784,"3","1",1,"9","35","16","4","3","1","3","5","9","3","3","3","3","3","4","4","3","1","2","3","1","3","4","4","5","1,13,11,14,7","4","4","1",NA,NA,NA,NA,"I am responsible and I am good I geography.",NA,"4","4","2","4","4","3","3","4",1,0,"82","47","81","58","16","79","4","0","3","9","2006",1
"785",785,"3","1",2,"9","36","17","5","7","2","4","1","6","1","2","1","3","2","3","2","1","1","2","3","4","1","5","5","5","4,8,12,3,6","5","5","1","2","3",NA,NA,"Because I think I have that leadership quality which is required to lead a group and select the right subject because if you see that sociology is a subject where many people may tend to give wrong answers because of personal biases however geography is a subject of facts and hence no one would falter on that therefore I believe that I am more appropriate and well suited to become the group represented.",NA,"4","4","3","5","4","4","4","3",1,0,"55","30","80","96","73","39","4","1","4","9","2000",1
"786",786,"3","2",3,"9","26","13","5","3","1","4","1","5","3","5","4","2","2","4","4","4","3","2","4","2","3","3","5","4","6,10,5,11,9","1","1","1",NA,NA,NA,NA,"Because i love that subject",NA,"4","4","4","3","5","5","5","3",1,0,"11","38","74","64","75","77","5","0","3","9","2016",1
"787",787,"2","1",2,"9","43","17","4","7","2","2","2","1","3","3","2","4","3","3","2","3","2","2","1","3","3","4","4","3","2,4,6,7,13","4","4","1",NA,NA,NA,NA,"I love to lead a group.i think i can take the group in desired durection",NA,"4","4","4","4","3","4","2","2",0,0,"70","39","65","29","35","79","3","1","4","9","1995",1
"788",788,"2","1",3,"9","26","17","1","3","2","4","2","6","1","1","1","1","1","1","1","1","4","4","4","4","4","5","5","5","18,6,13,8,16","5","5","1","1","3",NA,NA,"F get a chance to look into i",NA,"5","5","5","5","5","5","5","4",1,0,"65","63","73","64","72","65","5","1","2","9","2017",1
"789",789,"2","1",2,"24","29","17","5","3","2","3","2","2","1","1","1","1","1","1","1","1","3","2","2","3","3","4","3","5","8,10,17,12,15","5","5","1",NA,NA,NA,NA,"I like to be in action. I like to lead the team from upfront.",NA,"4","4","2","4","4","4","2","2",0,0,"50","50","50","50","50","50","4","1","4","24","2009",1
"790",790,"3","1",1,"9","55","12","4","7","2","4","2","2","5","5","5","5","5","5","5","5","4","4","4","4","4","5","5","5","1,11,6,17,15","5","5","1",NA,NA,NA,NA,"This is a very necessary to me",NA,"4","5","4","5","3","5","5","4",1,0,"83","82","89","78","71","72","4","0","3","9",NA,1
"791",791,"2","2",3,"9","18","14","3","6","1","2",NA,"5","3","2","3","2","3","3","3","3","2","3","2","2","3","4","4","4","15,18,16,11,7","4","4","1",NA,NA,NA,NA,"So that i can do the best decision making for my group . ",NA,"3","4","4","3","4","4","4","2",1,0,"45","40","50","70","71","60","4","0","4","9","2020",1
"792",792,"2","1",2,"9","30","17","5","1","1","3","2","1","1","5","1","5","2","4","1","3","2","1","1","2","1","2","5","5","17,4,18,12,2","5","1","1",NA,NA,NA,NA,"I am very sensitive and responsible for the group representative.",NA,"2","2","3","3","4","3","1","3",1,0,"97","87","90","0","3","4","5","1","4","9","2010",1
"793",793,"2","1",2,"24","35","16","5","6","2","4","2","5","3","1","1","2","2","2","2","3","2","1","1","3","2","1","5","5","12,13,6,4,8","4","5","1","2","3",NA,NA,"Better anaalulysis situatuon",NA,"2","4","4","4","3","2","4","3",1,0,"16","57","83","20","9","14","4","0","3","24","2001",1
"794",794,"3","1",3,"9","19","15","1","6","1","3","2","6","1","2","2","2","1","4","2","2","2","3","2","2","4","4","4","4","12,8,13,15,19","4","1","1","1","2",NA,NA,"Because I think I can make more marks and it will help to my group members also",NA,"4","4","2","4","4","4","4","2",1,0,"93","95","90","58","44","15","5","0","3","9","2019",1
"795",795,"3","1",3,"24","42","17","4","7","1","3","2","3","2","2","1","5","3","4","4","3","2","3","2","2","4","4","4","4","15,14,16,19,4","4","4","2","3","2",NA,NA,"i think i will take good decision","no reason","4","4","3","4","3","5","4","3",1,0,"71","37","75","61","50","42","4","1","3","24","1999",1
"796",796,"2","1",1,"24","36","3","4","3",NA,"3","2","6","2","1","1","2","2","2","1","3","4","2","2","4","4","5","5","5","15,16,17,4,18","5","4","1","3","2",NA,NA,"Group representative of the day I was like to do this",NA,"3","4","4","4","5","4","5","4",1,1,"52","83","91","74","98","91","5","0","3",NA,NA,1
"797",797,"2","1",3,"9","36","16","4","2","1","3","4","3","4","1","1","2","2","2","4","2","3","2","2","4","4","5","5","4","13,15,16,12,9","5","4","1","2","3",NA,NA,"Best ",NA,"4","4","4","4","4","4","5","3",1,0,"30","30","40","40","30","30","1","1","4","9","2005",1
"798",798,"2","1",2,"24","31","15","1","1","1","4","2","1","2","2","2","3","4","2","2","4","4","4","2","2","2","2","5","5","2,13,6,8,12","2","3","2",NA,NA,NA,NA,"Chance for self","Chance for partner","2","2","2","2","2","3","2","4",1,0,"100","100","100","18","31","9","5","0","4","24","2009",1
"799",799,"2","1",3,"24","24","16","4","3","1","3","2","1","1","1","1","3","1","2","1","3","1","1","1","1","2","4","4","4","8,10,12,7,4","5","4","1",NA,NA,NA,NA,"Because I can handle group smoothly by my experience. ",NA,"4","4","4","4","3","4","3","3",1,1,"93","86","100","53","74","54","5","1","4","24","2014",1
"800",800,"2","1",3,"9","22","16","5","6","1","4","2","10","3","2","1","4","4","3","1","3","2","1","1","1","3","4","2","5","12,8,13,18,5","4","1","1",NA,NA,NA,NA,"I have good leadership skill and i have also performed in situations like this.",NA,"3","3","2","4","2","4","2","4",0,1,"92","75","100","52","2","11","1","0","4","9","2017",1
"801",801,"2","1",1,"9","25","17","2","3","1","2","2","3","2","2","2","3","2","2","2","3","1","1","1","1","2","4","4","5","2,1,13,8,7","5","5","1","2","3",NA,NA,"I have a good knowledge of geography.",NA,"4","4","4","4","4","4","4","1",1,1,"70","70","70","30","30","30","5","0","4","9","2014",1
"802",802,"2","1",2,"9","18","12","1","7","1","1","2","3","5","3","2","5","5","3","4","4","3","1","1","3","1","4","5","2","8,4,2,15,12","5","5","1","2","3",NA,NA,"Because I have better knowledge of social studies which had I selected as subject...",NA,"4","4","3","2","4","2","3","3",1,0,"90","80","75","100","100","100","4","1","4","27",NA,1
"803",803,"2","1",2,"24","21","16","5","6","1","3","2","9","1","4","1","3","3","2","2","3","1","2","1","1","1","3","3","4","18,4,12,8,7","5","5","2",NA,NA,NA,NA,"I am capable ","I have leadership skills and knowledge ","3","4","4","5","5","4","5","3",1,0,"51","48","46","28","23","35","4","0","4","24","2018",1
"804",804,"2","1",3,"24","18","13","3","6","1,2","1",NA,"6","3","3","2","4","3","3","3","3","1","1","1","1","1","3","4","4","7,19,16,13,4","3","3","1","1","2",NA,NA,"OP",NA,"3","3","3","2","3","3","3","1",1,0,"38","43","75","77","43","72","3","0","4","24","2020",1
"805",805,"2","1",3,"24","20","16","2","1","1","3","2","3","5","4","5","4","5","5","4","2","4","4","3","4","4","1","1","1","5,2,4,10,3","4","4","2","2","3",NA,NA,"The group are very representative to work because one man work and many man work are different. ","Some time people are not interested in study for group. ","5","2","5","4","5","4","3","3",1,0,"50","90","70","60","50","96","1","0","4","24","2017",1
"806",806,"3","1",1,"24","21","16","4","6","2","3","1","4","3","3","3","3","3","3","3","3","2","2","2","1","3","4","5","4","19,15,13,16,10","5","5","1","2","3",NA,NA,"Becaue geographg is intresting to read, so it should be selected",NA,"3","2","2","2","1","2","4","3",1,0,"49","49","49","50","52","49","4","0","4","24","2018",1
"807",807,"2","1",2,"24","35","17","5","2","1,2","4","5","6","2","1","1","1","1","2","3","2","3","4","4","1","3","5","5","5","17,10,12,18,4","5","5","1","2","3",NA,NA,"क्योंकि मैं इसके बारे में जानना चाहता हूं।",NA,"4","4","5","5","5","5","5","4",1,0,"67","81","100","100","60","85","5","1","4","24","2002",1
"808",808,"3","1",3,"9","41","17","5","6","1","2",NA,"5","3","4","1","5","3","3","2","3","2","2","3","2","3","3","3","4","14,15,1,16,11","3","4","2","2","3",NA,NA,"Group representing is great opportunities to discover yourself and be a leader","To become social ","4","4","3","4","3","3","5","3",1,0,"24","61","32","62","33","53","5","0","4","9","2000",1
"809",809,"2","1",3,"24","20","17","5","6","1","4","2","5","3","3","3","3","3","3","3","3","3","3","3","2","4","5","3","5","13,4,7,8,6","1","5","1","3","2",NA,NA,"Well as you see i have good knowledge about sociology and i know i can be great representative and I don't trust other two people so ...",NA,"3","4","4","3","2","2","4","3",1,1,"67","78","80","20","92","88","5","1","4","24","2016",1
"810",810,"2","2",2,"27","32","16","4","5","1","2","12","5","3","2","2","2","2","2","2","2","2","4","2","3","3","5","3","5","10,15,16,5,13","4","3","2",NA,NA,NA,NA,"To participate in the study","If the rules are not good ","3","3","3","3","3","3","3","2",1,0,"65","41","83","63","49","81","4","0","4","27","2011",1
"811",811,"3","1",1,"9","21","17","4","6","1","3",NA,"4","4","3","2","3","4","3","3","3","1","2","1","1","3","4","3","4","15,16,7,13,18","5","4","2","1","3",NA,NA,"I want to manage the things ","So I don't feel guilty if we could not score ","4","4","4","4","4","4","4","3",1,0,"51","74","87","56","44","77","4","0","4","9","2017",1
"812",812,"3","1",2,"24","28","17","5","4","1","3","2","4","3","3","2","3","3","3","3","2","1","3","2","3","3","4","4","4","2,8,1,10,7","5","4","1","2","3",NA,NA,"Because I'm tenacious , hardworking and have good social skills",NA,"4","4","4","4","3","4","4","3",0,1,"78","85","96","80","77","82","4","1","4","24","2010",1
"813",813,"2","1",1,"24","20","11","3","3","2","3",NA,"3","2","2","2","2","2","2","2","2","1","3","1","1","1","2","5","4","18,12,15,1,19","1","5","1","2","3",NA,NA,"I can manage things",NA,"4","4","4","4","4","3","4","3",0,0,"41","70","51","33","36","29","4","1","4","24",NA,1
"814",814,"2","1",3,"24","25","16","5","6","1","4","2","6","2","2","1","4","3","3","2","3","1","4","1","3","3","1","2","4","8,7,13,19,12","1","1","1","2","3",NA,NA,"I have a great leadership mind i can handle group of people easily without hurting others choice",NA,"2","4","2","3","4","2","4","4",1,0,"70","60","80","60","50","70","1","0","4","24","2012",1
"815",815,"2","1",3,"24","26","17","5","6","1","2",NA,"6","2","2","2","3","2","2","1","1","1","1","1","1","1","5","5","5","15,16,13,12,11","5","5","1","2","3",NA,NA,"I'm the group leader .",NA,"5","5","5","5","5","5","5","1",1,0,"90","100","100","56","52","48","5","0","4","24","2014",1
"816",816,"3","2",1,"9","45","17","4","6","2","4","4","10","3","3","3","1","2","1","4","1","1","3","3","1","3","5","5","5","10,19,11,5,4","5","5","1",NA,NA,NA,NA,"My chosen topic is easy as well as for my accompanies and also I think I am good since I have a master degree and working as a teacher",NA,"5","5","5","5","5","5","2","2",0,0,"70","70","20","49","50","51","4","0","3","9","1996",1
"817",817,"3","1",2,"9","21","16","5","3","1","1",NA,"10","2","2","1","4","2","2","3","3","1","4","2","1","4","5","5","5","12,18,15,13,7","5","5","1",NA,NA,NA,NA,"Because I think i will take a better decision which will be beneficial for all.",NA,"3","2","3","5","5","2","5","2",1,1,"50","50","50","50","50","50","5","0","4","9","2014",1
"818",818,"2","1",1,"24","27","16","3","6","1","3",NA,"9","4","4","3","3","3","3","3","3","3","3","2","3","4","4","5","5","13,18,15,12,1","4","4","2",NA,NA,NA,NA,"I can lead a group in a good manner and I'm also good at taking strategic decisions.","Sometimes, I loose the trick and find unconfident, so I chose to be second in line.","2","3","3","4","4","2","4","3",1,1,"35","50","70","35","50","30","5","1","3","24","2011",1
"819",819,"3","2",2,"9","22","17","4","1","1","4","5","8","1","1","1","1","1","1","4","5","4","4","4","4","4","5","5","5","15,7,8,16,10","5","5","1",NA,NA,NA,NA,"I want to become a perfect!",NA,"5","5","5","5","5","5","5","4",1,0,"47","75","31","49","84","100","5","1","4","9","2017",1
"820",820,"3","2",3,"24","19","13","2","5","2","2",NA,"5","2","1","1","1","2","3","3","1","3","3","3","2","4","5","5","5","2,15,11,12,18","5","5","2",NA,NA,NA,NA,"I like it","I can do it","4","4","4","5","4","5","3","3",1,0,"49","80","67","76","72","62","5","0","4","24","2019",1
"821",821,"2","1",3,"24","24","10","3","6","2","2",NA,"2","3","3","5","3","5","5","3","4","2","2","2","3","4","1","2","5","15,7,11,18,4","2","1","2",NA,NA,NA,NA,"I don't know","I don't know","3","3","3","3","3","3","3","3",1,0,"39","47","74","53","9","72","1","0","4","24",NA,1
"822",822,"2","2",1,"9","29","16","3","6","1","4","6","5","2","3","2","2","3","3","1","1","3","4","3","4","4","4","5","3","16,5,18,11,15","5","5","2",NA,NA,NA,NA,"Handle to short group","Nothing","4","5","4","4","5","3","5","4",1,0,"54","38","72","79","61","63","4","1","3","9","2010",1
"823",823,"2","1",2,"24","20","12","4","7","1","2","2","9","3","3","1","3","2","3","3","3","1","2","1","1","1","4","3","5","2,15,12,18,16","3","3","1",NA,NA,NA,NA,"We will work together as a team with coordination. ",NA,"4","4","4","4","4","4","3","2",1,0,"50","50","50","50","50","50","4","1","3","24",NA,1
"824",824,"2","1",2,"24","18","13","5","1","1","1","2","5","2","2","1","3","3","2","2","3","1","4","2","3","4","4","3","1","16,17,18,12,15","4","4","2","2","3",NA,NA,"I like to it and I love to express ","I don't know ","4","4","5","3","5","4","4","3",0,0,"60","30","50","38","39","89","2","1","4","24","2020",1
"825",825,"2","1",1,"24","44","16","4","3","1","3",NA,"3","2","2","1","3","2","2","2","2","2","3","3","2","4","1","1","1","19,13,15,16,4","4","5","2","2","3",NA,NA,"i have leadership quality","give chance to other","2","2","4","4","4","2","4","2",1,1,"100","100","100","100","100","100","4","1","4","24","1994",1
"826",826,"3","1",2,"9","38","17","4","7","1","3",NA,"3","2","3","1","5","4","4","2","3","1","2","2","1","3","5","5","5","8,13,12,15,16","1","1","1","2","3",NA,NA,"Better reader",NA,"3","4","4","4","3","4","2","3",1,0,"55","49","36","75","45","36","4","1","4","9","2002",1
"827",827,"3","2",2,"9","18","13","4","1","1","3",NA,"8","4","2","3","3","2","3","3","3","1","3","4","3","4","3","3","4","1,16,10,13,19","2","2","4",NA,NA,NA,NA,NA,"Not sure if I'll be a good representative","3","3","3","4","2","4","3","3",1,0,"51","52","81","56","50","85","4","0","4","9","2020",1
"828",828,"2","1",3,"24","18","14","2","2","2","3","2","8","4","3","1","2","3","2","2","3","2","3","3","2","4","4","1","1","12,15,2,6,16","4","3","2",NA,NA,NA,NA,"Akhabar","मुझे माफ करो","3","3","4","4","3","5","4","3",1,1,"71","93","60","56","62","59","4","0","3","24","2020",1
"829",829,"2","1",2,"24","21","16","3","1","2","3","2","4","4","3","4","1","3","2","3","3","3","2","2","2","3","4","4","5","14,13,4,7,8","5","4","1","2","3",NA,NA,"We won",NA,"3","4","4","4","3","3","4","3",1,0,"79","66","78","68","32","16","3","1","3","24","2017",1
"830",830,"2","2",1,"27","36","16","5","6","1","4","1","10","3","5","1","1","1","4","3","2","3","4","3","4","4","4","5","4","4,12,11,5,10","4","4","1",NA,NA,NA,NA,"yes i know",NA,"5","5","5","4","4","1","4","4",1,0,"51","30","40","45","34","48","4","0","4","27","2006",1
"831",831,"2","2",3,"24","35","17","4","6","1","3","1","1","1","3","2","1","2","2","4","1","1","3","1","2","4","4","1","5","11,7,13,19,15","5","5","1",NA,NA,"3","2","Because I'm a good leader. ",NA,"4","3","4","2","4","3","4","3",1,0,"76","31","50","90","90","74","5","1","4","24","2001",1
"832",832,"2","2",1,"24","46","16","5","6","1","3","5","6","2","3","1","3","2","2","1","2","2","4","3","2","3","4","5","5","13,14,7,19,15","5","5","1",NA,NA,NA,NA,"Because i will not be a partial",NA,"4","4","4","4","3","4","3","3",1,1,"41","58","68","56","55","65","5","1","4","24","1994",1
"833",833,"3","2",1,"27","35","15","4","1","1","3","2","9","3","3","3","2","3","3","2","3","2","2","2","2","2","3","5","5","7,19,18,15,11","5","5","1",NA,NA,NA,NA,"Because I like this",NA,"4","4","4","3","4","4","4","3",1,0,"50","50","50","50","50","50","4","1","3","27","2006",1
"834",834,"2","2",3,"27","21","16","4","6","2","2",NA,"4","2","2","1","1","2","2","3","3","2","2","1","1","2","3","3","4","16,4,5,6,8","3","4","4",NA,NA,NA,NA,NA,"Because I didn't like group representative in my life","3","4","4","4","3","3","3","2",1,0,"57","81","90","94","85","77","4","1","4","27","2020",1
"835",835,"2","2",3,"24","22","13","2","6","2","1",NA,"5","3","1","1","1","1","1","2","3","1","2","2","2","3","3","1","1","7,15,18,19,13","2","4","1",NA,NA,NA,NA,"Because it's my choice
",NA,"3","3","3","4","3","3","2","1",0,0,"80","65","73","78","82","82","5","1","4","24","2020",1
"836",836,"2","1",3,"24","39","16","5","1","1","4",NA,"5","2","2","2","2","2","2","2","2","2","2","2","2","2","3","5","3","14,7,15,4,16","5","4","1","2","3",NA,NA,"group representative has good because of we get varity opinion.",NA,"5","5","5","5","5","5","5","4",1,0,"88","88","88","100","100","99","4","1","2","24","2001",1
"837",837,"3","2",2,"27","22","17","2","6","1","3","1","4","3","2","2","2","2","2","3","2","3","4","3","2","4","4","1","1","15,16,5,4,11","4","4","3",NA,NA,NA,NA,"I want to become a group representative because I have the skills and qualities to match the job description and I believe I am suitable to the role","Maybe others can be a better at this than me","2","2","3","5","2","2","3","2",1,1,"75","61","60","75","60","70","5","1","4","27","2013",1
"838",838,"2","2",2,"24","50","11","5","4","1","3","1","6","4","5","2","4","3","5","5","1","2","4","1","3","2","5","5","5","10,5,12,13,15","4","4","2",NA,NA,NA,NA,"To decide what topic to select","To give way to an intelligent person","4","4","4","2","4","4","2","1",0,0,"50","50","50","50","50","50","5","1","3","24",NA,1
"839",839,"3","1",3,"9","34","16","5","6","2","4","2","10","5","2","1","4","3","3","1","4","4","1","3","4","4","4","5","5","13,2,19,15,16","5","5","1",NA,NA,NA,NA,"I have great leadership skills and am willing to go the distance, to any distance for the team.",NA,"4","4","5","5","4","4","4","4",1,0,"80","90","90","40","10","20","5","0","4","9","2005",1
"840",840,"2","1",2,"24","24","16","5","1","1","3",NA,"4","3","2","2","5","3","3","3","3","3","4","4","3","4","5","1","2","13,12,4,18,15","5","4","1","2","3",NA,NA,"Bcz i read a lot",NA,"3","1","4","2","3","2","2","3",1,0,"100","100","100","6","15","18","5","0","2","24","2017",1
"841",841,"2","1",2,"24","38","15","2","1","4","2","2","8","4","1","1","3","3","3","3","3","1","3","2","2","4","4","4","4","2,8,14,12,15","5","5","1",NA,NA,NA,NA,"Responsible and fighter ",NA,"4","3","2","2","2","2","4","2",1,0,"50","50","70","49","50","30","4","0","4","27","2000",1
"842",842,"3","1",1,"9","21","16","2","6","1,4","3","2","4","2","2","1","2","2","2","2","2","3","2","2","2","4","4","4","4","13,17,4,15,19","4","4","1","3","2",NA,NA,"I want to be group representative because I'm sure rest of my teammates would also want to be the group representative here and I will manage the questions in better way an I'm very vigilant while reading the questions and content related to it.",NA,"3","4","4","3","3","2","4","2",0,0,"57","72","66","50","50","50","4","0","3","9","2013",1
"843",843,"2","1",3,"24","35","16","3","6","1","2",NA,"7","3","3","3","5","4","3","4","3","3","2","1","1","2","4","4","5","8,4,10,13,12","5","5","4",NA,NA,NA,NA,NA,"No meaning to be Representative, as its just lottery and chances are very less ","3","3","3","3","3","4","5","2",1,0,"81","74","83","37","35","37","5","1","4","27","2013",1
"844",844,"2","2",1,"9","37","16","4","6","2","3","4","2","3","3","3","3","3","3","3","3","1","4","2","1","3","5","5","5","1,7,10,18,15","4","4","2",NA,NA,"3","2","i want"," iwant","4","3","4","2","4","4","4","3",1,1,"82","63","74","61","72","74","3","1","4","9","1999",1
"845",845,"2","1",2,"24","20","16","5","3","1","2",NA,"4","3","3","2","3","3","3","3","3","3","3","3","3","4","3","4","3","4,19,8,13,7","4","4","1","3","2",NA,NA,"i like to be leader",NA,"3","4","4","4","3","3","3","2",1,0,"82","77","89","70","72","77","3","1","4","24","2016",1
"846",846,"2","1",2,"24","20","16","3","4","1","1",NA,"4","3","5","4","4","4","4","2","4","3","3","3","2","3","3","5","5","7,17,16,15,6","3","2","1","3","2",NA,NA,"I am very good",NA,"5","4","2","3","4","4","4","1",1,0,"86","100","100","66","64","53","4","0","3","24","2020",1
"847",847,"2","1",2,"24","21","16","3","6","1","2","2","9","2","2","2","5","2","2","1","5","1","1","2","1","2","1","4","4","8,4,6,5,7","1","1","1",NA,NA,NA,NA,"He or she will be the represent the team that why they show case the team roles not personal roles ",NA,"2","4","4","1","1","2","2","2",0,0,"100","100","65","74","18","100","4","0","2","24","2018",1
"848",848,"2","1",1,"24","38","16","4","6","1","4","2","3","3","4","2","5","5","4","2","5","4","1","1","1","1","4","5","5","8,4,13,1,2","5","5","1","2","3",NA,NA,"I have led many teams and be representative at many event",NA,"4","3","4","4","4","4","4","4",0,0,"100","100","100","5","2","4","3","1","4","24","2001",1
"849",849,"2","1",2,"24","19","16","3","2","1","3",NA,"10","1","5","1","4","3","3","2","1","1","3","2","1","1","5","5","5","8,15,12,16,4","5","4","1",NA,NA,NA,NA,"Member",NA,"2","2","5","4","4","4","3","3",1,0,"35","52","94","38","75","75","5","1","4","24","2017",1
"850",850,"2","1",3,"24","30","17","5","7","1","3",NA,"10","2","2","1","2","2","2","3","3","2","3","3","3","3","4","4","5","15,11,8,13,4","4","4","1",NA,NA,NA,NA,"To take decision to who take task",NA,"4","4","4","2","4","4","2","3",1,0,"81","73","78","70","73","72","5","1","4","24","2007",1
"851",851,"3","1",2,"24","51","16","4","7","1","3","2","6","2","2","2","3","2","3","2","2","1","1","1","1","3","4","5","5","15,14,13,19,7","5","4","1","3","2",NA,NA,"To decide the topic and get views from group members about the topic",NA,"4","4","4","2","4","3","2","1",1,0,"50","65","70","50","50","50","5","1","4","33","1983",1
"852",852,"3","2",1,"9","45","16","4","3","1","4","1","8","5","5","1","1","1","4","1","5","4","3","2","4","4","5","5","5","15,4,5,10,13","4","5","1",NA,NA,NA,NA,"I am a very good group leader and I understand it very much",NA,"4","5","4","5","5","4","5","4",1,0,"26","10","17","20","100","100","5","1","3","5","2019",1
"853",853,"2","1",1,"24","25","17","1","7","3","3","5","5","2","2","2","2","2","2","2","2","1","1","1","1","1","4","5","3","15,13,14,18,4","4","5","2","2","3",NA,NA,"I like thet group","I dont like thet group","4","4","4","2","4","4","2","2",1,0,"85","100","100","48","47","57","4","0","3","24","2015",1
"854",854,"3","1",3,"24","50","17","5","7","2","2","2","6","3","5","2","3","4","3","5","3","1","2","3","2","3","3","4","5","18,12,7,6,5","3","4","2","2","3",NA,NA,"Because I would like to do that on my preference it's great to do","Nothing for here","5","4","4","3","2","3","3","3",1,0,"59","55","22","44","41","40","5","0","1","24","1989",1
"855",855,"3","2",3,"9","25","17","5","3","1","3",NA,"8","4","2","2","2","2","2","2","2","1","2","1","1","1","2","5","5","18,12,11,15,16","1","1","1",NA,NA,NA,NA,"Coz im interested in sociology I think I can be a better lead ",NA,"4","4","4","5","4","4","4","3",1,0,"50","50","50","50","50","50","4","0","4","9","2015",1
"856",856,"3","1",1,"9","20","15","4","7","1","2",NA,"5","3","2","1","4","2","3","1","3","2","3","4","1","3","4","5","4","15,13,16,19,14","5","5","1","2","3",NA,NA,"So that i should get a chance to decide",NA,"1","2","3","2","4","2","3","1",1,0,"71","35","49","56","41","50","5","0","3","9","2015",1
"857",857,"2","1",3,"24","21","16","4","6","1","3","2","2","4","3","2","3","3","3","3","3","2","2","2","2","4","4","2","2","8,4,1,6,11","4","4","2",NA,NA,NA,NA,"I like it","It's hard ","4","3","4","3","3","4","4","3",1,1,"62","45","50","57","43","27","3","1","1","24","2017",1
"858",858,"3","1",2,"9","32","17","5","7","1","3","2","7","3","3","3","3","3","3","3","4","4","1","1","1","2","1","5","2","14,8,2,4,1","4","4","1",NA,NA,NA,NA,"Someone's got to do it.",NA,"4","3","4","3","3","3","4","2",1,0,"59","55","70","60","49","47","4","0","4","9","2008",1
"859",859,"2","2",2,"9","41","16","5","6","1","3","1","7","3","1","3","1","3","5","5","1","1","4","4","1","4","1","1","1","15,10,7,19,16","1","1","1",NA,NA,NA,NA,"To lead",NA,"2","5","5","5","3","5","5","3",1,0,"50","49","50","50","50","50","5","0","4","18","2000",1
"860",860,"2","1",3,"24","30","17","1","3","1","4","2","8","2","1","1","2","1","1","1","5","2","3","3","2","4","5","1","5","1,2,8,10,3","5","5","1",NA,NA,NA,NA,"I can handle the group with accurate information ",NA,"4","4","5","5","5","5","4","4",1,0,"100","95","100","100","87","100","5","1","3","24","2008",1
"861",861,"2","2",3,"9","20","16","5","6","2","4","4","4","1","1","2","1","4","2","4","3","1","4","2","1","4","5","2","5","15,5,16,18,6","5","5","1",NA,NA,NA,NA,"Leadership qualities I have",NA,"5","5","3","5","5","5","3","4",1,0,"66","39","40","57","55","29","4","0","4","9","2017",1
"862",862,"3","1",2,"24","19","15","1","1","1","2",NA,"4","4","1","2","2","3","3","3","4","1","2","3","1","4","4","4","3","2,8,13,10,1","4","3","1","3","1",NA,NA,"Decision lene ke liye",NA,"3","2","4","2","3","3","3","1",1,1,"46","1","73","39","12","75","4","1","4","24","2020",1
"863",863,"3","1",1,"9","23","16","4","3","1,2","3","2","5","3","3","2","4","4","4","3","3","3","3","2","1","4","4","3","4","13,7,8,2,18","3","3","3","3","2",NA,NA,"It's very respectfull work","None","3","4","4","4","4","3","3","3",1,0,"88","70","86","53","53","54","4","1","4","9","2015",1
"864",864,"2","1",1,"24","42","16","3","3","2","2",NA,"8","3","3","1","5","5","4","3","3","2","2","2","2","2","3","5","5","2,13,19,14,8","3","3","2",NA,NA,NA,NA,"I am good for some geographical knowledge","Due to not took any resposibility","3","3","3","3","3","3","3","1",1,0,"85","90","83","27","41","31","3","0","2","24","1993",1
"865",865,"2","1",1,"24","46","16","2","6","2","3","2","7","2","2","1","2","3","2","1","3","1","2","1","1","2","4","5","5","15,12,16,18,2","5","4","1",NA,NA,NA,NA,"Kyu ki me paise kamana chahta hu",NA,"4","5","3","3","4","3","4","3",0,0,"67","84","94","74","70","67","5","0","4","24","1992",1
"866",866,"3","1",2,"9","24","17","2","7","1","3",NA,"7","2","1","2","2","2","2","2","2","1","2","1","1","3","5","4","5","1,2,12,18,7","5","5","1",NA,NA,NA,NA,"Kyuki mujhe lgta h ki mai ye task achhe se pura kr paungi",NA,"5","5","5","5","5","5","2","2",1,1,"90","98","95","80","70","72","5","1","4","9","2013",1
"867",867,"2","1",1,"24","18","15","1","6","1,2","1","5","3","3","2","1","2","2","2","2","2","3","3","3","2","4","4","2","4","18,19,9,12,15","3","3","3","3","1",NA,NA,"No","मेरी लिडर शिप अच्छी नहीं है","4","4","3","5","5","4","2","1",0,0,"33","49","47","14","51","23","4","1","4","24","2019",1
"868",868,"3","1",3,"24","28","16","4","6","1","3","2","6","1","2","1","1","2","2","1","2","2","2","1","1","2","5","5","5","15,18,12,16,9","3","5","2","3","1",NA,NA,"I think i have a good leadership quality and I think i can manage to administrate my group partners as well","I don't want to be the representative because as of my decision I don't want my any other partners to face any kind of issues related to payments ","4","4","4","5","5","4","4","2",1,0,"42","35","68","23","25","38","5","0","4","24","2016",1
"869",869,"3","1",2,"9","61","16","4","3","1","4","2","10","4","4","3","5","4","4","4","5","3","4","3","4","4","5","5","4","5,10,18,4,15","4","5","2",NA,NA,NA,NA,"Good","Best","5","4","5","3","4","5","4","3",1,0,"46","98","67","46","81","61","5","0","2","9","2016",1
"870",870,"2","1",3,"24","28","16","3","6","1","1",NA,"6","3","2","2","5","5","5","2","2","2","3","3","3","4","4","4","4","4,14,7,6,19","4","2","2","2","3",NA,NA,"I dont know","Idont know","4","2","2","4","4","4","4","1",1,0,"54","77","73","74","65","90","2","1","3","24","2010",1
"871",871,"2","2",1,"9","32","16","4","3","2","4","2","10","1","2","2","2","2","1","1","1","4","3","4","4","4","5","4","4","13,15,19,10,14","5","4","2",NA,NA,NA,NA,"I am a representative member","I don't want","5","5","5","5","5","4","4","4",1,0,"85","63","85","86","91","96","5","0","4","9","2010",1
"872",872,"2","1",3,"24","36","16","1","3","1","3","2","3","3","2","1","1","2","4","1","4","1","2","1","1","1","5","4","4","18,14,19,7,13","5","5","1","2","3",NA,NA,"As I was very clever to sociology n want to experience of being the group representative",NA,"4","4","2","4","5","5","1","2",1,0,"74","100","90","75","100","100","5","1","4","24","2002",1
"873",873,"2","1",2,"24","21","16","3","6","2","3",NA,"1","5","4","3","5","3","5","3","3","1","2","1","2","2","4","5","4","12,2,8,4,11","5","5","1",NA,NA,NA,NA,"I am a good leader that's why I wanted to be. ",NA,"1","2","4","2","4","2","3","3",0,0,"90","94","100","8","1","1","5","0","3","24","2018",1
"874",874,"2","1",1,"24","21","16","5","6","1","2",NA,"10","3","3","1","5","5","3","3","3","2","2","2","2","2","3","4","5","2,13,14,7,8","1","4","4",NA,NA,NA,NA,NA,"Because I not interested in group representative because I have no leadership skills.","3","3","4","5","5","3","1","1",1,0,"50","65","50","44","53","57","1","1","4","24","2014",1
"875",875,"2","2",2,"9","18","13","3","6","1","2","5","7","3","1","2","1","2","2","3","2","1","4","2","1","4","4","3","4","15,16,18,4,5","4","4","1",NA,NA,NA,NA,"I want to be a group representative because I can do hard work for this group.",NA,"4","4","4","3","4","3","4","2",1,0,"82","83","60","73","80","48","5","0","4","9","2020",1
"876",876,"2","1",1,"24","67","16","5","6","1,2","3","2","3","2","3","1","5","4","4","1","3","2","2","3","1","3","4","4","4","13,14,19,7,15","4","4","1","2","3",NA,NA,"I have studied Geography at B.A. level. I was giving personal tutions to students also.",NA,"4","4","4","5","4","5","2","1",0,0,"60","50","30","20","40","30","4","1","4","24","1970",1
"877",877,"3","1",1,"9","23","16","5","7","1","2","2","3","3","3","3","3","3","3","2","3","1","2","2","1","4","5","4","5","13,14,8,19,18","5","4","1","3","2",NA,NA,"I have always been the group representative in my studies days",NA,"4","3","3","4","4","3","4","2",1,0,"85","90","90","50","50","50","5","1","4","9","2016",1
"878",878,"2","1",3,"24","26","16","4","3","1","3","2","10","3","3","2","4","3","3","3","3","3","3","2","2","4","4","3","4","2,4,8,19,13","5","5","1",NA,NA,NA,NA,"i am confident about my choices ",NA,"4","4","5","3","4","3","4","3",1,0,"68","81","80","39","46","84","4","1","4","24","2012",1
"879",879,"2","2",1,"9","24","16","4","6","1","3","1","9","3","3","3","2","3","3","3","3","1","2","1","1","3","4","5","5","15,18,13,7,16","4","5","1",NA,NA,NA,NA,"I am confident and smart and i think I would give correct answers",NA,"4","3","4","4","4","3","4","2",0,0,"53","50","54","50","53","53","5","1","4","9","2016",1
"880",880,"3","1",3,"9","36","17","4","7","2","4","2","1","3","2","1","4","4","3","2","2","2","1","1","1","3","4","5","5","7,8,4,13,6","5","5","1",NA,NA,NA,NA,"I am doing this survey ",NA,"4","2","4","2","3","4","1","4",1,0,"66","61","68","64","51","47","4","0","4","23","2005",1
"881",881,"2","1",3,"24","18","12","1","1","2","3",NA,"2","2","1","1","3","2","3","2","3","2","4","3","3","2","2","4","5","4,12,15,10,5","3","4","2",NA,NA,NA,NA,"Esehi","Esehi","1","1","1","1","3","1","1","2",1,1,"100","100","100","11","5","11","5","0","4","24",NA,1
"882",882,"3","1",3,"24","24","17","4","7","1","3",NA,"9","2","2","1","4","2","2","3","3","3","3","2","3","2","4","4","5","15,4,13,2,7","4","4","1",NA,NA,NA,NA,"I think so I have good quality of representatives which the quality they want. ",NA,"4","4","2","4","5","3","4","3",1,0,"81","67","39","38","66","38","4","1","3","24","2014",1
"883",883,"2","2",3,"9","21","16","5","6","1","4","1","5","2","5","5","1","4","4","5","1","1","4","1","1","2","5","4","5","11,18,10,9,16","5","5","2",NA,NA,NA,NA,"because i want to be ahead","i mean for something  more confident about","4","4","5","5","5","4","4","4",1,0,"34","26","38","82","94","92","5","1","4","9","2020",1
"884",884,"2","1",2,"24","31","16","4","1","2","4","2","7","2","2","1","3","2","1","2","3","3","3","3","2","4","4","5","4","1,19,12,8,10","3","4","1",NA,NA,NA,NA,"I am a student of geography so I want a group representative.",NA,"5","3","4","5","4","4","4","4",1,1,"87","93","76","85","92","95","5","1","1","24","2015",1
"885",885,"2","1",2,"24","18","13","5","7","1","3",NA,"5","3","2","1","2","2","2","3","3","2","3","2","2","4","4","4","4","18,12,7,17,15","3","4","2","3","1",NA,NA,"Because my choices might help to earn","There might be chances that I choose wrong alternative ","4","3","4","2","2","2","4","2",1,0,"50","65","50","51","49","55","5","0","4","24","2020",1
"886",886,"3","2",2,"9","39","16","2","2","1","4","1","4","5","4","4","5","3","4","3","5","4","4","4","3","4","5","4","5","16,10,4,17,7","4","5","1",NA,NA,NA,NA,"awesome",NA,"4","5","4","5","4","4","5","4",1,0,"76","85","86","86","90","88","5","1","2","9","2020",1
"887",887,"3","1",3,"24","49","16","5","6","1","3","2","4","3","3","3","4","3","3","3","3","3","2","2","3","3","4","5","5","15,18,17,16,12","5","5","1","1","2",NA,NA,"like to be a group leader",NA,"5","4","4","4","5","5","5","3",1,0,"100","100","100","100","100","100","5","1","2","24","1990",1
"888",888,"2","2",1,"24","26","13","4","5","1","2",NA,"9","3","3","3","3","3","3","3","3","2","2","2","2","3","2","4","4","16,19,7,13,14","4","3","1",NA,NA,NA,NA,"i have talent for knowing people talents ",NA,"3","3","3","4","3","3","3","3",1,1,"50","50","50","50","50","50","4","0","4","24","2014",1
"889",889,"2","2",2,"5","32","16","4","3","1","3","5","2","5","1","4","1","4","2","5","2","2","4","3","2","4","4","4","5","5,13,15,7,16","4","5","1",NA,NA,"3","2","I am a good leader as well. I work for a private organization where I am a team leader in sales department.",NA,"5","5","4","5","5","4","1","3",1,0,"65","44","80","54","59","46","4","1","4","5","2012",1
"890",890,"3","2",2,"27","30","15","5","6","1","1",NA,"9","5","4","4","5","5","4","4","5","4","3","3","4","4","5","4","4","19,7,15,16,18","5","5","1",NA,NA,NA,NA,"Very good luck and I",NA,"5","4","5","5","3","5","5","4",1,0,"74","100","84","86","100","86","5","1","4","27","2018",1
"891",891,"3","2",3,"9","39","16","4","2","1","4","5","7","4","5","4","5","3","5","3","4","3","3","4","4","4","5","5","4","10,15,8,5,4","4","5","2",NA,NA,NA,NA,"Described in the group","Representative","4","5","5","5","4","4","5","4",1,0,"76","74","42","100","82","97","5","1","2","9","2020",1
"892",892,"2","2",3,"27","32","16","4","4","1","4","1","5","2","2","1","1","1","1","2","2","1","2","2","2","3","4","4","4","15,10,19,9,7","3","1","1",NA,NA,NA,NA,"I am very interested in sociology and I have confidence to complete it",NA,"4","3","4","4","4","3","4","3",1,0,"50","52","52","51","53","56","5","1","4","27","2006",1
"893",893,"2","2",2,"9","39","10","2","1","1,2","4","2","8","2","1","2","2","2","1","1","1","4","3","4","4","3","5","5","4","8,19,9,7,11","4","5","1",NA,NA,NA,NA,"It's very good",NA,"4","5","5","5","5","4","4","4",1,0,"91","96","94","84","76","83","5","1","2","9",NA,1
"894",894,"2","2",2,"5","32","16","4","1","1,2,3","4","2","1","5","5","4","4","5","4","5","4","4","3","3","4","4","5","4","5","11,17,8,9,7","4","5","1",NA,NA,"2","1","It's very hard to tell how to do with your work complete exterior or me bhi ",NA,"4","5","5","5","4","5","4","4",1,0,"100","79","100","100","86","83","5","0","3","5","2018",1
"895",895,"2","2",1,"9","26","16","4","3","1","2",NA,"6","3","2","4","3","3","1","5","3","2","4","3","2","4","3","3","3","5,10,18,19,16","5","5","1",NA,NA,NA,NA,"BECAUSE OF GENERAL KNOWLEDGE",NA,"3","2","2","4","3","3","2","1",1,0,"28","8","18","30","19","54","5","0","4","9","2017",1
"896",896,"2","2",3,"5","34","15","1","1","1","4","1","6","1","1","1","1","1","1","1","1","3","4","3","3","4","5","5","5","7,13,15,4,5","5","5","1",NA,NA,NA,NA,"Because is very strong and powerful",NA,"5","5","5","5","5","5","5","4",1,0,"78","66","85","90","88","83","5","1","2","5","2018",1
"897",897,"2","2",1,"5","21","13","5","2","3","4","2","7","5","3","2","1","3","4","2","4","3","2","4","3","2","5","4","5","15,13,7,10,4","4","5","1",NA,NA,NA,NA,"thank God you have to be there for you when",NA,"3","5","4","4","4","5","4","4",1,0,"41","52","82","71","54","62","5","0","2","5","2020",1
"898",898,"3","2",2,"9","39","16","2","2","1","4","1","2","4","4","5","4","5","5","5","4","3","3","4","4","3","5","5","5","1,14,8,7,17","4","5","1",NA,NA,"2","1","That best for study",NA,"5","5","4","4","4","3","5","4",1,0,"81","89","80","85","78","93","4","0","2","9","2020",1
"899",899,"2","2",3,"27","48","17","5","6","1","4","12","7","2","2","2","2","2","2","3","3","1","4","3","2","2","5","4","4","15,10,19,7,9","5","5","1",NA,NA,NA,NA,"able to lead by example. I'm able to manage team differences in an effective manner and make team achieve team goals more easily.",NA,"3","2","2","2","2","2","3","3",1,0,"65","25","25","70","60","60","5","1","4","27","1989",1
"900",900,"3","2",2,"9","55","13","4","3","1","4","1","7","5","5","3","5","4","5","3","4","2","4","3","4","4","5","5","5","6,4,1,10,5","5","4","1",NA,NA,NA,NA,"Back to school",NA,"4","5","4","5","4","4","4","4",1,0,"85","52","22","35","51","71","5","0","2","9","2010",1
"901",901,"2","2",3,"5","34","17","4","6","1","3","4","9","1","1","1","1","1","1","5","1","1","4","4","2","3","3","5","5","10,13,14,1,15","5","5","1",NA,NA,NA,NA,"i posses the leaders quality",NA,"2","4","2","2","3","4","4","4",1,1,"34","34","70","80","20","80","4","1","3","1","2005",1
"902",902,"2","2",1,"5","25","16","5","6","1","3","5","3","3","2","1","1","2","2","3","3","2","3","2","3","4","5","5","5","5,15,11,16,18","4","4","2",NA,NA,NA,NA,"I want to be a group representative because i have good leadership skills","I do not want to be a group representative because i do not want to reduce funding.","3","3","3","3","3","2","4","1",1,0,"90","73","78","67","84","86","5","1","4","9","2015",1
"903",903,"3","2",2,"27","45","16","4","1","1","4","2","10","5","4","4","5","4","5","4","5","4","4","3","4","3","5","5","5","8,13,1,6,17","5","4","1",NA,NA,NA,NA,"I am interested in.",NA,"5","5","4","4","4","5","5","4",1,0,"72","54","32","29","54","57","5","1","3","27","2001",1
"904",904,"3","2",1,"27","42","15","3","6","2","1",NA,"10","4","1","2","1","4","2","3","3","1","3","1","2","1","1","4","4","15,16,12,10,2","3","3","1",NA,NA,NA,NA,"Yes i am making a good group for public help",NA,"3","4","3","3","5","4","5","4",1,0,"49","61","74","52","54","81","5","0","2","27","2016",1
"905",905,"3","2",3,"9","38","17","4","6","1","4","2","1","1","2","1","1","2","1","2","1","1","1","1","1","1","5","4","5","12,5,16,4,15","5","4","1",NA,NA,"3","2","Very good expriyance",NA,"5","5","4","4","4","5","5","4",1,0,"30","50","70","30","70","50","5","1","3","9","1998",1
"906",906,"3","2",2,"27","25","16","4","3","1","3","1","8","2","2","5","1","2","5","5","2","1","4","3","4","3","4","5","5","15,11,13,5,7","4","5","2",NA,NA,NA,NA,"Because they clean the class","Its trustworthy
","5","5","5","5","5","4","5","4",1,0,"43","19","69","70","89","87","4","0","3","27","2017",1
"907",907,"2","2",3,"5","39","16","5","1","2","4","2","4","3","5","1","5","3","1","5","1","3","4","1","4","4","5","5","5","19,10,11,15,5","5","5","2",NA,NA,NA,NA,"Work hard and succeed ","Working not investment time","4","5","4","5","5","5","5","4",1,0,"85","100","66","100","98","96","5","1","2","5","2014",1
"908",908,"3","2",1,"27","39","17","4","6","1","4","2","10","1","1","1","1","2","2","1","2","1","1","1","1","1","5","2","1","5,13,6,4,15","5","4","3",NA,NA,NA,NA,"Very expriyance","Very good feeling","5","4","4","5","5","4","5","4",1,0,"30","70","50","30","70","50","5","0","3","27","1998",1
"909",909,"2","2",2,"5","24","15","4","6","2","4","2","7","5","5","3","1","5","3","3","3","4","4","3","3","4","5","5","5","5,16,7,17,6","5","5","1",NA,NA,NA,NA,"Yes i will",NA,"5","4","4","5","5","3","4","3",1,0,"16","65","36","92","68","71","5","0","4","5","2005",1
"910",910,"3","2",3,"27","31","17","5","6","1","3",NA,"7","3","3","3","2","4","3","4","3","2","4","3","2","4","4","4","5","15,7,16,18,11","5","5","1",NA,NA,NA,NA,"Because I think I can make the right choices.",NA,"4","3","3","2","3","4","4","2",1,0,"77","50","68","68","73","80","4","1","3","27","2005",1
"911",911,"2","2",3,"5","24","15","4","6","2","3","2","6","5","2","4","1","3","2","4","3","2","4","2","3","4","5","4","3","5,11,7,2,15","5","5","1",NA,NA,NA,NA,"Yes i will support them a lot",NA,"5","5","5","5","5","5","3","3",1,0,"72","48","36","83","29","60","5","1","4","5","2005",1
"912",912,"2","2",3,"5","25","15","4","6","2","3","2","4","3","4","5","1","2","3","4","4","3","4","4","4","4","5","5","5","5,11,7,14,16","4","5","1",NA,NA,NA,NA,"Yes i know about Allah",NA,"5","5","5","5","4","5","5","4",1,0,"89","47","45","92","60","58","5","1","4","5","2005",1
"913",913,"2","2",3,"9","21","16","5","6","1","4","5","10","5","5","5","1","5","5","5","5","1","4","1","1","1","5","5","4","16,10,7,12,18","4","5","1",NA,NA,NA,NA,"i prefer to be leader",NA,"4","4","4","5","5","4","5","4",1,0,"84","84","82","92","93","87","5","0","4","9","2020",1
"914",914,"2","2",3,"9","25","16","2","3","1","4","1","8","1","1","2","1","2","1","4","1","1","4","1","2","3","4","5","4","16,10,15,18,11","5","5","1",NA,NA,NA,NA,"Because I have lots of general knowledge so that I can represent my group",NA,"5","4","5","5","4","5","5","4",1,0,"100","100","100","100","97","100","5","1","4","9","2017",1
"915",915,"2","2",3,"5","35","17","4","1","2","4","2","10","5","5","5","4","5","5","5","5","4","4","4","4","4","5","5","5","13,17,15,2,11","5","5","1",NA,NA,NA,NA,"Islam",NA,"5","5","5","5","5","5","5","4",1,0,"89","100","90","100","100","100","5","1","2","5","2020",1
"916",916,"2","2",1,"9","28","16","2","6","2","4","12","7","3","3","2","1","4","3","2","2","4","4","3","4","4","5","4","4","4,13,15,18,10","5","3","1",NA,NA,NA,NA,"It is responsible for discussion group ",NA,"5","5","3","4","4","5","5","4",1,0,"84","71","80","80","70","90","5","0","4","9","2007",1
"917",917,"3","1",2,"24","30","16","4","6","1","3","2","8","4","2","1","4","4","2","1","3","3","3","3","3","4","4","4","5","2,1,4,13,15","5","4","1",NA,NA,NA,NA,"I can represent thoughts very well .",NA,"3","2","4","4","2","1","4","1",1,1,"78","73","86","72","64","63","5","0","3","24","2012",1
"918",918,"2","2",1,"9","55","17","3","6","2","3","5","10","2","2","2","2","2","2","5","2","2","4","3","2","4","4","5","5","16,15,13,7,14","5","5","1",NA,NA,NA,NA,"Because I think I can do the exercises well and contribute to the group earning",NA,"4","3","4","4","3","2","4","3",1,0,"57","60","73","73","56","63","4","1","4","9","1984",1
"919",919,"2","2",3,"27","38","17","5","4","1","3",NA,"4","3","2","2","2","2","2","4","3","1","4","3","1","2","5","5","5","11,7,13,14,15","4","4","1",NA,NA,NA,NA,"To let the team win more",NA,"4","4","5","5","4","4","4","2",0,0,"70","52","50","70","51","49","4","0","4","27","2001",1
"920",920,"3","2",1,"27","30","16","2","1","1","3","2","7","5","5","4","1","4","5","2","1","2","4","2","3","4","5","5","5","7,8,5,15,4","5","5","1",NA,NA,NA,NA,"My group representing very close my partner and all opportunity given me ",NA,"4","5","5","5","5","4","5","4",1,0,"53","78","100","71","68","57","5","0","2","27","2001",1
"921",921,"2","2",3,"27","33","17","5","3","1","3","4","9","3","2","4","2","3","1","3","3","1","4","1","1","4","4","5","5","5,13,15,4,16","5","5","1",NA,NA,NA,NA,"Because I think I'm Able to be a Representative ",NA,"5","4","4","4","4","5","2","1",1,1,"47","65","49","62","52","67","5","0","4","23","2012",1
"922",922,"2","2",1,"9","29","16","3","6","1","4","4","1","2","2","2","1","2","2","1","3","4","4","3","4","4","5","5","4","15,16,5,11,10","4","4","2",NA,NA,"3","2","Making decisions in work place is a group decided","Sometime making decision fails","5","4","5","4","4","5","3","4",1,0,"89","92","100","82","97","85","5","1","3","9","2007",1
"923",923,"2","2",1,"27","35","17","2","6","2","4","1","3","2","2","2","1","3","3","5","1","2","4","3","4","4","5","5","5","15,13,2,4,5","5","5","1",NA,NA,NA,NA,"Me  and my group members  are interested in this  ",NA,"5","4","5","5","5","5","5","4",1,0,"100","90","100","100","79","100","5","0","4","27","2004",1
"924",924,"3","1",3,"9","30","17","5","7","2","3",NA,"1","3","2","1","3","3","2","3","2","1","1","1","1","3","5","4","5","8,15,13,14,7","5","4","1",NA,NA,NA,NA,"Because I have a hats and attitudes of leadership",NA,"3","4","3","4","4","3","3","3",1,0,"75","60","83","57","88","63","4","1","4","9","2006",1
"925",925,"3","2",2,"27","25","14","5","6","1,2,3","4","2","7","3","3","3","1","3","3","1","3","4","4","2","2","4","5","5","5","11,16,12,4,15","5","5","2",NA,NA,NA,NA,"Because I feel I am good decision maker","Because I manage my friend to decide what is the best decision","5","5","5","5","5","5","5","4",1,0,"100","60","58","68","100","64","5","0","3","27","2017",1
"926",926,"2","2",3,"27","41","17","4","6","1","3","1","10","2","2","2","2","2","2","2","2","1","1","1","1","1","3","5","5","15,13,7,19,11","5","5","1",NA,NA,NA,NA,"Because I have good IQ and confident of giving right answer in every part of survey",NA,"4","4","4","5","2","4","2","3",1,0,"50","50","50","50","50","50","5","1","4","27","2000",1
"927",927,"3","1",1,"5","37","16","5","7","1","4","2","2","1","1","1","1","1","1","1","1","4","4","4","4","4","5","5","5","6,10,2,13,8","5","5","1",NA,NA,NA,NA,"I like it",NA,"5","5","5","4","4","5","5","4",1,1,"100","100","100","100","100","100","5","0","3","5","1995",1
"928",928,"2","2",3,"5","19","17","4","3","1","3",NA,"6","2","2","2","2","2","2","2","3","1","1","1","2","2","3","4","4","5,6,16,2,4","3","3","1",NA,NA,NA,NA,"Because I think I truly deserve",NA,"3","3","4","4","4","4","2","3",0,0,"50","90","50","90","50","50","2","1","2","5","2019",1
"929",929,"3","1",2,"5","39","16","3","3","2","4","1","8","1","1","1","1","1","1","1","1","4","4","4","4","4","5","5","5","10,11,16,2,15","5","5","1",NA,NA,NA,NA,"1",NA,"5","5","5","5","5","5","5","4",1,0,"100","100","100","100","100","100","5","0","4","5","2004",1
"930",930,"3","2",3,"27","26","16","5","4","2","3","6","10","3","3","3","1","3","3","5","3","1","4","2","1","4","5","1","3","5,13,10,11,7","5","5","1",NA,NA,NA,NA,"I feel that I can be more responsible others when making decision. I do not trust the leadership of someone else unless I know them closely.",NA,"4","3","4","3","4","2","3","1",1,0,"0","0","0","100","100","100","5","1","4","27","2016",1
"931",931,"3","2",2,"27","19","14","4","6","1","3","2","4","3","5","5","4","4","4","4","3","3","3","3","4","4","5","5","5","1,19,12,16,15","5","5","1",NA,NA,NA,NA,"i want to be group representative because i think i am good",NA,"3","3","3","3","3","3","3","4",1,0,"68","44","64","59","77","46","4","1","3","27","2020",1
"932",932,"3","1",3,"5","25","15","5","6","1","2","2","3","2","4","2","2","2","2","1","3","1","4","2","1","3","4","4","5","15,19,13,1,14","5","5","1","3","2",NA,NA,"I want to be a group representative as I think I can lead properly for everyone's own good and I can earn a lot as I am a knowledgeable person.",NA,"4","4","3","5","5","4","3","2",1,0,"50","50","50","50","50","50","5","0","4","5","2019",1
"933",933,"3","1",1,"9","30","16","4","1","2","4","2","1","2","2","2","2","2","1","2","3","2","2","2","1","2","3","4","5","7,19,14,1,13","5","5","1",NA,NA,NA,NA,"because i want to win this survey ",NA,"4","4","4","4","4","5","3","4",1,0,"90","90","90","90","90","90","5","1","4","9","2010",1
"934",934,"2","2",3,"5","35","16","4","6","1","3","1","3","2","2","1","2","2","3","3","1","1","4","2","1","3","4","4","4","5,10,12,11,6","4","5","1",NA,NA,NA,NA,"Because I thought I am good",NA,"4","4","5","5","4","4","4","3",1,0,"71","92","45","82","94","88","5","1","4","5","2012",1
"935",935,"3","2",1,"27","23","15","5","1","1,2","4","2","6","1","1","2","1","1","1","1","1","1","4","1","1","2","5","5","5","10,16,5,15,19","5","5","1",NA,NA,NA,NA," Kyuki me Bhut achche Se ye kar sakta hu",NA,"5","4","5","5","5","5","5","4",1,0,"96","100","93","75","89","97","5","0","3","27","2017",1
"936",936,"2","2",2,"5","30","16","5","6","1","4","1","3","1","1","1","1","1","1","2","1","1","4","2","1","3","4","5","5","7,13,14,19,1","5","5","1",NA,NA,NA,NA,"I am a good decision maker",NA,"5","5","4","5","4","5","2","3",1,0,"50","50","50","50","50","50","5","0","4","5","2008",1
"937",937,"3","1",2,"27","22","16","4","6","1","1",NA,"2","2","2","1","3","2","2","4","4","1","4","2","1","4","4","4","4","17,15,18,12,8","5","5","1",NA,NA,NA,NA,"I want to help people.",NA,"3","3","2","4","5","4","2","1",1,0,"50","41","100","29","41","78","5","0","3","27","2020",1
"938",938,"3","2",3,"5","39","17","4","1","1,2","4","2","4","2","1","1","2","1","1","1","5","2","2","1","1","1","5","5","4","15,12,5,18,16","5","4","1",NA,NA,NA,NA,"It's very good and very likely my favourite",NA,"5","4","4","5","5","4","5","4",1,0,"100","100","97","100","95","100","5","0","4","5","2001",1
"939",939,"3","1",2,"9","45","13","5","1","1,2,3","4","2","10","1","1","1","1","1","1","1","1","4","4","4","4","4","5","5","5","18,5,11,8,6","5","5","1",NA,NA,NA,NA,"I am very sorry for the day of the",NA,"5","5","5","5","5","5","5","4",1,0,"90","100","93","100","94","88","5","1","3","9","1975",1
"940",940,"3","1",3,"9","18","16","2","6","4","2",NA,"1","3","2","2","3","3","3","3","3","3","3","3","2","4","3","4","4","15,16,7,4,6","5","5","1",NA,NA,NA,NA,"I want to become a representative because I have a observation power.",NA,"2","2","4","3","3","3","3","1",1,0,"100","100","100","83","71","80","5","0","4","9","2020",1
"941",941,"3","2",1,"27","26","16","5","4","2","3",NA,"10","3","3","3","1","3","3","5","1","1","4","3","1","4","4","1","1","5,10,14,9,7","3","3","4",NA,NA,NA,NA,NA,"I do not think I'm capable enough to make decisions for the entire group.","3","4","3","5","4","5","4","1",1,0,"2","2","5","84","76","85","5","0","4","27","2016",1
"942",942,"2","2",2,"5","24","16","3","3","1,2","4","1","1","1","1","1","1","1","2","4","2","1","3","1","2","3","5","5","5","4,16,13,18,5","5","5","2",NA,NA,"1","2","Because I think I can do it I have lots of knowledge","I have lots of knowledge but I don't want to lead the group","5","5","5","5","5","5","5","4",1,0,"100","90","88","100","98","100","5","0","4","5","2017",1
"943",943,"2","2",3,"27","29","13","2","1","2","4",NA,"2","1","1","1","1","1","1","1","2","2","2","3","3","3","5","5","5","14,7,4,5,10","5","5","1",NA,NA,"2","3","I have qualities of leadership",NA,"5","5","5","5","5","4","5","4",1,1,"93","97","96","92","94","91","5","1","3","27","2009",1
"944",944,"2","2",1,"27","29","13","2","1","2","4",NA,"4","1","1","1","1","2","2","1","2","4","4","4","4","4","5","5","5","15,13,19,14,7","5","4","1",NA,NA,NA,NA,"I have qualities of leadership and team management",NA,"4","5","4","5","4","5","5","4",1,0,"81","85","79","90","97","90","4","0","3","27","2009",1
"945",945,"3","1",3,"27","32","17","5","6","1","3","2","2","2","2","4","2","3","2","1","2","2","4","1","3","4","5","5","5","5,12,10,4,8","1","5","3",NA,NA,NA,NA,"I like leadship","Nothing","5","5","5","4","5","4","5","4",1,0,"85","84","84","81","84","84","4","0","3","27","2007",1
"946",946,"3","2",1,"5","40","16","4","1","1","3","5","5","2","3","2","2","3","2","2","2","1","1","1","1","1","5","4","4","13,15,5,17,16","4","5","1",NA,NA,NA,NA,"I want to be a group representative is the best performance so that I have known better than ",NA,"4","4","5","5","4","4","4","4",1,0,"71","82","78","65","59","69","4","1","2","5","2010",1
"947",947,"2","2",2,"27","32","16","5","6","1","4","1","5","3","3","3","3","3","3","3","3","3","3","3","1","3","5","5","5","2,10,8,15,7","5","5","1",NA,NA,NA,NA,"I think I can manage efficiently",NA,"4","4","4","5","4","3","4","4",1,0,"50","50","50","50","50","50","5","0","4","27","2007",1
"948",948,"3","1",3,"24","27","16","5","6","1","4","2","10","2","4","1","4","2","2","1","3","4","3","3","3","4","4","5","4","8,7,16,18,4","5","4","1",NA,NA,NA,NA,"It is very good.",NA,"4","5","4","4","4","4","5","4",1,0,"91","73","89","99","76","57","5","0","3","24","2016",1
"949",949,"3","2",2,"27","30","16","5","1","1","4","1","10","5","4","5","5","5","5","5","4","4","3","4","4","4","5","5","5","8,19,14,3,15","5","5","2",NA,NA,NA,NA,"Vsv","Svshh","5","5","5","4","4","4","5","4",1,0,"47","64","40","56","45","52","5","0","2","27","2008",1
"950",950,"3","1",3,"9","38","13","4","1","2","4",NA,"7","2","2","1","1","1","2","3","3","2","1","1","2","2","1","5","4","8,10,4,11,18","5","5","1",NA,NA,NA,NA,"Because it's really amazing",NA,"5","4","5","5","4","5","4","4",1,0,"71","78","84","84","73","90","5","1","3","9","2006",1
"951",951,"3","1",3,"9","34","16","5","6","2","4","2","5","5","1","1","4","3","1","1","3","4","3","4","4","4","5","5","5","13,19,2,4,11","5","5","1","3","2",NA,NA,"I have the most confidence and am the most willing.",NA,"4","5","4","4","5","5","2","4",1,0,"80","100","80","10","0","0","5","1","4","9","2007",1
"952",952,"3","2",1,"5","30","15","4","6","2","3","2","9","2","4","4","2","4","3","3","3","4","4","3","3","4","5","5","5","5,8,2,4,16","5","5","1",NA,NA,NA,NA,"Yes i wasback to school",NA,"5","5","5","5","5","5","5","3",1,0,"82","65","41","93","66","45","5","1","4","5","2004",1
"953",953,"2","2",2,"9","44","17","5","6","1","1",NA,"5","3","1","3","1","3","2","4","3","4","4","3","4","2","1","3","3","10,5,9,7,11","5","5","1",NA,NA,NA,NA,"Because I am having enough knowledge of geography",NA,"4","2","3","4","2","4","3","1",1,0,"39","30","29","100","77","81","4","1","3","9","2000",1
"954",954,"3","1",2,"9","38","13","4","1","2","4",NA,"10","2","1","1","1","2","2","3","3","1","1","2","2","1","1","5","4","10,4,11,1,5","4","5","1",NA,NA,NA,NA,"Because I feel it is quite interesting",NA,"5","5","5","4","4","5","5","4",1,0,"96","87","79","93","84","78","5","0","4","9","2006",1
"955",955,"2","2",3,"27","39","15","5","6","1","4","1","5","2","1","2","1","2","1","2","1","2","3","2","4","4","5","4","5","11,5,10,8,13","4","5","1",NA,NA,NA,NA,"So best group",NA,"5","4","5","4","5","5","3","4",1,0,"67","95","76","88","100","72","5","0","2","27","1981",1
"956",956,"3","1",1,"5","28","13","1","2","2","4",NA,"9","2","2","2","4","2","1","1","3","4","3","2","2","4","5","4","5","13,14,19,7,1","5","5","1",NA,NA,NA,NA,"मुझे लगता है कि मै सभी शवालोके जवाब दे सकती हू",NA,"4","4","4","5","4","4","5","4",1,0,"94","80","91","51","47","61","5","0","4","5","2000",1
"957",957,"3","1",1,"9","38","13","4","1","2","4",NA,"8","2","2","2","1","1","1","3","3","2","2","3","3","2","1","3","3","1,15,16,11,18","4","5","1",NA,NA,NA,NA,"I want to give it a try",NA,"4","4","4","5","4","4","3","3",1,0,"61","58","66","53","55","61","5","1","2","9","2006",1
"958",958,"3","1",2,"27","23","16","2","1","2","4","14","1","2","2","2","2","2","2","2","2","2","3","2","2","2","4","1","3","8,4,15,16,13","4","4","2",NA,NA,NA,NA,"Because of my leader qualities.and I give chance to everyone to state their opinions.","I want to be a group representative but if there is loss or something inappropriate then it is okay to be not a group representative.","4","4","4","5","5","4","3","3",1,0,"55","61","80","55","61","76","4","0","3","27","2018",1
"959",959,"3","1",3,"9","38","13","4","1","2","4",NA,"8","2","2","1","2","1","1","3","3","2","3","2","3","2","1","3","3","15,8,11,16,18","5","4","1",NA,NA,NA,NA,"It is so good to give a try",NA,"5","5","4","4","4","4","4","3",1,0,"55","50","55","55","48","58","5","0","2","9","2006",1
"960",960,"3","1",3,"24","27","16","5","6","1","4","2","9","4","4","1","4","3","2","1","3","4","2","3","3","4","5","5","4","14,7,16,12,8","5","4","1",NA,NA,NA,NA,"It is very good",NA,"4","5","4","4","5","4","5","4",1,0,"95","63","51","88","71","84","5","0","3","24","2016",1
"961",961,"3","2",2,"27","42","16","4","1","1","3","5","10","3","1","1","1","3","1","1","1","1","1","1","1","1","5","5","4","8,12,10,13,11","5","5","1",NA,NA,NA,NA,"I described in a few words I a perfect person to a make representative is the best choice ",NA,"5","5","5","5","5","5","4","3",1,0,"67","64","65","70","80","81","5","0","4","27","2010",1
"962",962,"2","2",2,"27","24","16","3","6","1","3","14","9","2","2","1","1","1","2","2","2","1","1","1","1","2","4","5","4","17,15,12,18,16","5","4","1",NA,NA,NA,NA,"Because I am good in making right decisions with the members",NA,"3","4","2","2","4","4","4","1",1,1,"50","40","81","80","80","80","4","1","3","27","2019",1
"963",963,"2","2",1,"5","38","16","5","6","2","4","2","5","1","2","2","2","2","2","3","3","4","4","3","4","4","5","1","5","7,19,13,15,18","5","5","1",NA,NA,NA,NA,"I want be group representative because I am energetic",NA,"5","5","5","5","5","5","4","4",1,0,"86","93","96","36","46","39","5","0","4","5","2000",1
"964",964,"3","1",3,"5","30","16","5","3","1","4","2","7","1","1","1","1","1","1","4","3","4","1","2","3","1","5","5","5","9,19,8,7,14","5","5","1",NA,NA,NA,NA,"I just like it",NA,"4","5","5","4","5","5","5","4",1,0,"78","100","59","82","71","99","5","0","3","5","2014",1
"965",965,"3","1",1,"9","38","13","4","1","2","4",NA,"5","1","2","2","2","1","1","3","3","2","2","3","2","3","1","3","3","15,1,18,16,8","5","5","1","2","3",NA,NA,"I want to be very happy",NA,"4","4","5","5","5","4","4","3",1,0,"54","61","56","52","54","58","5","0","2","9","2006",1
"966",966,"3","1",3,"27","28","16","5","6","1","3",NA,"1","2","3","1","2","2","3","2","2","1","2","2","1","3","4","5","5","2,10,11,15,7","5","5","1",NA,NA,NA,NA,"I like and have good knowledge of the subject Geography.",NA,"5","4","4","5","4","4","4","1",1,0,"50","50","50","50","50","50","5","0","4","27","2011",1
"967",967,"3","1",3,"24","28","16","5","6","1","4","2","1","4","4","1","3","3","2","1","4","4","2","3","3","4","5","5","2","15,8,12,13,7","5","4","1",NA,NA,NA,NA,"It is very good.",NA,"4","5","4","5","4","5","4","4",1,0,"96","82","73","96","88","90","5","1","3","24","2016",1
"968",968,"3","1",1,"5","35","17","5","7","1","4","2","4","2","3","1","4","2","3","1","3","1","2","1","2","3","5","4","5","4,10,5,13,9","5","5","1","1","3",NA,NA,"I think i am fit for the post as i have sufficient knowledge about the subject.",NA,"5","4","5","5","5","5","3","2",1,1,"95","92","96","72","81","88","5","0","4","5","2003",1
"969",969,"3","1",3,"9","60","16","5","1","1","3",NA,"4","1","2","1","1","2","2","1","2","3","4","4","3","4","1","5","3","8,16,4,18,19","5","5","1","2","3",NA,NA,"because group representative has significant role",NA,"4","4","5","5","5","4","3","3",1,0,"91","97","88","85","78","81","5","0","4","9","1978",1
"970",970,"3","1",1,"24","21","15","5","1","1","3",NA,"6","5","3","2","3","2","4","3","3","3","4","1","2","1","1","3","4","4,6,15,18,5","3","4","1","2","1",NA,NA,"Because i want to take responsiblities and i want to prove my self.",NA,"3","3","4","4","2","3","2","2",1,1,"23","55","38","20","47","35","4","1","3","24","2017",1
"971",971,"3","1",2,"9","38","13","4","1","2","4","2","7","5","4","5","5","5","5","5","5","1","1","1","1","1","5","5","5","19,15,18,4,7","5","4","1",NA,NA,NA,NA,"I have the ability to generate the group with utmost sincerity",NA,"5","5","5","5","5","5","5","4",1,0,"68","86","85","87","83","93","5","0","3","9","2006",1
"972",972,"2","2",2,"27","24","16","5","4","1","1",NA,"5","3","3","5","1","3","3","5","1","1","4","2","1","4","4","1","1","5,10,11,9,19","5","5","1",NA,NA,NA,NA,"I'm responsible enough to make such a decision.",NA,"2","3","4","4","3","3","3","1",1,0,"26","8","1","90","81","73","5","0","4","27","2019",1
"973",973,"3","2",3,"27","25","16","4","4","2","2",NA,"2","3","2","5","1","2","2","5","1","1","4","2","2","3","4","2","2","5,13,14,19,7","3","3","3",NA,NA,"2","1","I just feel I can make right decisions that's why
","Because I'm not interested","2","5","3","3","3","5","3","1",1,0,"5","17","17","93","78","98","4","0","4","27","2011",1
"974",974,"2","2",1,"27","42","16","5","6","1","3",NA,"5","1","1","1","1","1","2","5","2","2","4","3","1","4","4","5","5","2,13,7,19,16","5","5","1",NA,NA,NA,NA,"I like leading in every field so I want to be a rpresentative",NA,"5","5","5","5","5","5","1","3",1,0,"51","50","50","50","51","50","5","1","4","27","1993",1
"975",975,"2","2",3,"9","27","16","2","6","1","4","4","2","3","1","1","2","2","2","2","1","4","4","3","4","4","4","4","4","11,10,16,15,12","5","3","1",NA,NA,"3","2","Allow group decision makes",NA,"3","3","4","4","5","4","3","4",1,0,"88","87","73","75","78","93","5","0","2","9","2010",1
"976",976,"3","1",1,"9","21","14","4","3","1","3",NA,"2","3","1","3","3","3","3","3","3","2","3","2","2","4","4","2","4","8,7,1,13,10","4","4","2",NA,NA,NA,NA,"I have been taking responsibilities since my 10th grade and I find it amusing to be the key that bind others.","Group representatives can often be over worked.","3","3","3","2","4","3","4","1",0,0,"51","51","50","50","50","50","5","1","4","9","2019",1
"977",977,"3","1",1,"27","32","17","5","7","1","4","2","7","2","2","2","4","2","2","1","3","3","1","2","2","3","3","4","4","8,4,13,7,1","5","5","1",NA,NA,NA,NA,"Because I have all the abilities",NA,"4","4","4","3","4","4","2","2",1,0,"72","86","100","52","15","19","4","1","4","27","2008",1
"978",978,"3","1",3,"24","30","16","4","6","1","4","2","6","3","3","1","4","4","3","2","3","2","2","1","1","2","4","5","5","2,18,1,10,15","4","4","2","2","3",NA,NA,"Because I have a great interest in geogr","Because I don't want any one lost money due tome","4","5","4","5","5","5","4","4",1,0,"67","93","76","77","67","70","5","1","4","24","2012",1
"979",979,"3","1",2,"24","18","16","3","2","2","3",NA,"6","1","2","1","4","3","1","2","4","3","2","2","3","4","4","5","5","6,4,2,9,12","5","5","1","2","3",NA,NA,"I think i'll handle as a group representative .And i m very much interested in completing this survey.Mostly i do what i love.So, i love to be group representative that's why i want to be group representative.",NA,"5","5","5","5","4","3","3","3",1,1,"96","50","100","80","40","60","5","1","3","24","2020",1
"980",980,"3","1",1,"27","31","16","2","6","1","3",NA,"7","3","3","3","3","3","3","3","3","1","1","1","2","3","3","2","4","13,7,14,19,1","4","4","2",NA,NA,NA,NA,"takes the responsibility of group in understanding way to the group members","nothing ","3","3","4","4","3","3","3","3",1,0,"50","50","51","50","50","50","3","1","3","28","2004",1
"981",981,"3","1",3,"27","43","16","5","7","1","1","2","6","1","1","1","1","1","1","1","1","2","2","2","1","2","4","5","5","12,16,11,15,17","1","1","1","2","3",NA,NA,"representation of groups are important because they can help to understand a particular group",NA,"4","4","4","5","5","5","2","3",1,0,"55","63","75","71","57","36","5","0","4","27","1995",1
"982",982,"3","2",3,"5","30","16","5","7","2","4","2","1","1","1","1","1","1","1","1","1","1","1","1","2","2","3","2","5","5,16,15,8,10","5","5","1",NA,NA,"3","2","As i know that i have the great knowledge About Sociology than anyone",NA,"5","5","5","5","5","5","3","4",1,0,"100","100","100","100","100","100","5","1","4","5","2015",1
"983",983,"2","2",3,"27","25","16","4","4","2","2",NA,"5","3","3","4","1","2","3","5","2","1","4","2","2","3","3","1","1","5,11,9,13,14","5","5","1",NA,NA,NA,NA,"because I think I can take a good decision",NA,"1","1","1","1","1","1","1","2",1,0,"18","10","3","77","60","68","4","1","4","27","2011",1
"984",984,"3","2",1,"27","42","17","5","5","1","3","1","8","1","1","1","1","1","1","1","1","1","1","1","1","1","3","5","5","1,4,19,10,16","5","5","1",NA,NA,NA,NA,"I would love to take this initiative because i like to lead the team ",NA,"5","5","5","5","5","5","5","3",1,1,"51","52","52","52","51","51","5","0","4","27","1995",1
"985",985,"3","1",3,"27","38","17","4","6","2","1",NA,"5","3","3","3","3","3","3","3","3","3","3","1","1","4","4","4","4","13,7,19,14,8","5","4","1","2","3",NA,NA,"I think I will be able to answer sociology questions more effectively",NA,"4","3","3","3","3","2","4","1",1,0,"82","83","80","61","59","59","4","1","4","30","1995",1
"986",986,"3","1",1,"5","39","16","5","1","1","4",NA,"3","4","5","5","4","5","5","4","5","3","3","4","4","4","1","5","4","13,6,12,7,4","5","4","1","2","3",NA,NA,"I T T GREU H HTGFH",NA,"5","4","5","5","4","5","4","4",1,0,"96","97","100","10","10","9","3","0","1","5","2000",1
"987",987,"3","1",2,"27","23","16","4","3","1","3","1","7","2","2","1","3","3","3","3","2","2","2","2","1","3","4","5","5","18,12,11,10,8","4","5","1",NA,NA,NA,NA,"I am expert in representation and I have a experience of it so I can easily do this.",NA,"4","4","4","5","4","4","4","3",1,1,"92","95","95","71","90","82","5","1","2","27","2014",1
"988",988,"3","1",3,"27","34","17","5","6","2","3","2","10","2","1","1","2","2","2","1","2","2","2","1","2","2","3","5","5","18,12,17,8,13","5","5","1",NA,NA,NA,NA,"I think I will represent my group without any doubt as my history proves it.",NA,"4","3","3","4","3","3","4","3",1,0,"69","86","82","66","73","71","5","0","4","27","2000",1
"989",989,"3","2",3,"27","25","15","5","6","1,2","4","2","7","1","3","1","1","5","1","5","1","4","4","4","4","4","5","5","5","6,16,11,4,15","5","5","2",NA,NA,NA,NA,"Because I have quality group leader","I feel I am handling my group better than other people","5","5","5","5","5","5","5","4",1,0,"81","63","72","64","69","78","5","0","2","27","2018",1
"990",990,"3","1",2,"5","40","17","4","3","2","3","2","7","2","2","2","2","2","2","2","2","1","4","2","2","4","3","5","5","15,17,18,12,11","5","5","1",NA,NA,NA,NA,"I want everyone in my group to complete this task and take credits.",NA,"5","4","5","5","5","5","3","4",1,0,"53","50","53","55","55","47","5","0","4","5","1999",1
"991",991,"2","2",2,"9","35","17","4","4","1","3","1","1","4","3","3","3","2","3","5","2","2","4","3","3","3","5","5","5","4,1,10,7,18","5","5","1",NA,NA,"2","3","My geography is quite strong and I'm confident of getting through the topic very well ",NA,"5","5","5","4","5","5","2","2",0,0,"30","74","74","73","53","73","5","0","4","9","2007",1
"992",992,"3","2",3,"27","35","16","5","4","2","1",NA,"2","3","2","4","2","2","2","4","3","1","4","2","3","3","3","2","2","10,5,11,9,13","5","5","1",NA,NA,"3","2","I want to be group representative because I want to make the decision to win the amount.",NA,"5","5","4","4","4","4","4","1",1,0,"39","14","22","64","61","58","4","0","4","27","2001",1
"993",993,"3","2",2,"9","55","13","4","3","1","4","1","8","5","5","5","5","5","4","4","5","2","3","3","4","4","5","4","5","8,13,12,6,5","5","4","1",NA,NA,NA,NA,"Nothing",NA,"4","5","4","4","5","3","5","4",1,0,"38","30","50","46","66","29","5","1","2","9","2010",1
"994",994,"2","2",2,"9","42","15","5","3","1","4","1","2","2","1","2","1","2","1","2","1","3","4","3","4","4","5","5","4","5,11,19,3,16","4","5","1",NA,NA,"3","2","The so good for and so much",NA,"4","5","5","4","5","5","4","4",1,0,"90","89","100","100","85","92","1","0","2","9","1978",1
"995",995,"3","1",2,"24","20","16","4","6","1","3",NA,"9","3","1","1","1","1","1","3","3","2","3","2","4","4","4","5","5","8,13,2,12,1","4","4","1",NA,NA,NA,NA,"I and my group member think I am good at making decision ",NA,"4","4","4","4","3","3","4","1",0,0,"61","69","51","61","50","61","4","0","4","24","2015",1
"996",996,"3","1",3,"24","21","16","3","6","1,2","2",NA,"7","2","1","1","1","1","2","1","1","2","2","2","2","3","4","4","5","15,4,11,7,5","3","3","2",NA,NA,NA,NA,"I think I am a good leader","I don't know","5","4","4","4","5","4","3","2",1,0,"40","51","47","50","54","47","5","1","4","24","2015",1
"997",997,"3","2",1,"5","22","13","5","1","1,2","4","2","1","5","5","4","5","5","5","5","5","4","4","3","4","3","5","4","5","15,16,12,18,11","4","5","1",NA,NA,"3","2","It's very good and very interesting",NA,"4","4","5","4","5","5","5","4",1,0,"100","95","100","100","94","100","5","0","4","5","2002",1
"998",998,"2","2",2,"24","22","16","1","6","1","2",NA,"3","2","1","2","1","2","2","4","1","1","2","2","2","3","5","4","5","19,7,9,5,13","4","4","1",NA,NA,NA,NA,"even I don't know ",NA,"5","5","4","5","3","4","3","3",1,1,"20","40","15","70","20","50","5","0","4","24","2017",1
"999",999,"3","2",3,"5","35","15","5","1","1","4",NA,"4","1","1","2","1","2","1","2","2","3","4","3","4","4","5","5","4","11,6,10,5,4","5","4","1",NA,NA,NA,NA,"Very good by me and my family and",NA,"5","4","4","4","4","5","5","3",1,0,"100","94","91","100","91","83","1","0","3","5","2008",1
"1000",1000,"3","2",2,"27","48","16","3","1","1","4","2","1","1","3","1","1","2","1","1","2","4","3","4","1","4","4","5","4","14,8,17,19,3","5","5","2",NA,NA,"3","2","Good","Good","4","5","4","5","5","4","4","4",1,0,"34","67","100","40","61","50","4","1","2","27","2019",1
"1001",1001,"3","1",2,"9","28","16","5","3","1","4","5","2","2","5","1","4","1","4","4","2","4","3","4","4","4","4","5","5","2,8,4,15,7","5","5","3",NA,NA,NA,NA,"I take  a decision  in my groups ","I like more historical  questions  and answers  ","4","5","5","5","4","4","4","4",1,0,"25","19","74","47","37","35","4","0","4","9","2015",1
"1002",1002,"3","1",1,"24","26","17","2","7","1,2","3","2","10","3","3","3","3","3","3","2","3","1","1","1","1","2","1","4","3","15,16,19,14,1","5","1","1",NA,NA,NA,NA,"I am want to be group representive because I am properly reading the question and answering",NA,"3","3","5","2","3","2","2","3",0,1,"50","50","50","50","49","49","5","0","3","24","2015",1
"1003",1003,"3","1",1,"27","31","16","5","6","1","2","2","5","4","1","4","3","3","2","4","2","4","3","2","1","3","4","4","1","15,4,18,12,16","5","5","1","3","2",NA,NA,"I can manage well",NA,"3","3","4","4","4","4","4","4",1,0,"85","95","94","100","50","1","5","0","3","27","2019",1
"1004",1004,"3","1",3,"27","30","16","5","3","2","4","2","10","4","3","1","3","3","3","2","3","4","1","1","2","2","4","4","5","4,8,2,12,10","5","4","1",NA,NA,NA,NA,"I have experience of being group representative in various competitions. Also I don't know about abilities of other two partners so I would like to be Group representative.",NA,"2","3","3","4","2","2","4","3",1,0,"72","58","53","63","54","53","4","1","4","27","2005",1
"1005",1005,"3","1",1,"27","26","16","4","6","1","1",NA,"5","3","3","3","3","3","3","3","3","1","4","2","2","4","1","4","4","13,14,15,19,7","5","5","1","3","2",NA,NA,"Because I have the leadership qualities ",NA,"5","4","4","4","3","4","3","2",0,0,"50","50","50","50","50","50","1","0","4","27","2010",1
"1006",1006,"3","2",1,"5","39","17","3","3","1","4","2","4","5","4","2","5","2","2","2","3","2","2","4","3","3","4","5","4","7,14,5,13,15","5","4","2",NA,NA,NA,NA,"I like it very important to me","Nothing","4","5","5","5","4","4","5","4",1,0,"79","32","63","82","61","70","5","1","3","5","2005",1
"1007",1007,"3","1",3,"9","40","13","5","6","2","4","2","9","2","1","2","2","1","1","1","2","4","4","4","4","4","5","4","5","14,5,15,11,16","4","5","1",NA,NA,NA,NA,"Awesome",NA,"5","4","4","5","5","4","5","4",1,0,"61","43","74","43","57","54","5","0","4","9","1999",1
"1008",1008,"3","1",2,"9","40","13","5","6","2","4","2","6","1","1","1","1","1","1","1","1","4","4","4","4","4","5","5","5","4,15,8,7,18","5","5","1","3","1",NA,NA,"Awesome",NA,"5","5","5","5","5","5","5","4",1,0,"61","70","82","73","66","72","5","1","3","9","1999",1
"1009",1009,"3","2",2,"27","36","17","5","4","1","3","14","5","2","2","2","2","2","2","2","2","1","1","1","1","1","3","4","4","15,16,18,13,7","5","5","1",NA,NA,NA,NA,"BECAUSE I HAVE LEADERSHIP QUALITY AND ALWAYS WANTED TO LEAD A GROUP",NA,"3","3","4","4","4","3","3","3",1,0,"86","83","85","82","85","83","4","0","4","27","2000",1
"1010",1010,"3","1",2,"27","30","13","3","6","1,2","4","2","9","3","5","3","1","4","2","1","1","4","4","3","3","4","5","5","5","7,3,11,2,13","5","5","1",NA,NA,NA,NA,"maharana pratap",NA,"5","5","5","5","4","4","4","4",1,0,"25","57","42","51","38","67","5","0","2","27","1990",1
"1011",1011,"3","1",1,"27","25","17","5","3","1","4","2","7","1","2","1","4","2","3","1","3","2","1","1","1","1","5","5","5","15,19,13,4,7","5","5","2",NA,NA,NA,NA,"I want to be group representative because I think I can handle this.","I am not sure if I can be a good group representative.","5","5","4","4","5","5","3","4",1,1,"75","75","90","92","71","59","5","1","4","27","2014",1
"1012",1012,"3","1",1,"27","30","13","3","6","1,2","4","2","9","4","5","4","1","2","2","1","5","3","4","3","4","4","5","5","5","13,19,15,4,12","5","5","1",NA,NA,NA,NA,"it is a very good for people and goood for all",NA,"5","4","5","4","5","4","5","4",1,0,"30","61","44","46","35","46","5","1","4","27","1990",1
"1013",1013,"3","1",3,"27","21","15","5","3","1","2",NA,"4","3","3","2","3","2","3","3","3","2","3","1","2","3","4","3","4","7,19,18,11,8","4","5","3","2","1",NA,NA,"I chose to be the third in line because I don't want to miss out on the opportunity.","I chose to be the third because I am not a very decisive person","2","4","4","2","2","3","3","1",0,0,"80","50","64","40","50","51","2","1","3","27","2018",1
"1014",1014,"2","2",2,"27","35","16","4","1","1,2","4","2","10","1","3","2","1","1","5","1","1","4","4","4","4","4","5","5","5","5,3,6,4,11","5","4","1",NA,NA,NA,NA,"Your day of a few",NA,"5","5","5","5","2","4","5","4",1,0,"93","84","93","99","99","93","5","1","2","27","2002",1
"1015",1015,"3","1",3,"9","30","17","5","6","1","4","2","8","2","3","2","5","3","3","1","4","4","1","2","3","3","4","5","4","15,8,4,12,7","5","5","1",NA,NA,NA,NA,"because a group representative has significant role in a group to achieve the goal",NA,"5","5","4","5","4","4","5","4",1,0,"87","84","97","92","82","96","4","0","4","9","2008",1
"1016",1016,"3","1",1,"27","21","13","4","3","1","3",NA,"3","4","2","2","3","3","2","3","4","1","4","4","2","4","4","2","3","13,1,7,19,14","4","3","2","3","2",NA,NA,"If i become group representative, I will get to choose the exercises.","If I choose wrong, others would fail too.","4","3","4","4","3","4","2","2",0,0,"50","56","60","50","60","59","4","1","4","27","2016",1
"1017",1017,"3","1",2,"27","34","16","3","4","1","2",NA,"6","3","3","3","3","3","3","3","3","2","2","2","1","4","5","5","5","15,17,16,12,18","5","5","1","3","2",NA,NA,"I have strong decision making ability. 

",NA,"5","5","5","5","5","5","2","2",1,0,"61","58","85","58","59","71","5","1","4","27","2004",1
"1018",1018,"3","2",3,"9","55","13","4","3","1","4","1","5","5","5","2","5","5","5","3","5","2","4","4","4","4","5","5","5","5,7,6,19,4","5","4","1",NA,NA,NA,NA,"nothing",NA,"5","5","5","5","5","5","5","4",1,1,"90","45","62","71","50","83","5","1","2","9","2010",1
"1019",1019,"3","1",1,"27","35","17","5","1","1,2,3","1",NA,"4","2","2","2","5","4","4","1","3","3","1","2","4","1","5","4","1","15,16,17,18,12","4","4","1","2","3",NA,NA,"Jitne ke liye",NA,"5","4","4","2","3","4","2","1",1,0,"96","86","90","91","93","100","5","1","4","24","2007",1
"1020",1020,"3","1",3,"27","35","16","5","6","1,2","3","2","5","2","2","2","2","2","2","2","2","1","1","1","1","2","4","5","5","4,12,8,7,19","5","5","1","2","3",NA,NA,"Because I have good knowledge about my country and its history.",NA,"3","3","3","4","3","3","4","3",1,0,"85","90","95","70","50","50","5","0","4","27","2003",1
"1021",1021,"3","1",2,"27","45","16","5","6","1","3","2","8","2","2","2","2","2","2","2","2","3","3","1","2","4","4","1","1","2,14,19,8,7","5","5","1",NA,NA,NA,NA,"I will be able to work with group and get them chance to earn 3000 Rs.",NA,"5","5","5","5","5","5","2","3",1,1,"66","80","92","39","21","27","4","1","4","24","1990",1
"1022",1022,"3","1",2,"9","30","17","4","7","1","3","2","3","2","2","2","2","2","2","2","2","2","2","2","1","2","4","3","4","14,13,16,15,7","5","5","1","3","2",NA,NA,"Because I have the qualities of leadership and I want to represent my group. ",NA,"4","5","4","4","4","4","5","2",1,0,"57","67","91","42","39","55","4","1","4","9","2008",1
"1023",1023,"3","1",2,"5","39","16","5","1","1","4",NA,"8","1","2","1","1","2","1","1","2","4","4","4","4","3","1","5","4","15,4,19,6,12","4","5","1",NA,NA,NA,NA,"IT S VERY GRREAT AND COOL",NA,"4","4","5","5","5","4","5","4",1,0,"96","93","99","77","65","77","3","0","3","5","2000",1
"1024",1024,"3","2",1,"27","30","16","5","1","1","4","2","1","2","2","4","2","2","1","2","1","3","4","2","3","4","5","3","4","6,7,5,10,11","5","5","1",NA,NA,"2","3","Because it is very good",NA,"4","3","4","4","4","3","5","4",1,0,"44","43","35","30","48","46","5","1","3","27","2008",1
"1025",1025,"3","2",1,"9","55","13","4","3","1","4","1","5","5","5","3","5","4","5","3","4","2","4","4","4","4","5","4","5","5,8,10,18,17","5","4","1",NA,NA,NA,NA,"Nothing says",NA,"4","4","5","5","5","4","5","4",1,1,"42","13","64","82","39","58","5","0","3","9","2010",1
"1026",1026,"3","1",2,"9","25","17","4","7","1","3",NA,"7","3","4","3","3","3","4","3","3","3","4","2","3","4","4","5","5","13,14,12,4,17","5","5","1",NA,NA,NA,NA,"Because I think I can lead my group.",NA,"5","4","4","5","4","4","4","3",1,1,"66","71","71","80","82","74","3","1","4","9","2015",1
"1027",1027,"3","1",3,"24","21","16","3","2","1","3","2","2","4","4","1","1","4","4","1","4","4","4","3","4","4","5","5","5","4,15,10,11,5","5","5","1",NA,NA,NA,NA,"Because culture is represented to other countries.",NA,"5","5","5","5","5","5","4","4",1,0,"70","100","100","100","60","80","5","1","4","24","2017",1
"1028",1028,"2","2",3,"27","27","15","4","1","1","4",NA,"7","1","2","2","1","2","1","2","1","4","4","3","4","4","4","4","5","7,3,11,5,13","5","4","1",NA,NA,NA,NA,"Culture Of Riligion",NA,"5","4","5","4","5","5","5","4",1,0,"79","74","84","88","87","74","4","0","3","27","2019",1
"1029",1029,"2","2",2,"27","46","16","5","6","2","4","1","2","2","1","1","1","1","1","2","2","2","4","4","3","3","4","4","4","15,7,10,16,18","4","4","1",NA,NA,"2","3","I want to express my openion with my partner or group participants.",NA,"4","5","5","4","4","4","2","3",1,1,"45","60","41","90","85","90","5","1","4","20","2005",1
"1030",1030,"2","2",1,"9","29","15","3","6","1","4",NA,"1","5","4","5","1","5","3","5","4","1","4","1","1","4","5","4","3","5,10,14,13,15","5","5","1",NA,NA,"3","2","I want to be a group representative because I'm highly educated. I'm an arts student, so I can answer sociology and geography questions easily i.e. why I chooses to be the representative of the group.",NA,"2","1","1","2","1","2","2","4",1,0,"28","33","8","99","100","100","5","1","3","9","2010",1
"1031",1031,"2","2",1,"27","27","15","4","1","1","4",NA,"7","1","2","2","1","2","2","1","2","4","4","4","4","3","4","5","4","7,5,15,19,11","4","5","1",NA,NA,NA,NA,"Group Equally",NA,"5","5","5","4","5","4","5","4",1,0,"67","77","91","83","71","86","5","1","2","27","2018",1
"1032",1032,"2","2",2,"27","19","13","5","6","1","3","2","4","5","1","3","1","2","1","2","2","3","4","2","3","4","5","5","5","13,19,15,16,10","5","5","1",NA,NA,NA,NA,"I am the smartest of all",NA,"4","3","4","2","4","4","3","3",1,0,"49","50","35","66","68","83","5","1","3","27","2020",1
"1033",1033,"3","2",2,"9","55","13","4","3","1","4","1","2","5","5","3","5","5","5","3","5","2","4","4","4","4","5","5","5","12,19,7,5,8","4","5","1",NA,NA,"3","2","Back in school",NA,"4","5","4","5","5","4","5","4",1,1,"54","31","75","52","66","33","5","1","2","9","2010",1
"1034",1034,"3","1",2,"24","34","16","5","6","2","4","2","5","5","1","1","5","3","1","1","4","4","1","4","4","4","5","5","5","13,19,4,8,12","5","5","1","2","3",NA,NA,"I am the most willing and the most competent amongst all of us.",NA,"4","5","5","5","5","4","5","4",1,1,"80","100","80","10","0","0","5","0","3","24","2007",1
"1035",1035,"2","2",1,"27","25","16","3","6","1","2",NA,"5","4","3","5","1","2","3","3","2","4","4","3","3","4","4","4","5","10,16,13,19,7","4","4","1",NA,NA,NA,NA,"I am a student and know how to handle groups by experience as in my college as well I am the leader of a social awareness platform in which I have gained experience on how to deal with the situation.",NA,"4","4","4","1","3","2","2","2",1,0,"61","30","94","78","28","26","4","0","2","27","2014",1
"1036",1036,"3","2",1,"27","26","16","5","6","2","2",NA,"10","2","2","2","2","2","3","2","2","3","3","3","3","4","2","4","5","15,1,13,7,10","3","4","3",NA,NA,NA,NA,"Not sure","Don't want to decide for others","4","3","3","4","3","3","2","2",1,0,"50","50","51","51","49","52","5","0","4","27","2010",1
"1037",1037,"3","2",1,"27","30","16","5","1","1","4","1","1","1","2","3","2","2","2","2","5","3","4","3","4","4","5","4","4","5,14,18,3,17","4","5","1",NA,NA,"1","2","Because it is very likely to me",NA,"3","5","5","5","4","4","4","3",1,0,"68","48","51","46","50","39","5","0","3","27","2008",1
"1038",1038,"3","2",2,"27","33","17","5","1","2","3",NA,"9","1","2","1","2","1","1","1","2","3","4","3","3","3","3","5","4","2,5,10,12,4","4","5","1",NA,NA,NA,NA,"To justice fairly and do the right thing",NA,"5","5","5","5","5","5","2","3",1,0,"93","87","88","84","72","60","5","1","4","27","2012",1
"1039",1039,"3","2",3,"27","45","16","5","1","2","4","2","1","5","5","4","1","3","5","2","4","2","4","3","4","3","5","5","4","8,19,5,10,15","4","5","1",NA,NA,"3","2","Because I was best society ",NA,"5","5","4","4","4","5","5","4",1,0,"70","90","92","99","83","95","4","1","2","10","2003",1
"1040",1040,"2","2",1,"27","19","13","5","6","1","4","2","6","5","1","1","1","1","1","2","2","2","2","2","2","4","5","5","5","15,7,13,16,19","5","5","1",NA,NA,NA,NA,"I can be a good leader",NA,"5","4","4","1","4","4","4","3",1,0,"64","52","69","53","64","80","5","1","4","27","2019",1
"1041",1041,"2","2",3,"27","34","17","5","6","2","4","1","9","1","1","1","1","1","1","2","1","1","2","2","1","2","5","5","5","7,10,5,11,9","5","5","1",NA,NA,NA,NA,"Because I can handle the situation very well",NA,"5","5","5","5","5","5","5","4",1,0,"69","83","91","86","91","86","1","0","3","27","2006",1
"1042",1042,"2","2",2,"9","26","16","1","6","1","3","4","9","4","2","3","3","3","3","2","4","1","4","2","1","4","4","1","4","15,16,18,19,5","4","4","1",NA,NA,NA,NA,"मै खुद को इस काबिल समझता हूं",NA,"2","2","3","2","2","2","4","3",1,0,"55","85","74","62","86","75","4","1","4","9","2013",1
"1043",1043,"3","2",2,"9","55","13","4","3","1","4","1","6","5","5","2","5","5","5","3","5","2","4","4","4","4","5","5","5","17,5,18,13,4","5","5","1",NA,NA,NA,NA,"back to school",NA,"5","5","5","5","5","4","5","4",1,1,"36","59","18","61","35","85","5","1","2","9","2010",1
"1044",1044,"3","2",1,"27","30","16","5","1","1","4","1","7","5","4","4","5","4","3","4","4","4","3","3","3","4","5","3","4","7,4,12,14,8","5","4","1",NA,NA,NA,NA,"Very good",NA,"2","3","4","4","4","5","3","2",1,0,"48","47","50","50","49","49","5","1","3","27","2008",1
"1045",1045,"3","2",3,"27","30","16","5","1","1","4","1","7","5","4","5","5","4","5","4","4","4","3","3","4","4","5","5","5","11,10,4,19,6","4","4","1",NA,NA,NA,NA,"The school",NA,"4","5","5","3","4","4","5","4",1,0,"31","32","41","46","52","53","5","1","2","27","2008",1
"1046",1046,"3","2",1,"27","30","16","5","1","1","4","1","7","4","4","4","5","5","5","4","4","3","4","4","4","4","4","5","4","13,4,15,6,5","4","5","1",NA,NA,NA,NA,"Grouping",NA,"5","5","4","5","4","5","4","4",1,0,"84","83","88","75","84","81","5","1","3","27","2008",1
"1047",1047,"3","2",2,"27","30","16","5","1","1","4","1","2","4","5","5","5","5","5","4","5","4","3","4","3","3","5","4","5","5,14,15,12,7","4","5","1",NA,NA,"3","2","Because it is very good",NA,"5","5","5","5","5","4","5","4",1,0,"41","59","59","54","67","44","5","0","2","27","2008",1
"1048",1048,"3","2",3,"27","30","16","5","1","1","4","1","2","4","5","5","5","4","4","4","5","4","3","4","4","3","5","4","5","4,10,2,13,11","5","4","1",NA,NA,"3","2","The good news sensetive",NA,"4","5","4","5","4","4","4","4",1,0,"68","87","80","91","80","82","5","0","2","27","2008",1
"1049",1049,"3","2",1,"27","30","16","5","1","1","4","1","5","4","4","5","5","5","4","5","4","3","4","4","3","2","5","3","4","11,4,7,8,18","4","5","1",NA,NA,NA,NA,"Because it is very likely to me",NA,"5","4","4","5","4","5","4","4",1,0,"37","54","48","52","57","41","5","1","2","27","2008",1
"1050",1050,"3","1",2,"24","25","16","1","6","2","2",NA,"10","3","2","2","2","2","2","2","2","2","3","3","3","3","3","5","5","8,13,15,18,7","3","5","1",NA,NA,NA,NA,"i want choose the subject",NA,"4","4","4","2","3","3","4","2",0,0,"76","69","89","62","77","75","4","1","4","24","2013",1
"1051",1051,"3","2",3,"27","30","16","5","1","1","4","1","3","4","4","5","4","4","5","4","5","3","4","3","4","4","5","5","5","10,5,7,18,1","4","4","1",NA,NA,NA,NA,"Very good",NA,"3","4","4","5","4","5","3","4",1,0,"66","68","59","56","60","62","5","1","2","27","2007",1
"1052",1052,"2","2",1,"27","42","15","5","3","1","4","2","7","2","2","5","1","5","3","1","4","4","3","3","2","4","5","5","4","1,5,13,10,18","5","4","2",NA,NA,NA,NA,"Very much for your time with your not","So much good day l my mom and dad said he had his","4","5","3","4","5","5","3","4",1,0,"100","91","100","97","84","94","5","0","3","27","1978",1
"1053",1053,"3","2",1,"9","55","13","4","3","1","4","1","5","5","5","2","5","5","5","2","5","3","4","4","3","4","5","5","5","18,3,2,5,13","4","5","1",NA,NA,NA,NA,"back to school",NA,"4","5","4","5","5","4","4","4",1,1,"43","71","17","21","41","63","5","0","4","9","2010",1
"1054",1054,"3","1",3,"24","41","16","4","7","1","3",NA,"3","3","3","1","5","4","4","3","3","4","1","1","1","4","3","5","5","4,12,7,18,15","5","5","1","2","3",NA,NA,"I want to lead.",NA,"4","4","5","5","5","4","5","4",1,0,"77","79","72","88","78","91","5","1","3","24","1996",1
"1055",1055,"2","2",2,"27","23","16","5","6","1","3","2","3","2","4","2","2","2","4","2","2","2","2","1","1","1","5","5","5","10,1,11,18,12","5","5","1",NA,NA,NA,NA,"Group representative because of the knowledge and the education system and the geographical knowledge",NA,"5","5","5","5","5","5","4","3",1,0,"88","93","94","96","95","92","5","1","2","27","2012",1
"1056",1056,"3","1",2,"24","34","13","4","6","2","4","2","3","2","3","5","4","4","4","3","1","3","2","2","4","3","5","5","5","4,7,1,5,10","5","5","1","2","3",NA,NA,"Very good ",NA,"5","5","5","5","5","5","5","4",1,0,"100","90","92","74","91","96","5","1","4","24","2006",1
"1057",1057,"3","1",1,"24","34","13","4","6","2","4","2","8","1","4","3","2","3","2","2","3","3","2","2","2","2","5","5","5","17,13,12,14,1","4","5","2",NA,NA,NA,NA,"Because I have a lot of knowledge and experience about that group","Because I have no experience with that group and I have no mind or desire in that group","5","5","4","4","5","4","5","4",1,0,"86","77","89","79","64","83","5","0","3","24","2006",1
"1058",1058,"2","2",3,"27","28","17","5","4","1","3","5","3","3","2","2","1","2","2","3","3","2","3","3","3","3","5","3","5","14,19,7,13,9","4","4","2",NA,NA,NA,NA,"I want to represent myself and share my experience with others.","It will be better if i give other person a chance to express themselves and share with us.","5","4","4","5","4","4","4","3",1,0,"77","86","86","69","79","84","4","0","4","27","2010",1
"1059",1059,"3","2",1,"24","39","17","1","3","2","4","6","3","2","1","5","1","4","3","5","1","4","1","2","2","1","5","5","5","5,10,11,13,14","5","4","1",NA,NA,NA,NA,"Very good",NA,"5","5","4","5","4","5","4","4",1,0,"61","91","40","50","93","37","3","1","4","24","1992",1
"1060",1060,"2","2",3,"5","30","14","4","6","1","3","5","9","3","1","1","1","2","1","2","2","3","4","2","3","4","2","1","1","5,16,18,15,10","4","5","1",NA,NA,NA,NA,"Because i am good leader",NA,"3","3","3","4","3","3","4","1",1,0,"88","66","73","95","76","81","4","0","3","9","2010",1
"1061",1061,"3","2",1,"5","25","16","4","6","2","3","2","1","4","3","4","1","4","5","3","3","3","4","4","4","3","5","5","5","5,15,8,2,6","5","5","1",NA,NA,"3","2","Yes i know about it",NA,"5","5","5","5","5","5","5","3",1,0,"78","69","41","100","96","92","5","1","4","5","2005",1
"1062",1062,"3","2",1,"27","45","16","4","3","2","4","2","7","4","5","5","4","5","4","4","5","4","3","3","4","4","5","5","4","16,5,11,8,15","4","5","1",NA,NA,NA,NA,"Group",NA,"5","4","5","4","5","5","4","4",1,0,"81","100","79","100","100","100","5","1","3","27","1995",1
"1063",1063,"2","2",1,"9","39","9","4","6",NA,"4","2","6","1","2","2","2","1","1","2","1","4","3","2","4","3","5","4","5","5,19,12,10,14","4","5","1",NA,NA,NA,NA,"Manega",NA,"4","4","5","5","5","4","5","4",1,0,"94","100","100","100","100","100","4","0","3",NA,NA,1
"1064",1064,"2","2",1,"5","42","17","4","3","1,2","4","2","2","4","4","4","5","4","5","5","5","3","4","3","4","4","5","4","5","15,12,5,16,4","5","4","1",NA,NA,"2","1","Yes I am very honest to group handle every time",NA,"4","4","5","4","5","4","5","4",1,0,"64","86","97","93","98","66","5","1","3","5","1978",1
"1065",1065,"3","2",2,"9","41","16","3","2","1","4","5","1","4","5","5","5","5","4","5","5","3","4","4","4","4","5","5","4","5,10,8,6,15","5","5","1",NA,NA,"3","1","H y a super power in my life is",NA,"4","5","5","5","5","5","4","4",1,0,"72","65","100","87","64","69","5","0","2","9","1991",1
"1066",1066,"3","1",3,"24","50","13","4","6","1,2,3","4","2","5","4","1","4","1","4","4","5","5","3","3","3","4","4","5","4","5","11,10,15,5,16","4","5","1","2","3",NA,NA,"This is trusted and belive",NA,"5","4","4","4","5","5","5","4",1,0,"89","82","72","89","45","75","5","1","2","24","1970",1
"1067",1067,"3","2",3,"27","32","16","5","1","1,2","4",NA,"3","3","3","1","4","4","3","2","2","4","3","1","3","2","2","5","4","13,14,12,1,10","5","4","1",NA,NA,NA,NA,"I like social worker",NA,"5","5","4","5","5","4","4","4",1,0,"81","82","62","86","77","76","5","0","2","5","2017",1
"1068",1068,"2","2",1,"5","25","16","3","3","1,2","4","1","8","1","1","2","1","1","1","4","1","1","3","1","3","3","5","4","4","5,4,19,9,16","4","4","2",NA,NA,NA,NA,"मुझे लगता है कि मुझे भूगोल में बहुत सारी जानकारी है इसलिए मैं समूह का प्रतिनिधि कर सकता हूं","मैं भूगोल की जानकारी रखता हूं लेकिन इतनी मात्रा में नहीं कि मैं किसी समूह प्रतिनिधि कर सकूं इसलिए मैं इस समय का प्रतिनिधि नहीं बना","5","4","5","5","5","4","5","3",1,0,"92","88","87","92","92","98","5","0","3","5","2011",1
"1069",1069,"2","2",3,"27","34","16","4","4","1","3","1","2","2","2","1","1","1","2","2","2","1","2","2","1","2","4","5","4","15,10,9,19,7","3","5","1",NA,NA,"3","1","I am very interested in sociology and I have confidence to complete the survey until last with right answers",NA,"4","3","5","5","4","3","4","3",1,0,"52","54","56","53","51","56","5","0","4","27","2006",1
"1070",1070,"2","2",1,"5","30","16","5","6","1","4","1","1","2","1","1","1","2","1","5","1","1","4","3","2","3","5","5","5","13,7,14,10,19","5","5","1",NA,NA,"3","2","I am a good decision maker everytime.",NA,"2","2","4","4","2","2","3","3",1,1,"44","50","30","55","50","90","5","1","4","5","2008",1
"1071",1071,"3","2",2,"5","25","16","4","6","2","3","2","7","3","3","4","1","3","3","4","3","3","4","3","4","4","5","5","5","5,11,10,18,2","5","5","1",NA,NA,NA,NA,"Yes i know the ball",NA,"5","5","5","5","5","5","5","4",1,0,"52","53","35","99","89","87","5","1","4","5","2005",1
"1072",1072,"3","2",2,"5","39","17","4","3","1","4","2","2","2","2","2","2","4","2","4","4","2","2","3","2","2","5","5","4","5,9,8,18,10","5","5","1",NA,NA,"3","2","In this group very related me",NA,"4","4","5","4","4","5","4","4",1,1,"77","43","79","55","56","82","5","1","4","5","2005",1
"1073",1073,"2","2",1,"5","35","16","4","6","1","4","4","2","1","2","2","1","3","4","2","1","3","2","1","2","4","4","5","4","3,5,14,4,7","5","4","1",NA,NA,"3","2","Because I am a good leader",NA,"4","4","1","4","5","5","5","3",1,0,"73","78","74","75","90","70","5","0","4","5","2003",1
"1074",1074,"2","2",2,"27","28","16","5","4","2","1",NA,"7","3","3","5","1","3","3","5","3","1","4","2","3","3","3","1","1","10,5,11,9,14","5","5","1",NA,NA,NA,NA,"I am capable to make good decisions.",NA,"4","3","3","3","3","3","3","1",1,0,"15","15","2","97","87","90","5","0","4","27","2014",1
"1075",1075,"2","2",2,"5","25","16","2","3","1,2","4","1","5","1","1","2","1","2","1","4","1","1","3","2","3","2","5","4","4","19,14,7,5,13","4","4","2",NA,NA,NA,NA,"मैं भूगोल का जानने वाला थोड़ा बहुत जानता हूं इसलिए मैं इस समूह का प्रतिनिधित्व करना चाहता हूं","मैं भूगोल में इतना भी अच्छा जानकारी नहीं रखता हूं इसलिए मैं समूह का प्रतिनिधित्व नहीं करना चाहता","4","5","4","5","4","4","5","3",1,0,"96","96","97","98","93","97","5","1","3","5","2012",1
"1076",1076,"2","2",1,"27","27","16","4","6","1","2",NA,"7","4","2","2","1","1","2","3","3","2","4","3","2","3","4","5","5","15,13,10,19,5","4","4","3",NA,NA,NA,NA,"I have good leading skills.","Sometimes I am not able to make informed decisions.","5","4","3","5","3","2","3","2",0,1,"62","80","57","76","60","67","4","0","4","27","2018",1
"1077",1077,"2","2",1,"5","41","17","5","3","4","4","12","1","1","2","4","1","1","3","3","2","2","1","2","2","3","5","5","3","18,13,16,7,9","5","5","1",NA,NA,"2","3","The group representative of the business management of operations at the business management",NA,"5","5","4","4","5","5","4","4",1,1,"91","81","92","76","97","88","4","1","3","5","2016",1
"1078",1078,"3","2",3,"27","30","16","5","1","1","4","1","1","5","5","4","5","5","5","5","4","4","3","4","3","4","5","4","5","19,18,7,11,6","5","5","1",NA,NA,"3","2","Very good",NA,"4","4","3","5","4","5","5","4",1,0,"54","45","50","55","76","48","5","0","2","27","2008",1
"1079",1079,"3","2",1,"27","30","16","5","1","1","4","1","6","5","5","4","5","5","4","5","4","1","4","3","4","3","5","5","5","17,9,18,15,14","4","5","2",NA,NA,NA,NA,"Very good","Very good","5","4","4","4","3","5","4","4",1,0,"74","80","56","65","78","78","5","0","2","27","2008",1
"1080",1080,"3","2",3,"5","18","13","5","1","1","4","2","6","1","3","3","1","3","4","1","4","2","4","2","4","4","5","5","5","8,11,5,7,18","5","5","1",NA,NA,NA,NA,"This is very good  all over ",NA,"5","5","4","5","5","5","5","4",1,0,"93","69","82","86","60","88","4","0","2","5","2014",1
"1081",1081,"3","2",2,"5","25","16","4","6","1","3","1","1","3","2","2","1","2","3","4","2","2","3","2","3","4","4","4","4","1,10,12,8,15","5","5","1",NA,NA,"3","2","I want to be representative of group because i will be fair in my decision of selecting right candidate.",NA,"3","3","4","4","4","3","4","2",1,0,"49","49","49","49","51","50","5","0","4","1","2016",1
"1082",1082,"3","2",1,"5","30","13","4","3","2","4",NA,"10","4","4","4","1","4","4","4","4","2","4","2","2","4","5","5","5","17,11,10,12,7","5","5","2",NA,NA,NA,NA,"I am the best leader ever","I am super excited to lead the group","5","5","5","5","4","4","5","4",1,0,"89","100","94","99","96","95","5","1","4","5","2015",1
"1083",1083,"3","2",3,"5","42","16","4","1","1","3","5","4","3","3","1","3","2","1","1","1","1","1","1","1","1","5","5","5","5,11,13,10,12","5","5","1",NA,NA,NA,NA,"I described myself in group representative is the very interested make me I best describe ",NA,"4","4","5","5","5","4","5","4",1,0,"72","74","63","79","81","81","4","1","4","5","2010",1
"1084",1084,"3","2",2,"5","30","13","1","4","2","4",NA,"9","4","2","5","1","4","5","4","5","4","3","1","4","3","5","2","1","5,11,9,10,8","2","1","1",NA,NA,NA,NA,"This is good",NA,"4","5","5","4","4","5","5","4",1,0,"51","87","63","88","100","70","5","0","3","5","2015",1
"1085",1085,"3","2",1,"5","30","13","5","1","2","4","3","4","1","2","2","1","5","2","1","1","3","3","4","4","2","5","5","4","14,5,9,15,11","5","4","1",NA,NA,NA,NA,"I like this",NA,"4","4","5","5","4","5","5","4",1,0,"95","100","100","100","100","100","5","1","3","11","1950",1
"1086",1086,"2","2",1,"27","42","15","5","6","1","4","2","4","1","2","1","2","3","2","3","1","3","2","4","2","3","5","5","5","13,14,8,16,5","5","4","1",NA,NA,NA,NA,"This is best thing ",NA,"4","5","5","5","5","5","5","4",1,0,"78","74","94","95","92","85","5","1","4","27","1978",1
"1087",1087,"3","2",3,"5","30","13","4","3","2","4",NA,"6","5","5","5","1","5","5","5","5","2","4","2","2","4","5","5","4","1,17,3,11,9","4","5","1",NA,NA,NA,NA,"This is a very good job on the",NA,"5","4","5","5","5","4","4","4",1,0,"73","22","44","30","40","25","5","0","3","5","2015",1
"1088",1088,"2","2",2,"9","28","16","3","6","1","4","1","1","3","2","1","1","3","2","2","2","4","4","4","4","3","5","5","4","12,6,15,2,10","4","4","1",NA,NA,"3","2","Make discussion to group decided",NA,"5","3","5","5","5","5","5","4",1,0,"90","88","93","75","93","90","5","0","1","9","2010",1
"1089",1089,"3","2",3,"5","40","16","4","1","1","3","5","2","2","1","1","1","3","1","2","1","1","1","1","1","1","5","5","5","9,8,5,11,2","5","5","1",NA,NA,"3","2","I described myself it is a good performance and other people thinking difirent people are so many ",NA,"5","5","5","5","5","5","5","4",1,0,"87","88","81","84","77","79","5","1","4","5","2010",1
"1090",1090,"3","2",3,"5","30","13","4","3","2","4",NA,"2","4","4","4","1","4","4","4","4","2","4","2","2","4","5","5","5","11,8,6,18,5","5","5","1",NA,NA,"3","2","I am the best group leader",NA,"5","5","5","5","3","4","5","4",1,0,"90","100","100","96","94","100","5","0","4","5","2015",1
"1091",1091,"3","2",3,"5","30","13","5","1","2","4","2","3","4","2","1","3","4","5","2","3","3","2","3","2","4","5","5","4","13,3,9,10,19","3","5","1",NA,NA,NA,NA,"Very good",NA,"5","4","4","4","3","3","5","4",1,0,"100","88","40","100","100","100","5","0","2","11","1950",1
"1092",1092,"3","2",1,"5","30","13","4","3","2","4",NA,"9","4","4","4","1","4","4","4","4","2","4","2","2","4","5","5","5","13,6,10,2,5","5","5","1",NA,NA,NA,NA,"This is the best",NA,"5","4","5","5","5","5","5","4",1,0,"97","99","96","97","95","95","5","1","3","5","2015",1
"1093",1093,"3","2",1,"5","39","17","4","3","1","4","2","3","2","4","4","3","3","2","4","1","2","2","3","2","2","5","5","5","10,5,9,13,18","5","5","3",NA,NA,NA,NA,"This group is very strong","Nothing it's group very interesting","5","4","5","5","5","4","5","4",1,0,"84","71","77","92","87","92","5","0","3","5","2005",1
"1094",1094,"3","1",2,"24","50","13","4","6","1,2,3","4","2","10","4","5","4","1","2","2","1","5","3","4","3","4","4","5","5","5","8,19,11,3,6","5","5","1",NA,NA,NA,NA,"Group representative is most important topic",NA,"5","5","5","5","4","4","5","4",1,0,"100","100","100","100","100","100","5","0","2","24","1970",1
"1095",1095,"3","1",1,"24","50","13","4","6","1,2,3","4","2","6","4","5","4","1","2","2","1","5","3","4","3","4","4","5","5","5","15,13,16,11,5","5","5","1","1","2",NA,NA,"I am innocent",NA,"4","5","5","5","5","5","5","4",1,0,"93","85","95","93","100","94","5","0","4","24","1970",1
"1096",1096,"3","1",1,"24","50","13","4","6","1,2,3","4","2","7","4","5","4","1","2","2","1","5","3","4","3","4","4","5","5","5","11,16,15,5,4","4","5","1",NA,NA,NA,NA,"This is trusted",NA,"5","5","4","5","5","4","5","4",1,0,"47","89","71","89","43","68","5","1","4","24","1970",1
"1097",1097,"3","2",3,"5","30","13","4","3","2","4",NA,"8","5","5","5","1","5","5","5","5","2","4","2","2","4","5","5","4","14,6,16,8,17","4","5","1",NA,NA,NA,NA,"This is a very busy time",NA,"4","5","5","5","5","4","4","4",1,0,"47","68","32","73","50","33","5","0","3","5","2015",1
"1098",1098,"2","2",2,"5","27","17","5","6","1","3",NA,"7","1","1","2","1","3","1","3","3","1","4","2","3","3","4","4","1","14,5,15,11,10","1","1","1",NA,NA,NA,NA,"Group represent something about a particular purpose or subject out there.Therefore would like to be a part of a group representative",NA,"4","5","3","4","4","4","2","3",1,1,"65","39","6","53","69","88","4","0","3","5","2015",1
"1099",1099,"3","1",3,"24","50","13","4","6","1,2,3","4","2","2","4","5","4","1","2","2","1","5","3","4","3","4","4","5","1","1","14,18,10,7,13","1","2","2",NA,NA,NA,NA,"Good","Good","2","1","2","5","1","1","2","4",1,0,"51","22","59","48","73","61","5","0","2","24","1970",1
"1100",1100,"3","2",2,"5","32","9","1","1",NA,"4","1","6","4","4","5","5","5","4","5","4","3","3","4","4","4","5","4","5","5,17,19,4,9","5","5","2",NA,NA,NA,NA,"That's better than the other questions","Best","4","3","5","5","5","5","4","4",1,0,"100","50","79","99","55","70","5","1","3",NA,NA,1
"1101",1101,"2","2",2,"9","21","16","2","2","2","1",NA,"7","5","1","3","1","3","2","3","3","1","4","4","4","4","2","4","4","18,16,10,15,5","4","4","1",NA,NA,NA,NA,"यूं ही।",NA,"1","2","3","2","1","4","4","1",0,0,"2","2","2","70","55","70","4","1","4","9","2017",1
"1102",1102,"3","2",1,"5","32","9","1","1",NA,"4","1","2","5","5","4","4","4","5","4","5","3","3","4","4","4","5","5","4","1,5,9,8,11","5","4","1",NA,NA,"3","2","It's very good for the people ",NA,"5","4","4","4","5","5","5","4",1,0,"100","100","100","100","100","100","5","0","3",NA,NA,1
"1103",1103,"3","2",1,"5","39","17","4","3","1","4","2","3","2","3","4","4","2","2","4","1","2","2","3","2","2","5","5","5","5,10,15,1,14","5","5","2",NA,NA,NA,NA,"It's group very comfortable","Nothing this group very relatively","5","4","5","4","4","5","5","4",1,0,"60","93","91","76","91","97","5","0","4","5","2005",1
"1104",1104,"3","1",1,"24","50","13","4","6","1,2,3","4","2","6","4","5","4","1","2","2","1","5","3","4","3","4","4","5","5","5","4,19,10,18,7","5","4","1","2","3",NA,NA,"Group representative is most important topic",NA,"5","5","5","4","5","4","4","4",1,0,"66","29","46","61","28","42","5","0","3","24","1970",1
"1105",1105,"2","2",1,"5","19","16","4","3","1","3","2","9","2","2","1","1","1","2","1","4","4","4","4","4","4","3","4","4","5,6,15,16,4","3","3","1",NA,NA,NA,NA,"Because I deserve ",NA,"4","4","4","4","4","4","4","3",0,0,"80","50","80","50","80","80","1","0","3","5","2019",1
"1106",1106,"3","2",2,"5","30","13","5","1","2","4","2","6","2","4","3","5","2","1","4","3","3","2","3","2","4","5","4","5","15,2,9,5,1","4","5","1",NA,NA,NA,NA,"Very good",NA,"5","4","5","4","4","5","4","4",1,0,"100","100","100","100","100","100","5","0","2","11","1950",1
"1107",1107,"3","1",2,"24","50","13","4","6","1,2,3","4","2","8","1","1","1","1","1","1","1","1","4","4","4","4","4","5","5","4","8,4,5,7,9","5","5","1",NA,NA,NA,NA,"Because the unity in the group is not said.",NA,"5","4","5","4","5","4","5","4",1,0,"56","78","63","61","65","50","4","1","2","24","1970",1
"1108",1108,"3","2",3,"5","30","13","4","3","2","4",NA,"3","5","5","5","1","5","5","5","5","2","4","2","2","4","5","4","5","5,7,14,18,3","5","4","1",NA,NA,NA,NA,"Thanks for the",NA,"5","4","4","5","5","5","5","4",1,0,"47","34","59","30","20","73","5","0","3","5","2015",1
"1109",1109,"3","1",1,"24","50","13","4","6","1,2,3","4","2","1","4","5","1","2","2","2","1","1","3","4","3","4","4","5","5","5","4,6,12,8,15","5","5","1",NA,NA,NA,NA,"I want to be a group representative because I want to guide my work in a right direction and support to them when required",NA,"5","4","3","4","4","2","5","4",1,0,"54","50","46","52","50","69","5","0","3","24","1970",1
"1110",1110,"3","1",2,"24","52","13","4","6","1,2,3","4","2","8","5","2","4","5","2","5","1","2","4","4","3","4","4","5","5","4","10,2,5,1,16","5","5","1",NA,NA,NA,NA,"Micro best person added",NA,"5","5","4","5","4","5","5","4",1,0,"80","79","68","100","75","93","4","0","2","24","1972",1
"1111",1111,"3","1",3,"24","50","13","4","6","1,2,3","4","2","10","4","5","4","1","2","2","1","5","3","4","3","4","4","5","4","5","16,15,11,5,4","4","5","1",NA,NA,NA,NA,"Safe",NA,"5","4","5","4","5","5","5","4",1,0,"88","69","64","88","72","58","5","1","2","24","1970",1
"1112",1112,"3","2",3,"5","39","17","4","3","1","4","2","5","2","1","2","2","2","2","1","1","4","1","2","3","3","5","4","5","15,18,14,6,4","5","4","1",NA,NA,NA,NA,"It's really good",NA,"4","5","5","4","4","4","5","4",1,0,"59","46","89","41","95","66","5","0","3","5","2005",1
"1113",1113,"3","1",2,"24","50","13","4","6","1,2,3","4","2","10","1","2","2","5","1","5","1","4","4","4","4","4","4","5","4","5","13,17,15,10,5","4","5","1",NA,NA,NA,NA,"Great",NA,"5","5","5","5","5","5","4","4",1,0,"50","89","76","100","77","99","5","0","2","24","1970",1
"1114",1114,"3","2",3,"27","45","16","4","3","2","4","2","7","5","4","5","4","5","4","4","5","4","4","4","3","3","5","5","4","18,8,17,2,5","5","4","1",NA,NA,NA,NA,"Group",NA,"5","5","4","5","5","4","4","4",1,0,"100","100","100","100","100","100","5","1","2","27","1995",1
"1115",1115,"3","1",2,"24","50","13","4","6","1,2,3","4","2","4","4","4","4","5","2","2","5","5","2","4","4","4","4","5","1","1","15,3,10,4,5","5","5","1","3","1",NA,NA,"It is a good idea to",NA,"5","5","5","5","5","5","5","4",1,0,"100","100","100","100","100","100","5","1","2","24","1970",1
"1116",1116,"3","1",2,"24","50","13","4","6","1,2,3","4","2","9","4","5","4","1","2","1","5","5","3","4","3","4","4","5","5","4","2,5,16,8,4","5","4","1",NA,NA,NA,NA,"Akbar",NA,"5","5","5","4","5","4","4","4",1,0,"30","50","20","20","20","60","5","0","2","24","1970",1
"1117",1117,"3","1",1,"24","50","13","4","6","1,2,3","4","2","10","4","5","4","1","2","2","1","5","3","4","3","4","4","5","5","5","5,11,4,18,15","5","5","1",NA,NA,NA,NA,"Excellent",NA,"5","5","5","5","5","5","5","4",1,0,"82","61","98","87","91","82","5","0","3","24","1970",1
"1118",1118,"2","2",3,"9","42","9","4","1",NA,"4","1","10","4","5","5","4","5","5","5","5","4","3","4","4","3","5","5","5","19,14,13,9,7","5","4","1",NA,NA,NA,NA,"Because of leadership",NA,"5","5","5","5","4","4","4","4",1,0,"65","94","79","88","96","61","5","0","2",NA,NA,1
"1119",1119,"3","1",3,"24","50","13","4","6","1,2,3","4","2","5","4","1","4","1","2","4","1","1","3","4","3","4","4","5","4","5","7,5,12,4,15","5","5","1","2","1",NA,NA,"This is the very good p.g college my group is the very best i like it ",NA,"4","5","5","5","4","4","5","4",1,0,"97","92","95","89","94","91","5","1","2","24","1970",1
"1120",1120,"3","2",3,"5","32","9","1","1",NA,"4","1","5","4","5","5","4","5","5","4","5","3","4","3","4","4","5","4","5","19,7,13,17,14","4","4","1",NA,NA,NA,NA,"Leadership quality",NA,"5","5","4","5","4","5","5","4",1,0,"84","95","70","67","93","79","5","0","2",NA,NA,1
"1121",1121,"3","1",2,"24","40","13","4","6","1,2,3","4","2","8","1","1","1","1","1","1","1","1","4","4","4","4","4","5","4","4","1,4,8,16,15","5","5","1",NA,NA,NA,NA,"Because I llike leadership and help poor people


",NA,"5","5","5","5","5","5","5","4",1,0,"80","78","91","77","88","57","5","0","4","24","1970",1
"1122",1122,"3","1",1,"24","50","13","4","6","1,2,3","4","2","8","1","1","1","1","1","1","1","1","4","4","4","4","4","5","5","5","8,12,15,4,5","5","5","1",NA,NA,NA,NA,"It is a sicilogy and I am very good read that",NA,"5","5","5","5","5","5","5","4",1,0,"40","33","62","33","59","77","5","0","4","24","1970",1
"1123",1123,"3","2",3,"5","30","13","5","1","2","4","2","6","4","2","1","3","4","5","2","3","3","2","3","2","4","5","4","5","15,7,10,6,1","4","5","1",NA,NA,NA,NA,"Very advanced",NA,"4","4","5","5","5","5","4","4",1,0,"100","100","100","100","100","100","5","1","2","11","1950",1
"1124",1124,"3","1",2,"24","50","16","4","6","2","4","2","8","1","1","2","2","1","2","2","1","3","4","4","3","4","4","5","4","14,11,1,17,4","5","5","1",NA,NA,NA,NA,"Hindustan and I have a look at my office and will get",NA,"4","4","5","5","4","4","4","4",1,0,"93","86","75","70","83","70","4","0","2","24","1990",1
"1125",1125,"3","1",1,"24","50","13","4","6","1,2,3","4","2","10","4","4","4","5","4","5","5","5","4","3","4","3","4","5","4","5","4,15,16,8,5","5","4","1",NA,NA,NA,NA,"Yes I am Very interested for group handle and I am very happy at this time",NA,"4","5","5","5","4","4","5","4",1,0,"86","98","94","99","82","98","5","1","3","24","1970",1
"1126",1126,"3","1",1,"24","50","13","4","6","1,2,3","4","2","9","5","4","4","5","4","5","4","5","4","3","4","4","3","5","4","5","5,15,18,4,16","4","5","1",NA,NA,NA,NA,"Yes I am very honest for group handle and I am very interested leadership",NA,"5","4","5","4","5","5","4","4",1,0,"100","100","85","84","100","100","5","0","3","24","1970",1
"1127",1127,"3","1",3,"24","50","13","4","6","1,2,3","4","2","2","4","5","4","1","2","2","1","5","3","4","3","4","4","5","5","5","1,16,15,12,5","5","4","1",NA,NA,NA,NA,"Excellent",NA,"5","5","5","5","5","5","5","4",1,0,"86","81","85","77","86","77","5","1","2","24","1970",1
"1128",1128,"3","2",2,"5","39","17","4","3","1","4","2","3","2","5","5","2","3","3","1","3","3","4","3","2","3","4","5","4","15,16,13,11,10","5","4","2",NA,NA,NA,NA,"Because i like to being it to inform my group members","Nothing","5","5","4","5","4","4","4","4",1,0,"75","83","58","78","37","48","5","1","3","5","2005",1
"1129",1129,"3","2",1,"5","39","17","4","3","1","4","2","5","2","1","1","1","1","1","1","2","4","3","4","4","4","5","4","5","11,2,19,16,13","5","4","2",NA,NA,NA,NA,"I read past story","I am not interested.","5","4","5","4","4","5","5","4",1,0,"54","28","50","40","70","37","5","0","3","5","2005",1
"1130",1130,"3","2",1,"5","32","9","1","1",NA,"4","1","2","5","4","5","5","5","4","5","4","3","4","4","3","4","5","4","5","18,12,4,2,11","4","5","2",NA,NA,"1","3","Its very good ","Good ","4","5","4","4","4","5","5","4",1,0,"89","92","90","84","82","82","4","0","3",NA,NA,1
"1131",1131,"3","2",1,"24","50","13","4","6","1,2,3","4","2","4","4","2","4","2","2","4","4","2","4","3","2","4","3","5","5","5","15,9,5,16,6","5","5","1",NA,NA,NA,NA,"No comment",NA,"5","5","5","5","5","5","5","4",1,0,"100","100","100","100","100","100","5","0","3","24","1970",1
"1132",1132,"3","2",3,"5","39","17","4","3","1","4","2","9","4","4","5","5","5","2","4","3","3","4","4","3","4","5","5","5","16,5,10,4,13","5","5","1",NA,NA,NA,NA,"All good ",NA,"3","5","4","5","5","5","5","4",1,0,"37","86","59","47","22","81","5","1","3","5","2005",1
"1133",1133,"3","1",3,"24","50","13","4","6","1,2,3","4","2","5","1","1","2","2","2","1","2","1","2","3","3","4","2","5","5","4","15,10,4,5,11","4","5","1","2","3",NA,NA,"Information technology",NA,"5","5","4","4","5","5","5","4",1,0,"100","100","100","100","100","100","5","1","2","24","1970",1
"1134",1134,"3","2",1,"5","32","9","1","1",NA,"4","6","2","5","4","5","5","5","4","4","5","4","3","4","4","3","5","5","5","10,16,5,2,15","5","5","1",NA,NA,"3","2","It's very good",NA,"5","5","4","5","4","5","4","4",1,0,"95","100","93","96","96","93","5","0","3",NA,NA,1
"1135",1135,"3","2",1,"24","50","16","4","6","1","4","2","10","1","1","1","1","2","3","2","2","4","3","4","4","3","5","4","5","5,11,8,15,12","5","4","1",NA,NA,NA,NA,"Awesome",NA,"5","5","5","5","5","5","4","4",1,0,"83","95","82","93","98","100","5","1","3","24","1999",1
"1136",1136,"3","2",1,"5","32","9","1","1",NA,"4","1","5","4","4","5","5","5","4","4","5","3","3","4","3","4","5","5","1","15,16,5,18,4","4","5","1",NA,NA,NA,NA,"Very much for the second half of the second half of the season",NA,"3","5","4","4","4","5","4","4",1,0,"100","100","100","100","100","100","5","1","3",NA,NA,1
"1137",1137,"3","1",2,"24","50","13","4","6","1,2,3","4","2","10","4","5","4","1","2","2","1","5","3","4","3","4","4","5","4","5","3,19,13,14,11","4","5","1",NA,NA,NA,NA,"Group representative is most important topic",NA,"5","4","5","5","4","5","4","4",1,0,"52","26","71","47","22","76","5","0","2","24","1970",1
"1138",1138,"3","2",1,"5","32","9","1","1",NA,"4","1","9","5","4","5","4","4","4","5","5","3","4","4","3","4","5","4","5","16,12,17,9,18","5","4","1",NA,NA,NA,NA,"i have a powerful group of luck for the online world",NA,"5","4","5","5","4","5","4","4",1,0,"42","64","60","78","100","93","5","0","3",NA,NA,1
"1139",1139,"3","1",2,"24","50","13","4","6","1,2,3","4","2","1","1","1","1","1","1","1","1","1","4","4","4","4","4","5","5","5","4,15,5,8,13","4","5","1",NA,NA,NA,NA,"I like is group growth ",NA,"5","5","4","5","4","5","5","4",1,0,"71","83","70","87","80","88","4","1","3","24","1970",1
"1140",1140,"3","1",2,"24","50","16","4","6","1","4","2","4","2","1","4","2","2","4","4","2","3","3","3","3","3","5","5","4","11,3,19,5,6","5","4","1","1","2",NA,NA,"B sar par aa raha hai ki aap ki Adalat",NA,"5","5","5","4","5","5","5","3",1,0,"100","100","91","88","99","91","5","0","2","24","2005",1
"1141",1141,"3","2",3,"5","39","17","4","3","1","4","2","8","1","2","2","1","2","1","2","1","3","4","3","3","4","5","4","5","1,12,9,11,3","4","5","2",NA,NA,NA,NA,"Unity","Better for other","4","5","4","5","5","4","5","4",1,0,"70","62","75","70","77","76","5","1","2","5","2005",1
"1142",1142,"3","1",2,"24","50","13","4","6","1,2,3","4","2","7","2","2","1","1","1","1","1","1","1","1","1","2","1","1","1","1","1,6,4,16,15","5","1","1",NA,NA,NA,NA,"Anyone ",NA,"5","5","4","4","4","4","5","3",1,0,"62","22","18","23","21","23","5","0","2","24","1979",1
"1143",1143,"3","2",2,"5","39","15","5","1","1,2","4","2","2","2","1","2","2","1","1","1","2","2","2","1","1","1","5","4","5","15,16,12,11,5","5","4","1",NA,NA,"3","2","This is my favorite information is the mostly popular ",NA,"5","5","5","4","4","5","4","4",1,0,"100","88","100","100","92","100","4","1","4","5","2002",1
"1144",1144,"3","1",2,"24","50","17","4","6","1","4","2","4","1","1","1","1","1","1","1","1","4","4","4","3","3","5","5","5","4,11,12,16,15","5","5","1","2","3",NA,NA,"Because I am a talented",NA,"5","5","4","5","5","4","5","4",1,0,"87","74","62","68","82","96","5","0","2","5","2005",1
"1145",1145,"3","2",3,"9","22","17","4","1","1","4","2","3","1","2","1","1","1","3","5","5","1","1","1","1","1","5","5","5","6,7,15,16,13","5","5","1",NA,NA,NA,NA,"I want to create a perfect group that help me",NA,"5","5","5","5","5","4","5","4",1,0,"74","91","50","82","65","80","5","1","4","9","2019",1
"1146",1146,"3","2",3,"9","41","16","3","2","1","4","5","10","4","5","5","5","5","5","4","4","3","3","4","3","4","5","5","1","4,10,15,11,5","1","5","1",NA,NA,NA,NA,"J dilla the end of this",NA,"4","5","5","5","5","4","5","4",1,0,"100","95","88","85","88","79","5","0","2","9","1999",1
"1147",1147,"3","2",3,"5","39","15","5","1","1,2","4","2","6","1","2","2","2","1","2","1","1","2","1","1","2","2","5","5","4","15,5,11,16,12","5","4","1",NA,NA,NA,NA,"It's very good and very likely my favourite is the mostly popular",NA,"5","5","4","4","4","4","4","4",1,0,"96","100","100","100","100","95","4","1","3","5","2002",1
"1148",1148,"3","2",3,"5","39","17","4","3","1","4","2","5","2","1","1","2","2","4","4","2","3","3","4","3","3","5","5","5","1,18,7,15,10","5","5","2",NA,NA,NA,NA,"It's really good","For me it's good","4","5","5","5","5","5","5","4",1,0,"72","71","98","83","85","80","5","1","2","5","2005",1
"1149",1149,"3","1",1,"24","54","13","4","6","1,2,3","4","2","6","4","1","4","1","2","2","1","5","3","4","3","4","4","5","4","5","16,5,1,10,13","5","4","1","3","1",NA,NA,"I have Going School Always respect all people",NA,"4","4","4","5","4","5","5","4",1,0,"73","70","75","70","69","83","4","1","4","24","1970",1
"1150",1150,"3","1",2,"24","54","13","5","6","1,2,3","4","2","1","4","1","4","1","4","1","1","5","3","4","3","4","4","5","4","5","15,6,12,4,7","5","4","1",NA,NA,NA,NA,"It's very important",NA,"4","5","5","5","4","5","5","4",1,0,"99","100","100","97","100","100","5","0","3","24","1970",1
"1151",1151,"3","2",1,"5","39","17","4","3","1","4","2","3","4","2","4","1","2","4","4","2","3","3","4","3","3","5","5","5","1,13,10,5,4","5","4","1",NA,NA,NA,NA,"Bact to school",NA,"5","4","5","4","4","5","5","4",1,0,"39","89","74","43","19","46","5","1","2","5","2005",1
"1152",1152,"3","1",2,"24","50","13","4","6","1,2,3","4","2","7","4","5","4","1","2","2","1","5","3","4","3","4","4","5","5","5","5,15,11,12,19","5","5","1",NA,NA,NA,NA,"Because I am innocent",NA,"5","5","4","5","5","5","5","4",1,0,"97","22","97","92","21","100","5","0","3","24","2017",1
"1153",1153,"3","2",1,"5","30","13","5","1","2","4","2","10","4","5","3","2","1","2","1","5","3","3","3","2","4","5","5","1","1,6,19,12,7","4","5","1",NA,NA,NA,NA,"My group is so powerful",NA,"4","4","3","5","3","4","5","4",1,0,"100","100","100","95","100","99","5","1","3","11","1950",1
"1154",1154,"3","1",3,"24","54","13","4","6","1,2,3","4","2","5","5","4","4","5","4","5","5","4","4","3","3","4","4","5","5","4","1,6,7,18,16","5","4","2","3","1",NA,NA,"Good ","Very nice ","4","5","5","5","4","5","4","4",1,0,"85","70","80","77","65","65","5","1","2","24","1970",1
"1155",1155,"3","1",1,"24","54","13","4","6","1,2,3","4","2","6","4","1","4","1","2","2","1","5","3","4","3","4","4","5","4","5","18,5,11,15,17","5","5","1","3","1",NA,NA,"I am qualified to be group and i am worthy of being group.",NA,"5","5","5","5","5","4","5","4",1,0,"49","33","60","80","58","64","5","0","4","24","1970",1
"1156",1156,"3","1",2,"24","54","13","4","6","1,2,3","4","2","4","4","4","5","4","4","5","5","5","3","4","4","3","4","5","4","5","10,17,15,5,19","5","4","1","3","1",NA,NA,"Good ",NA,"5","4","5","5","4","4","4","4",1,0,"64","100","79","92","48","72","5","1","3","24","1970",1
"1157",1157,"3","1",3,"24","54","13","4","6","1,2,3","4","2","2","4","1","4","1","2","2","1","5","3","4","3","4","4","5","5","5","5,16,18,2,10","5","5","1",NA,NA,NA,NA,"I am qualified to be group responding",NA,"5","5","4","5","5","4","5","4",1,0,"53","70","55","66","49","76","5","1","2","24","1970",1
"1158",1158,"3","1",1,"24","50","13","4","6","1,2,3","4","2","2","4","5","1","1","2","2","1","5","3","4","3","4","4","5","5","5","10,16,15,13,11","4","5","2",NA,NA,NA,NA,"Because there are easily to represent in groups to easily understanding ","Some these are not easily to handle ij groups","4","5","5","5","5","5","4","4",1,0,"93","81","96","100","89","91","5","0","3","24","1970",1
"1159",1159,"3","1",1,"24","50","13","4","6","1,2,3","4","2","9","5","2","1","1","1","2","1","5","3","3","4","4","2","5","4","5","13,17,12,4,10","5","4","1",NA,NA,NA,NA,"Collage group is awesome",NA,"4","4","5","5","5","4","5","4",1,0,"49","22","39","34","26","21","5","0","3","24","1970",1
"1160",1160,"3","2",3,"9","47","16","4","2","1","4","1","3","5","4","4","5","4","5","4","5","3","4","4","3","4","5","4","5","3,10,1,11,5","5","4","1",NA,NA,NA,NA,"i like this islam ",NA,"5","4","5","5","4","5","4","4",1,0,"51","64","37","58","25","52","4","0","2","9","2000",1
"1161",1161,"3","2",2,"24","50","16","2","6","1","4","2","7","1","2","2","3","2","2","2","1","1","1","1","1","1","5","4","4","2,4,11,8,10","5","5","1",NA,NA,NA,NA,"This most willing to be a group representative",NA,"5","5","4","5","5","5","5","4",1,0,"64","63","54","72","60","86","5","0","4","24","2012",1
"1162",1162,"3","1",1,"24","50","13","4","6","1,2,3","4","2","9","4","5","4","1","2","2","1","5","3","4","3","4","4","5","4","5","18,9,3,7,8","4","5","1",NA,NA,NA,NA,"Group representative is most important topic",NA,"5","4","5","4","5","5","5","4",1,0,"42","57","25","25","45","63","5","1","2","24","1970",1
"1163",1163,"3","2",3,"24","18","13","5","1","1","4","2","5","5","3","4","1","4","5","1","4","1","4","2","4","4","5","5","5","6,5,18,17,3","4","5","1",NA,NA,NA,NA,"This all over good ",NA,"4","5","4","5","5","4","5","4",1,0,"95","94","83","98","79","86","5","0","2","24","2014",1
"1164",1164,"3","2",2,"9","47","16","4","2","1","4","1","6","5","4","5","5","5","4","5","5","4","4","4","3","4","5","5","5","7,13,4,6,3","4","5","1",NA,NA,NA,NA,"Mugal empire ",NA,"5","5","4","5","5","5","4","4",1,0,"73","94","64","90","91","75","5","0","2","9","2000",1
"1165",1165,"2","2",2,"27","32","8","1","1",NA,"4","1","8","5","5","4","5","4","4","5","4","4","4","4","3","3","5","4","5","16,4,5,8,15","5","4","1",NA,NA,NA,NA,"It's very good to hear from you and I hope ",NA,"5","5","4","5","4","4","5","4",1,0,"100","100","88","90","100","100","5","1","3",NA,NA,1
"1166",1166,"2","2",3,"5","20","15","5","3","1","3","2","1","2","2","4","1","5","3","3","3","2","3","1","2","2","4","5","4","5,7,15,4,16","4","4","2",NA,NA,"1","3","Because Of Hope","Because of Risk","4","4","2","5","4","4","3","3",1,0,"55","82","77","37","83","90","4","1","4","5","2018",1
"1167",1167,"2","2",2,"5","26","16","5","6","1","4","2","10","4","1","2","1","2","2","1","4","1","4","3","1","3","5","5","5","8,2,4,10,12","5","5","1",NA,NA,NA,NA,"I want to be the group representative because geography is my strong subject and luckily it is one of the option to choose from and I can win for the whole group.",NA,"5","5","5","5","5","5","5","4",1,1,"50","50","50","50","50","50","5","0","4","5","2016",1
"1168",1168,"3","2",3,"24","55","15","4","6","1,2,3","4","2","3","1","2","1","1","2","1","1","1","4","4","4","4","4","5","5","4","12,2,8,3,18","5","5","1",NA,NA,NA,NA,"Perfect",NA,"5","5","4","4","4","4","4","4",1,0,"96","86","91","96","93","96","5","0","3","24","1970",1
"1169",1169,"3","2",1,"9","47","16","4","2","1","4","1","6","4","4","4","5","4","5","5","5","4","3","3","4","4","5","4","5","5,11,7,10,15","5","5","1",NA,NA,NA,NA,"I. Intersted",NA,"4","5","4","5","4","4","5","4",1,0,"46","85","28","57","85","90","5","1","4","9","2000",1
"1170",1170,"3","2",1,"24","56","16","3","6","2","3","4","9","2","2","1","2","1","1","1","1","3","4","4","4","3","4","5","4","10,11,12,2,16","4","5","2",NA,NA,NA,NA,"Iam qualified to be group and this group is so better","photo size is so small in group","4","5","4","5","5","3","4","4",1,0,"81","97","96","100","87","95","4","0","4","24","1990",1
"1171",1171,"3","2",1,"9","47","16","4","2","1","4","1","5","5","2","5","5","2","2","5","5","4","2","2","4","2","5","5","5","16,4,12,5,15","5","5","1",NA,NA,NA,NA,"I want do hardwork",NA,"5","5","5","5","4","5","5","4",1,1,"65","60","60","71","86","59","5","0","4","9","2000",1
"1172",1172,"3","2",3,"9","47","16","4","2","1","4","1","4","5","5","5","4","5","5","5","5","4","4","4","4","4","5","4","5","10,17,12,14,6","5","5","1",NA,NA,NA,NA,"I like and good feell",NA,"5","5","4","5","5","5","5","4",1,0,"98","87","100","82","100","84","5","0","2","9","2000",1
"1173",1173,"3","2",2,"24","54","13","4","6","1,2,3","4","2","5","4","1","4","1","2","2","1","5","3","4","3","4","4","5","5","5","5,4,10,6,18","5","5","1",NA,NA,NA,NA,"I think I am perfect ",NA,"5","5","5","5","5","4","5","4",1,0,"68","39","56","95","77","88","5","0","3","24","1970",1
"1174",1174,"2","2",1,"24","25","11","1","4","1","1",NA,"8","3","1","3","1","4","2","4","4","1","4","1","4","3","4","5","5","5,19,18,10,15","5","1","1",NA,NA,NA,NA,"Achcha he islie",NA,"1","3","1","3","2","4","1","1",1,0,"20","9","23","95","94","97","5","0","4","24",NA,1
"1175",1175,"3","2",1,"9","47","16","4","2","1","4","1","5","4","4","5","5","5","4","4","5","3","4","4","4","3","5","4","5","4,10,15,14,11","5","4","1",NA,NA,NA,NA,"I like this islam",NA,"4","5","4","5","5","5","4","4",1,0,"62","69","64","60","73","71","5","0","3","9","2000",1
"1176",1176,"3","2",1,"27","42","15","5","3","1","4","1","3","1","2","1","2","1","5","2","1","4","4","3","4","4","5","5","5","10,9,13,11,5","1","1","1",NA,NA,NA,NA,"मुझे समूह बहुत पसन्द है ",NA,"5","5","5","5","5","5","4","4",1,0,"93","91","100","98","100","87","3","1","3","27","1978",1
"1177",1177,"2","2",3,"27","34","16","5","6","1","4","1","2","1","1","1","1","1","1","1","1","2","4","4","4","3","4","4","4","13,3,10,6,11","4","4","1",NA,NA,"3","2","Because to give advice all and make the right dessisson",NA,"5","4","4","4","5","5","5","4",1,0,"73","64","89","73","71","70","5","1","4","27","2015",1
"1178",1178,"3","2",2,"9","47","16","4","2","1","4","1","8","4","5","5","5","5","4","5","4","4","3","4","3","4","5","4","5","10,4,3,12,11","5","4","1",NA,NA,NA,NA,"I am leader",NA,"5","4","5","5","4","4","5","4",1,0,"59","68","86","66","93","77","5","0","4","9","2000",1
"1179",1179,"3","2",3,"24","54","13","4","6","1,2,3","4","2","3","4","1","4","1","2","2","1","5","3","4","3","4","4","5","5","5","5,11,8,15,12","5","5","1",NA,NA,NA,NA,"Because I am educated",NA,"5","5","5","5","5","5","5","4",1,0,"74","87","70","100","100","99","5","0","4","24","1970",1
"1180",1180,"3","2",2,"9","47","16","4","2","1","4","1","4","5","5","5","5","2","2","5","2","2","4","2","4","4","5","5","5","4,15,5,18,16","4","5","1",NA,NA,NA,NA,"I want hard work",NA,"5","5","5","5","5","4","5","4",1,0,"47","83","50","88","70","70","5","0","4","9","2000",1
"1181",1181,"3","2",2,"9","41","16","3","1","1","4","2","4","1","1","2","1","1","2","2","2","4","3","4","4","3","5","5","4","3,1,14,13,16","4","5","1",NA,NA,NA,NA,"Good",NA,"5","5","5","4","5","4","4","4",1,0,"85","84","91","82","89","81","5","0","2","9","2020",1
"1182",1182,"3","2",1,"27","31","16","3","3","1","4",NA,"7","2","3","2","1","2","2","1","3","2","3","2","1","3","4","5","5","6,5,15,4,16","5","5","1",NA,NA,NA,NA,"I love to lead group fromthe front.",NA,"5","5","4","4","4","4","3","4",1,1,"78","67","72","48","55","73","4","1","4","27","2011",1
"1183",1183,"3","2",3,"27","42","15","5","3","1","4","1","2","1","5","5","5","1","5","1","5","4","3","2","4","4","5","3","5","15,10,11,9,5","5","5","1",NA,NA,"2","3","Cause it's my dream to represent the group",NA,"1","1","1","1","4","1","5","4",1,0,"15","29","8","94","85","100","5","1","4","27","1978",1
"1184",1184,"3","2",1,"27","42","15","5","3","1","4","1","2","1","1","1","1","1","1","1","2","4","3","4","4","4","5","5","4","9,8,14,16,11","4","5","1",NA,NA,"2","3","क्योंकि समुह में रहना मुझे अच्छा लगता है",NA,"5","5","5","4","5","5","5","4",1,0,"97","94","98","94","100","83","5","1","4","27","1978",1
"1185",1185,"2","2",2,"5","33","17","5","6","2","4","1","7","2","1","2","2","2","2","2","2","2","2","2","1","3","5","4","4","15,16,18,17,2","5","4","1",NA,NA,NA,NA,"mai samuh ka pritinidhitav achha kr sakta hu",NA,"3","3","3","4","3","4","2","4",1,0,"63","54","65","62","59","57","4","1","4","5","2004",1
"1186",1186,"3","2",1,"9","41","16","3","1","1","4","2","3","1","1","1","1","1","1","1","1","4","4","4","4","4","5","1","2","1,18,4,5,7","2","1","2",NA,NA,NA,NA,"Good","Good","2","1","2","1","1","1","2","1",1,0,"85","69","78","89","96","77","1","0","3","9","2020",1
"1187",1187,"3","2",1,"9","60","13","4","6","3","4","2","5","5","5","5","5","4","4","5","4","4","3","4","1","4","5","5","5","12,10,14,19,11","5","5","2",NA,NA,NA,NA,"Very good","Thanks for","5","5","5","5","5","5","5","4",1,0,"56","100","100","100","100","100","5","1","3","9","1990",1
"1188",1188,"3","2",1,"9","39","16","3","6","2","4","2","5","4","2","4","1","1","1","5","4","1","4","2","1","4","5","4","5","11,4,5,15,12","5","5","2",NA,NA,NA,NA,"Friends group","It is a good quality control manager company god jobs.","5","4","4","4","5","4","5","4",1,0,"88","99","82","100","89","65","5","1","3","9","1980",1
"1189",1189,"3","2",3,"9","39","13","4","1","1,2,3","4","2","8","1","1","1","2","1","1","1","1","4","4","4","4","4","5","5","5","8,4,5,6,11","5","5","1",NA,NA,NA,NA,"Very good",NA,"5","5","5","5","5","5","5","4",1,0,"86","85","86","91","87","92","5","0","2","9","1990",1
"1190",1190,"3","2",1,"9","39","17","4","3","1","4","2","2","3","4","5","5","5","5","4","5","4","4","3","4","4","5","5","5","11,15,5,8,7","5","5","3",NA,NA,"3","2","FSP","DSP group","5","5","3","4","4","5","5","4",1,0,"65","73","53","67","86","88","5","1","2","9","2005",1
"1191",1191,"2","2",2,"9","25","16","2","3","1,2","4","1","10","1","1","2","1","2","1","4","1","1","3","2","2","4","5","4","4","14,7,16,15,19","4","4","2",NA,NA,NA,NA,"मैंने समाज को पढ़ा और समझा इसलिए मुझे लगता है मै समूह का प्रतिनिधित्व कर सकता हूं","बात दरअसल यह है कि मैंने बहुत दिनों पहले पढ़ा था और मै बहुत सारी बाते भूल गया हूं इसलिए मैं समूह का प्रतिनिधित्व नहीं करना चाहता","4","4","4","4","4","4","4","3",1,0,"97","96","97","98","95","91","5","1","4","9","2010",1
"1192",1192,"3","2",3,"9","39","17","4","3","1","4","2","1","5","3","5","5","5","4","5","4","4","3","2","4","4","5","5","5","11,15,5,4,8","5","5","1",NA,NA,"3","1","Because it's good industry",NA,"5","5","5","4","5","4","5","4",1,0,"76","80","56","51","75","85","5","0","2","9","2005",1
"1193",1193,"2","2",2,"5","39","16","4","3","1","3",NA,"4","2","3","1","3","3","3","1","2","1","2","3","1","2","4","5","4","8,12,11,5,4","4","5","2",NA,NA,NA,NA,"Because they are very trustworthy","Because they not like me","5","5","5","5","4","5","2","3",1,0,"41","25","34","30","30","51","5","1","4","5","2004",1
"1194",1194,"3","2",3,"9","39","17","4","3","1","4","2","4","3","4","5","5","5","4","4","5","4","4","4","3","3","5","5","5","11,15,5,4,7","5","4","1",NA,NA,NA,NA,"I am qualified group",NA,"5","5","4","5","4","5","5","4",1,0,"72","67","100","38","95","61","5","1","2","9","2005",1
"1195",1195,"2","2",1,"5","35","16","4","3","1","3",NA,"9","1","3","1","3","2","3","1","2","2","3","3","2","3","4","5","5","6,4,14,12,13","5","5","2",NA,NA,NA,NA,"Because I believe myself more than others","Because it will take more responsibility","5","5","5","4","5","5","4","3",1,0,"39","41","31","31","31","43","5","1","4","5","2004",1
"1196",1196,"2","2",1,"5","24","16","2","3","1,2","4","1","7","1","1","2","1","2","1","4","1","1","3","2","2","3","5","4","4","16,7,5,14,19","4","4","2",NA,NA,NA,NA,"मैं भूगोल  क अच्छा खासा समझ रखता हूं इसलिए मै समूह का प्रतिनिधित्व करना चाहता हूं और मुझे समूह में आगे रहना पसंद है","मै भूगोल का बहुत अच्छा समझ रखता हूं लेकिन मै यह नहीं चाहता के मेरा ग्रुप मेरी वजह से हार जाए इसलिए मै समूह का प्रतिनिधित्व नहीं करना चाहता","4","4","4","4","5","4","4","3",1,0,"91","96","89","97","98","93","5","0","4","5","2010",1
"1197",1197,"2","2",3,"9","25","16","2","3","1","4","4","3","1","1","1","1","2","1","4","1","1","3","2","1","4","4","4","5","13,15,11,10,19","5","3","1",NA,NA,NA,NA,"because i willing that i give good answers and earn good money
",NA,"4","5","4","2","4","4","2","4",1,0,"39","46","40","9","17","63","4","0","4","9","2011",1
"1198",1198,"2","2",1,"5","25","17","5","6","1","3",NA,"5","3","3","3","3","3","3","3","3","1","1","1","2","3","3","2","3","13,7,14,1,18","5","5","1",NA,NA,NA,NA,"I will try my best to make sure my team wins",NA,"4","4","3","3","4","4","3","2",1,0,"50","50","50","50","50","50","4","0","4","5","2011",1
"1199",1199,"2","2",1,"24","33","15","5","6","2","3",NA,"5","3","3","1","1","1","3","3","3","1","1","1","1","1","4","4","5","19,14,13,7,8","5","5","1",NA,NA,NA,NA,"I would like to lead and manage my team.",NA,"4","4","4","2","3","4","5","3",1,0,"53","51","54","51","50","50","5","1","4","24","2008",1
"1200",1200,"2","2",3,"27","56","16","4","2","1,2","4",NA,"6","5","1","1","1","5","2","1","1","4","4","1","4","4","5","5","4","5,10,11,12,2","5","5","2",NA,NA,NA,NA,"Nothing ","No information ","4","5","5","4","5","4","5","4",1,0,"58","81","56","41","64","67","1","0","2","27","2000",1
"1201",1201,"3","2",3,"24","39","17","1","3","2","4","6","10","3","2","5","1","3","3","5","1","1","4","2","3","4","5","5","5","5,10,13,11,14","5","4","1",NA,NA,NA,NA,"Very good",NA,"4","4","4","5","5","5","5","4",1,0,"91","96","47","79","46","72","5","1","1","24","2004",1
"1202",1202,"2","2",2,"5","29","17","5","6","1","4","1","7","1","3","1","1","1","2","3","1","2","3","2","1","2","4","5","5","5,11,10,15,16","4","3","1",NA,NA,NA,NA," being an indian i knows the indian history and geography in a better way",NA,"4","4","4","4","3","3","4","3",1,1,"60","38","82","62","31","90","5","1","4","5","2012",1
"1203",1203,"2","2",2,"27","56","15","4","2","1,2","4",NA,"9","1","1","1","1","5","5","1","1","4","4","1","4","4","5","5","5","1,9,4,5,19","5","5","2",NA,NA,NA,NA,"Aise hee","No problem ","5","5","3","4","5","4","4","4",1,0,"78","77","54","32","96","58","1","0","1","27","2000",1
"1204",1204,"2","2",1,"27","34","16","4","4","1","3","1","2","2","2","1","1","1","2","2","2","1","2","2","1","2","4","5","4","15,7,9,19,2","3","5","1",NA,NA,"3","1","I am very happy to know about ancestors and their activities which is very helpful to me",NA,"3","3","5","4","4","3","4","3",1,0,"54","56","57","50","53","51","5","0","4","27","2006",1
"1205",1205,"2","2",1,"5","25","16","3","3","1,2","4","1","6","1","1","2","1","2","2","4","1","1","3","2","3","3","5","4","4","19,15,5,9,4","4","4","2",NA,NA,NA,NA,"मुझे लगता है कि मैं भूगोल का अच्छा ज्ञान रखता हूं और मै समूह का प्रतिनिधित्व करना चाहता हूं","भूगोल मेरा पसंदीदा विषयों में से एक है लेकिन मैं बहुत ज्यादा जानकारी नहीं रखता हूं इसलिए मैं समूह का प्रतिनिधित्व नहीं करना चाहता हूं धन्यवाद","4","4","4","5","4","5","4","4",1,0,"97","91","92","96","87","90","5","0","4","5","2011",1
"1206",1206,"2","2",3,"27","27","15","4","1","1","4","2","7","1","2","2","1","1","2","2","1","4","4","4","4","4","4","5","4","19,5,15,12,7","4","5","1",NA,NA,NA,NA,"Great Culture",NA,"5","5","5","5","4","4","5","4",1,0,"84","90","87","92","83","85","5","0","2","27","2018",1
"1207",1207,"2","2",1,"27","42","17","4","3","1","3","6","4","1","1","1","1","1","1","4","1","2","4","2","3","4","1","5","5","10,18,16,15,5","4","4","1",NA,NA,NA,NA,"Because I have leasing power",NA,"5","2","5","5","4","5","4","3",1,0,"70","81","80","84","82","87","4","1","4","27","2008",1
"1208",1208,"2","2",2,"27","26","16","3","6","1","3",NA,"3","4","2","3","2","4","3","4","4","3","4","4","3","3","4","5","5","14,7,8,12,19","5","5","1",NA,NA,NA,NA,"I am group leader in most of my school days. So I'll be a good representative as this excercise is Back to school based.",NA,"4","4","4","4","4","4","3","2",0,0,"50","35","49","50","51","50","4","0","4","27","2012",1
"1209",1209,"2","2",1,"5","39","9","4","6",NA,"4","2","9","2","2","2","1","2","1","1","1","3","4","4","4","3","5","5","4","14,4,9,12,5","5","5","1",NA,NA,NA,NA,"Its very good its only my ",NA,"4","5","4","5","4","5","5","4",1,0,"100","100","100","100","86","100","5","1","3",NA,NA,1
"1210",1210,"2","2",1,"27","61","8","5","4",NA,"4","1","7","3","3","5","1","3","3","5","3","1","4","1","2","1","3","1","1","5,13,10,14,7","3","3","4",NA,NA,NA,NA,NA,"I'm not willing to be a group representative","1","1","1","1","1","1","1","1",0,0,"24","32","28","70","89","80","4","1","4",NA,NA,1
"1211",1211,"2","2",1,"27","42","15","5","3","1","4","1","2","2","1","2","2","1","1","2","1","3","4","4","3","2","5","5","4","5,7,13,18,19","5","5","1",NA,NA,"2","3","Is the best andso excellent",NA,"4","5","5","5","5","4","4","4",1,0,"100","92","94","93","82","100","5","0","4","27","1978",1
"1212",1212,"3","2",2,"24","39","17","1","3","2","4","6","9","3","2","5","1","3","3","5","1","1","4","3","3","4","5","5","5","5,9,10,11,13","5","4","1",NA,NA,NA,NA,"Very good",NA,"5","5","4","5","4","4","5","4",1,0,"43","63","44","61","71","67","5","0","2","24","2005",1
"1213",1213,"2","2",2,"27","42","15","5","6","1","4","1","7","2","4","5","2","1","1","2","1","3","3","4","2","4","5","5","4","16,1,19,14,18","5","4","2",NA,NA,NA,NA,"My group is the best and so good","Very so good for you and very do ","4","5","5","5","4","5","4","4",1,0,"81","98","96","99","100","90","5","0","3","27","1978",1
"1214",1214,"3","2",1,"9","41","16","3","1","1","4","2","3","1","1","1","1","1","1","1","1","4","4","4","4","4","5","1","1","19,1,13,6,3","4","5","2",NA,NA,NA,NA,"Good","Good","5","5","5","4","4","4","4","4",1,0,"98","99","87","87","97","95","4","1","3","9","2020",1
"1215",1215,"3","2",3,"9","55","13","4","3","1","4","1","6","3","4","5","3","4","5","4","5","2","4","4","4","3","5","5","5","5,13,6,10,16","4","5","1",NA,NA,NA,NA,"back to school",NA,"4","3","4","5","3","5","5","4",1,1,"37","26","58","26","70","47","5","0","2","9","2010",1
"1216",1216,"3","2",2,"9","61","13","5","3","1,2","4","2","4","2","2","1","2","1","1","1","1","4","3","4","4","4","4","4","5","4,5,10,12,8","5","4","2",NA,NA,NA,NA,"Because i love groups","Because sometimes some people's create hype","5","4","4","4","4","5","5","4",1,0,"96","65","92","92","75","93","5","1","3","9","1978",1
"1217",1217,"2","2",3,"9","19","16","1","3","1","2",NA,"1","2","2","2","2","2","2","3","2","2","2","2","3","4","5","4","4","15,19,7,16,18","5","5","1",NA,NA,"3","2","I have sound knowledge about sociology and I can answer all the questions correctly.",NA,"4","4","3","4","4","5","2","2",1,0,"64","57","59","58","60","51","5","1","3","9","2016",1
"1218",1218,"2","2",1,"27","38","16","3","1","2,3","4","5","9","2","3","1","1","3","1","1","2","4","4","4","4","4","5","5","5","9,13,10,16,2","5","5","1",NA,NA,NA,NA,"This is the good",NA,"5","5","5","4","5","5","5","4",1,0,"36","77","56","78","62","40","5","1","4","27","2016",1
"1219",1219,"2","2",3,"27","34","16","4","4","1","3","1","8","2","2","1","1","1","2","2","2","1","2","2","1","2","4","5","4","15,7,10,19,9","3","5","1",NA,NA,NA,NA,"I am very interested in sociology and I have confidence to complete the survey until last because I want to learn more about Indian sociology",NA,"4","3","5","4","4","2","4","3",1,0,"54","57","60","54","55","54","5","1","4","27","2006",1
"1220",1220,"2","2",3,"9","24","16","2","3","1,2","4","1","6","1","1","1","1","1","1","4","1","1","3","1","2","3","5","4","5","11,14,4,7,5","5","4","2",NA,NA,NA,NA,"मुझमें भूगोल की अच्छी समझ है इसलिए मै समूह का प्रतिनिधित्व करना चाहता हूं","मुझे इस बात का डर है कि अगर मेरे उत्तर गलत हो जाएंगे तो हमारा समूह हार जाएगा इसलिए मैं समूह का प्रतिनिधित्व नहीं करना चाहता हूं","4","5","5","5","4","5","4","4",1,0,"89","97","100","97","100","96","5","0","4","9","2010",1
"1221",1221,"3","2",1,"9","65","16","5","3","1,2","4","2","1","2","2","1","2","2","1","1","2","4","4","4","4","3","5","5","5","9,5,10,7,15","5","5","2",NA,NA,"3","1","Because I am comfortable with this","Describes me perfectly","5","4","4","5","5","5","5","4",1,0,"57","51","100","100","96","100","5","1","3","9","1978",1
"1222",1222,"3","2",3,"9","65","16","5","3","1,2","4","2","8","2","1","1","1","2","2","1","1","4","4","4","3","4","5","5","4","5,10,15,11,2","5","5","1",NA,NA,NA,NA,"I represnt a group for all indian help",NA,"4","5","5","5","5","5","5","4",1,0,"25","50","15","40","40","81","5","0","2","9","1978",1
"1223",1223,"2","2",3,"9","19","13","1","3","2","3",NA,"2","4","1","2","1","2","2","2","3","2","4","1","2","4","5","4","5","10,2,15,5,4","4","5","1",NA,NA,"3","2","Kyunki main apne partner se jyada knowledge rakhta hun",NA,"3","3","4","2","2","4","4","2",1,0,"39","48","40","67","45","53","3","1","3","9","2009",1
"1224",1224,"2","2",3,"5","29","16","5","6","2","3","1","5","3","2","2","2","1","2","3","1","1","3","2","1","3","3","5","5","15,10,8,1,11","4","4","1",NA,NA,NA,NA,"I like sociology and geography. And in exam I were scoring good marks.",NA,"4","4","3","4","4","4","2","2",1,1,"50","50","50","50","50","50","5","0","4","32","2012",1
"1225",1225,"2","2",3,"5","34","17","4","3","2","4","2","8","1","2","1","2","1","3","1","3","4","3","4","4","4","5","5","4","2,13,10,11,15","5","4","2",NA,NA,NA,NA,"I like it very much","I don't like this","5","5","5","5","4","4","5","4",1,0,"85","77","85","85","88","88","5","0","2","5","2004",1
"1226",1226,"2","2",1,"24","39","9","2","1",NA,"4","2","8","2","1","2","2","1","1","2","1","4","4","4","3","3","5","5","4","16,4,12,15,5","4","5","1",NA,NA,NA,NA,"All is country right now and I have ",NA,"5","5","5","4","4","4","5","4",1,0,"60","82","100","52","100","80","5","0","4",NA,NA,1
"1227",1227,"2","2",2,"24","33","17","5","6","1","3","2","4","2","1","1","1","1","1","1","3","1","1","1","1","1","4","5","5","13,14,7,19,2","5","5","1",NA,NA,NA,NA,"I am sure that i can take the responsibility of leading the team",NA,"5","5","5","4","4","4","3","4",1,0,"95","85","95","95","85","85","5","0","4","24","2000",1
"1228",1228,"2","2",1,"9","37","17","4","6","2","4",NA,"5","3","2","2","2","2","2","3","3","2","3","3","3","4","4","5","5","19,5,11,13,15","4","4","1",NA,NA,NA,NA,"I don't know",NA,"3","3","3","3","3","4","4","1",1,0,"50","50","50","50","50","50","5","0","4","9","1999",1
"1229",1229,"2","2",3,"27","34","16","4","4","1","3","1","10","2","2","1","1","1","2","2","2","1","2","2","1","2","4","5","4","10,5,7,15,4","3","5","1",NA,NA,NA,NA,"I am very interested in sociology and I have confidence to complete the survey until last",NA,"4","3","5","4","4","2","4","3",1,0,"54","56","58","59","54","52","5","0","4","27","2006",1
"1230",1230,"2","2",3,"27","27","16","1","3","2","3","5","3","4","1","1","2","2","1","5","1","2","4","3","3","4","3","5","5","9,18,19,15,16","5","5","1",NA,NA,NA,NA,"My english is very good and I am answering after reading full text",NA,"2","2","4","4","3","2","2","2",0,0,"60","50","70","45","50","40","4","1","4","27","2008",1
"1231",1231,"2","2",2,"27","33","16","4","3","2","1",NA,"4","1","2","2","1","2","2","3","3","1","3","1","1","2","3","4","4","5,16,10,2,13","3","2","2",NA,NA,NA,NA,"Just giving myself a chance ","I’m not a good representative ","3","4","4","4","4","3","4","2",0,0,"15","40","11","47","42","46","3","1","2","27","2004",1
"1232",1232,"2","2",3,"27","29","17","5","4","1","2",NA,"5","3","1","2","2","2","2","2","3","1","3","2","2","2","4","5","4","13,11,12,18,17","3","4","1",NA,NA,NA,NA,"I think i will be a good representative",NA,"3","4","3","4","3","4","3","1",0,0,"71","49","30","19","29","49","4","1","3","27","2006",1
"1233",1233,"2","2",1,"27","34","16","5","6","2,3","4","2","9","2","1","2","2","2","2","4","3","2","2","2","2","2","4","5","4","15,5,18,10,11","4","4","1",NA,NA,NA,NA,"Social leader learning to young people in the world and your team mate is the best of the best of luck to you and the best of the day Happy New year celebration with no",NA,"5","4","4","4","3","4","4","3",1,0,"83","81","58","86","90","89","5","0","3","27","1995",1
"1234",1234,"2","2",2,"24","39","9","2","1",NA,"4","3","2","2","2","1","2","2","1","1","1","3","3","4","4","4","5","4","5","17,16,15,4,5","5","4","1",NA,NA,"2","1","Its very good ",NA,"4","4","5","4","5","5","5","4",1,0,"87","70","100","64","100","98","5","0","3",NA,NA,1
"1235",1235,"2","2",2,"27","49","12","4","1","1","4","2","3","1","1","2","2","1","2","2","1","4","3","4","3","4","5","5","4","12,6,8,2,9","4","5","1",NA,NA,NA,NA,"If is very intelligent",NA,"5","4","4","5","4","5","5","4",1,0,"84","100","80","99","76","61","5","1","4","27",NA,1
"1236",1236,"2","2",3,"27","26","16","5","4","1","4","12","8","1","1","1","1","1","1","1","1","2","3","3","2","4","4","4","5","13,2,10,19,14","4","5","1",NA,NA,NA,NA,"I am  caiptan of my club cricket and i have lead many events and programs. I am well experience for this. I will love to share my knowledge with others.",NA,"5","4","4","4","4","4","5","4",1,1,"60","61","61","61","61","62","5","0","4","27","2013",1
"1237",1237,"2","2",1,"5","45","16","4","6","2","3","2","9","3","2","2","1","3","2","2","3","3","4","4","3","4","5","3","4","5,10,3,2,12","5","5","1",NA,NA,NA,NA,"Yes i like",NA,"5","5","5","5","5","5","5","4",1,0,"76","63","66","100","100","100","5","1","4","5","1990",1
"1238",1238,"2","2",2,"27","39","15","5","6","1","4","1","4","1","2","1","1","1","2","2","2","3","3","2","4","4","5","5","4","18,13,5,1,8","4","5","2",NA,NA,NA,NA,"Excellent and very so good","My group is the best and the good","4","4","4","5","5","5","5","4",1,0,"97","78","94","91","96","72","5","0","2","27","1981",1
"1239",1239,"2","2",1,"5","35","16","3","7","1","4","5","1","2","3","2","1","1","2","1","2","2","4","3","2","3","4","4","4","12,6,18,5,7","4","4","1",NA,NA,"2","3","It's awesome to see you soon",NA,"4","4","4","4","4","4","4","4",1,0,"79","75","86","70","78","79","4","1","4","5","2004",1
"1240",1240,"3","2",3,"9","52","16","3","1","1","4","2","4","1","3","4","2","5","5","5","5","4","4","3","4","4","5","5","4","14,13,10,11,5","4","5","1",NA,NA,NA,NA,"The good group is minded",NA,"5","4","5","4","4","5","5","4",1,0,"79","87","100","84","66","83","5","1","3","9","1989",1
"1241",1241,"2","2",1,"27","28","17","2","4","2","4","2","1","4","2","2","1","2","2","2","2","1","1","1","1","1","4","5","5","1,15,19,13,7","4","5","1",NA,NA,"3","2","From the earliest I want to be ahead in every situation so i want to represent the group. ",NA,"4","4","4","3","5","3","3","3",1,0,"67","52","74","50","47","53","4","0","4","27","2009",1
"1242",1242,"3","2",2,"9","52","16","3","1","1","4","2","10","4","2","3","5","5","4","5","5","3","3","4","4","3","5","4","5","15,5,11,3,9","5","4","1",NA,NA,NA,NA,"The good group respendit is good",NA,"5","4","5","4","5","4","4","4",1,0,"59","83","86","77","79","66","5","0","3","9","1989",1
"1243",1243,"2","2",1,"24","39","9","2","1",NA,"4","3","10","2","2","2","1","1","1","2","1","4","3","3","4","4","5","5","4","15,16,4,5,6","5","4","1",NA,NA,NA,NA,"Yes I lead a group because I need that group",NA,"5","4","4","5","5","5","5","4",1,0,"97","100","94","84","83","93","5","0","4",NA,NA,1
"1244",1244,"3","2",2,"9","52","16","3","1","1","4","2","6","4","2","4","5","4","2","5","5","3","4","4","4","4","5","5","4","5,7,9,3,14","4","5","1",NA,NA,NA,NA,"The good group is not available for the good work is so good",NA,"4","5","4","4","5","4","5","4",1,0,"90","79","95","98","84","52","5","1","3","9","1989",1
"1245",1245,"2","2",1,"24","26","17","5","6","1","3","14","9","1","1","1","1","1","1","1","1","1","4","1","1","1","4","4","5","15,13,14,19,7","5","5","1",NA,NA,NA,NA,"Because in my school, college or university I was always the one who was representing whole institute weather in seminars or anywhere.. I have completed my b.tech from sharda university which is the number one institute in India ..I have the leader qualities and I think I can represent much better than anyone !",NA,"5","5","5","5","4","5","3","4",1,1,"63","58","55","63","64","88","5","1","4","5","2017",1
"1246",1246,"3","2",3,"9","65","16","5","3","2,3","4","2","6","1","1","1","2","2","2","1","2","4","3","4","4","4","5","5","5","9,7,2,10,5","4","5","1",NA,NA,NA,NA,"A becoming group",NA,"5","4","4","5","5","5","4","4",1,0,"88","90","75","99","92","76","5","1","4","9","1979",1
"1247",1247,"2","2",1,"9","28","16","2","6","1","4","4","8","3","2","2","1","3","2","1","1","4","4","3","4","4","4","5","3","10,15,11,2,5","5","4","3",NA,NA,NA,NA,"Making decisions in groups","Late of decision ","5","3","4","4","5","2","4","4",1,0,"84","87","92","76","86","95","5","0","3","9","2010",1
"1248",1248,"3","2",3,"9","65","16","5","3","2,3","3","2","10","2","1","2","1","2","1","1","2","4","4","4","4","3","5","5","4","4,5,11,10,15","5","5","2",NA,NA,NA,NA,"Because it feel me comfortable","Because sometimes group representative are not trusted","4","4","5","5","4","5","5","4",1,0,"82","91","94","95","89","75","4","1","3","9","1979",1
"1249",1249,"2","2",1,"5","36","16","4","3","2","4","2","1","1","1","1","1","1","1","1","1","1","1","1","1","2","5","5","5","15,16,7,13,19","5","5","2",NA,NA,"2","3","I want to be group representative because I have the qualities of a leader and knowledge","I do not have all the the leadership qualities","5","5","5","5","5","5","5","4",1,0,"59","66","81","51","58","82","5","1","3","5","2002",1
"1250",1250,"2","2",2,"9","24","16","3","3","1,2","4","1","1","1","1","2","1","1","1","4","1","1","3","2","2","3","5","5","5","13,16,19,7,15","5","4","2",NA,NA,"3","1","मुझे समूह का प्रतिनिधित्व करना अच्छा लगता है और मै समूह का प्रतिनिधित्व करना चाहूगा","चुकी यह पढ़ाई से संबंध रखता है और मै बहुत सारी चीज़ें भूल गया हूं इसलिए मैं समूह का प्रतिनिधित्व नहीं करना चाहता","5","4","4","2","5","4","4","3",1,0,"95","91","95","90","89","91","5","0","3","9","2011",1
"1251",1251,"2","2",3,"5","38","16","5","6","1,2","3","2","1","2","1","5","1","3","3","2","2","3","4","3","3","3","4","5","4","11,5,18,4,15","4","4","2",NA,NA,"3","2","This is the very good step","If it not better","4","4","3","4","4","5","4","3",1,0,"31","85","54","75","82","69","3","0","2","5","1995",1
"1252",1252,"3","2",2,"9","52","16","3","1","1","4","2","1","2","4","4","5","4","2","5","5","3","4","4","3","4","5","4","5","2,11,13,15,5","4","5","1",NA,NA,"3","1","The good group of mughul emire is good for you and your friends and family",NA,"4","4","5","4","5","5","5","4",1,0,"86","61","83","90","65","44","4","0","4","9","1989",1
"1253",1253,"3","2",3,"9","39","16","4","3","1","4","2","10","4","5","5","4","5","3","4","5","3","4","4","4","4","5","5","5","11,4,5,14,10","5","5","1",NA,NA,NA,NA,"Sixth grade often signals a move to middle school or junior high, where you'll find lockers and maybe a homeroom",NA,"4","5","5","5","4","5","4","3",1,0,"87","70","81","77","67","86","5","0","2","9","2020",1
"1254",1254,"2","2",1,"27","39","15","5","3","1","4","1","2","1","1","1","2","1","2","2","2","4","3","4","4","4","5","5","5","11,7,5,15,16","5","5","1",NA,NA,"3","2","Best of luck ",NA,"5","4","4","5","5","5","5","4",1,0,"98","77","93","97","100","74","5","0","4","27","1981",1
"1255",1255,"3","2",2,"9","65","16","5","3","2,3","4","2","6","1","2","1","1","2","1","1","1","3","4","4","4","4","5","5","4","5,10,13,12,2","4","5","2",NA,NA,NA,NA,"Higher all groups","For some specific reason","4","5","4","5","5","4","5","4",1,0,"92","84","100","87","99","67","5","0","4","9","1979",1
"1256",1256,"2","2",2,"27","35","13","4","6","1","4","2","1","3","3","2","1","3","3","1","3","2","4","4","2","3","5","4","5","10,11,16,5,15","4","5","1",NA,NA,"3","2","Good impression my group represent",NA,"4","5","5","5","4","5","4","4",1,0,"100","100","100","100","100","100","5","0","3","27","2005",1
"1257",1257,"2","2",1,"27","39","15","5","3","1","4","1","5","2","1","2","1","2","1","2","1","4","4","4","4","3","5","5","5","8,12,11,15,5","5","5","2",NA,NA,NA,NA,"Best ever","Muslim is the best","5","5","5","4","5","5","4","4",1,0,"86","95","92","87","96","100","5","0","4","27","1981",1
"1258",1258,"3","2",3,"9","39","16","4","6","1,2,3","4","2","10","5","2","5","2","2","2","2","2","4","4","3","3","4","5","5","5","2,18,3,6,14","5","5","1",NA,NA,NA,NA,"Very good",NA,"5","5","5","5","5","5","5","4",1,0,"94","93","90","100","100","100","5","1","2","9","2000",1
"1259",1259,"2","2",1,"27","39","15","5","3","1","4","1","5","1","1","1","1","1","1","1","1","4","4","4","4","4","5","4","5","16,15,13,7,19","4","5","1",NA,NA,NA,NA,"I will increase my experience and I want to bring all the members equally.",NA,"4","4","4","4","4","4","4","4",1,0,"51","65","51","57","58","79","5","0","3","27","1981",1
"1260",1260,"2","2",3,"27","39","15","5","3","1","4","2","10","2","2","1","1","2","1","1","1","4","4","3","3","4","5","5","5","5,15,13,7,4","4","5","3",NA,NA,NA,NA,"because i like it","Nothing","4","4","5","5","5","5","4","4",1,0,"100","100","100","100","100","100","5","1","2","27","1982",1
"1261",1261,"2","2",1,"27","39","15","5","3","1","4","1","3","1","5","5","5","3","4","3","2","4","2","4","2","2","5","3","5","15,1,2,9,16","5","4","3",NA,NA,NA,NA,"Best the country a my grup represent the best","So much very best represent the absolutely","5","4","5","4","5","3","3","3",1,0,"96","100","100","95","84","85","4","1","4","27","1981",1
"1262",1262,"2","2",2,"27","39","17","5","6","1","3",NA,"9","3","2","2","2","2","2","2","2","1","4","2","2","4","5","5","5","16,1,11,15,7","5","5","1",NA,NA,NA,NA,"I would like to be representative because I can handle the group and guide them.",NA,"4","3","5","5","5","5","3","3",0,0,"60","95","77","38","89","100","5","0","4","27","2000",1
"1263",1263,"2","2",1,"27","38","15","5","3","1","4","1","9","1","2","1","1","1","1","2","1","4","4","4","4","4","5","5","5","16,15,13,19,7","5","5","1",NA,NA,NA,NA,"I can increase my experience to represent.",NA,"4","4","5","4","4","5","4","4",1,0,"66","52","57","59","76","64","5","0","3","27","1998",1
"1264",1264,"3","2",1,"9","65","16","5","3","2,3","4","2","9","2","1","1","1","2","1","2","1","4","4","3","4","3","5","4","4","9,10,7,2,19","4","4","3",NA,NA,NA,NA,"Most equality","For some reason","5","4","4","4","5","5","4","4",1,0,"70","91","83","84","88","97","5","1","4","9","1979",1
"1265",1265,"2","2",3,"5","32","13","5","6","2","3",NA,"1","1","3","1","5","4","2","2","3","2","3","2","1","3","2","5","5","10,5,4,6,15","5","4","2",NA,NA,"2","3","Because the group representative are joining me a 1 out of 20 people who were selected for price.","Because I would like to single participate without any help of Group representative. It is easy to complete my surveys.","3","3","4","5","4","5","4","3",1,0,"70","50","21","90","40","100","4","0","4","5","2014",1
"1266",1266,"2","2",3,"5","36","16","4","3","2","4","2","1","1","1","1","1","1","1","1","1","1","1","1","1","1","5","5","5","15,16,7,13,19","5","5","1",NA,NA,"2","3","Because I have the qualities of a leader which he should have",NA,"5","5","5","5","5","5","5","4",1,0,"56","77","82","49","89","60","5","1","4","5","2002",1
"1267",1267,"3","2",3,"9","40","13","3","6","3","4","2","9","1","1","1","1","1","1","1","1","4","4","4","4","4","5","5","5","11,15,18,6,9","5","5","1",NA,NA,NA,NA,"Very good",NA,"5","5","5","5","5","5","5","4",1,0,"84","99","97","92","100","100","5","1","2","9","1990",1
"1268",1268,"2","2",2,"5","26","16","4","6","1","3","2","8","4","2","2","1","3","3","1","3","1","3","3","2","3","5","5","5","4,5,16,15,13","1","1","1",NA,NA,NA,NA,"I want to be the group representative because I have a very good knowledge of geography.",NA,"5","5","5","5","5","5","5","3",1,0,"31","51","41","61","46","54","5","0","4","5","2016",1
"1269",1269,"3","2",2,"9","52","16","3","1","1","4","2","8","2","2","4","5","4","2","5","5","4","3","3","4","4","5","5","4","2,14,10,9,1","5","4","1",NA,NA,NA,NA,"The good news respeyou and your family and friends and family members of",NA,"5","5","4","4","5","4","4","4",1,0,"99","62","86","75","58","87","5","1","3","9","1989",1
"1270",1270,"3","2",1,"9","52","16","3","1","1","4","2","9","4","2","4","5","4","2","5","5","3","4","4","2","4","5","4","5","7,6,3,18,10","5","4","1",NA,NA,NA,NA,"The good work and I have a super day and a year ahead and training",NA,"5","5","4","5","4","5","4","3",1,0,"83","86","59","87","58","82","5","0","2","9","1989",1
"1271",1271,"2","2",1,"5","35","17","5","6","1","4","5","4","2","1","1","1","2","2","1","1","4","4","4","4","4","5","5","5","3,5,15,10,8","5","5","1",NA,NA,NA,NA,"To become more successful",NA,"5","5","5","5","5","5","5","4",1,0,"53","100","91","100","73","100","5","1","4","5","2005",1
"1272",1272,"2","2",3,"27","42","16","5","6","1","3",NA,"7","5","1","3","1","1","1","5","3","1","3","2","1","3","5","5","5","7,13,11,16,9","5","5","1",NA,NA,NA,NA,"I am good enough to represent the things",NA,"5","5","5","4","5","4","2","1",1,0,"50","50","0","50","50","100","5","0","4","27","1996",1
"1273",1273,"2","2",2,"27","39","15","5","3","1","4","1","4","5","4","2","1","2","3","5","5","4","3","2","3","2","5","4","5","13,15,1,16,8","4","5","3",NA,NA,NA,NA,"My group representative is the best of the most","My group is the best of the best of the important","5","5","5","4","5","4","4","4",1,0,"100","87","100","83","100","90","5","0","3","27","1981",1
"1274",1274,"2","2",3,"5","40","16","5","6","1,2","4","2","10","2","2","2","2","2","2","1","2","4","4","3","3","3","1","5","5","11,9,12,13,19","5","5","1",NA,NA,NA,NA,"As I need to explore my industry so far that rush towards worldwide ",NA,"5","5","5","5","5","5","4","4",1,0,"100","100","100","54","53","65","5","1","4","5","2001",1
"1275",1275,"2","2",1,"27","56","16","4","2","1,2","4",NA,"7","1","1","1","1","1","5","1","1","4","4","1","4","4","5","4","5","5,11,10,16,4","5","5","1",NA,NA,NA,NA,"I'm interested ",NA,"5","4","5","5","5","5","4","4",1,0,"61","76","67","55","89","74","1","1","2","27","2000",1
"1276",1276,"3","2",3,"24","22","14","5","1","1","4","12","6","2","2","2","5","5","2","2","1","4","4","3","4","4","4","3","4","16,6,10,7,17","4","5","1",NA,NA,NA,NA,"Very good work",NA,"4","5","5","5","5","5","4","4",1,0,"64","55","69","66","70","79","5","1","2","24","2014",1
"1277",1277,"3","2",3,"24","22","14","5","1","1","4","12","6","1","3","1","2","1","2","2","3","4","4","4","4","4","5","4","2","3,10,14,9,4","5","4","1",NA,NA,NA,NA,"Because it is very likely to me",NA,"5","4","5","4","5","5","4","4",1,0,"72","76","76","84","78","81","5","0","2","24","2013",1
"1278",1278,"3","2",1,"24","22","14","5","1","1","4","12","4","1","2","1","1","1","2","1","1","4","4","4","4","4","5","5","5","12,4,3,16,8","4","5","2",NA,NA,NA,NA,"Very good","Very good","5","5","4","5","4","4","5","4",1,0,"71","76","77","77","68","66","5","0","3","24","2013",1
"1279",1279,"3","2",2,"24","22","14","5","1","1","4","12","1","2","1","1","1","1","2","2","2","4","4","4","4","3","5","5","5","13,4,11,9,7","4","5","1",NA,NA,"3","2","Very good work",NA,"5","5","4","5","4","4","5","4",1,0,"72","80","82","70","78","81","5","0","2","24","2013",1
"1280",1280,"3","2",1,"9","55","13","4","3","1","4","1","7","5","3","4","4","5","3","4","5","4","4","2","3","3","5","3","5","18,5,4,10,17","3","5","1",NA,NA,NA,NA,"back to school",NA,"4","4","4","5","4","5","5","4",1,1,"43","61","25","32","66","52","5","0","3","9","2010",1
"1281",1281,"3","2",1,"9","40","17","5","3","1,2,3","4","1","7","3","3","2","2","3","3","4","4","4","4","3","3","3","4","5","4","7,19,5,14,13","4","5","1",NA,NA,NA,NA,"I  am amazed",NA,"5","4","5","4","3","4","4","4",1,0,"78","84","83","82","84","85","4","0","3","9","2012",1
"1282",1282,"3","2",1,"9","42","15","5","3","1","4","1","2","2","1","2","1","1","2","1","1","4","4","3","4","3","4","5","5","15,10,12,16,18","5","4","1",NA,NA,"3","2","Lucknow University ",NA,"5","5","5","5","4","5","5","4",1,0,"100","95","84","99","76","91","5","1","3","9","1979",1
"1283",1283,"3","2",3,"9","40","16","5","3","3","4","1","5","3","3","2","3","2","2","2","3","3","4","3","3","4","5","5","5","5,11,14,13,19","4","5","1",NA,NA,NA,NA,"Yes",NA,"4","4","5","5","5","5","4","4",1,0,"79","74","86","85","77","89","4","0","4","9","2012",1
"1284",1284,"3","2",2,"9","42","15","5","3","1","4","1","5","5","1","5","3","2","4","3","5","3","4","2","4","3","5","4","5","10,9,14,6,13","5","4","3",NA,NA,NA,NA,"This is the best of the most the good very so important","So much very liked it is the very always understand and the best and ","4","4","5","5","4","5","2","4",1,0,"90","84","97","97","99","92","4","0","3","9","1978",1
"1285",1285,"2","2",3,"9","60","9","4","1",NA,"4","2","9","1","2","1","1","2","2","1","1","4","4","4","4","3","5","5","5","1,2,16,18,12","5","5","1",NA,NA,NA,NA,"Good",NA,"5","5","5","5","5","5","5","4",1,0,"94","96","86","94","100","100","5","1","2",NA,NA,1
"1286",1286,"2","2",2,"5","40","16","3","2","1","4","2","10","2","1","1","2","2","1","1","2","4","3","4","4","3","5","5","4","5,3,7,6,10","5","4","1",NA,NA,NA,NA,"ROFL I lab uu meli ",NA,"5","5","5","4","4","4","5","4",1,0,"91","90","91","81","82","92","5","0","2","8","2020",1
"1287",1287,"3","2",3,"9","42","15","5","3","1","4","1","3","5","5","4","1","4","5","2","2","4","4","3","3","4","5","4","5","7,15,4,16,5","5","4","2",NA,NA,NA,NA,"Very good","Nothing","4","5","5","5","5","4","4","4",1,0,"100","100","99","100","100","100","5","1","3","9","1978",1
"1288",1288,"3","2",1,"9","39","16","5","1","1","4","2","2","5","1","2","3","3","2","4","1","4","4","3","3","2","5","5","5","10,6,11,13,5","5","5","1",NA,NA,"2","3","My group very loyal and poor people help",NA,"4","4","5","5","4","5","4","4",1,0,"59","92","95","90","68","70","5","0","3","9","2008",1
"1289",1289,"2","2",3,"5","25","16","2","3","1,2","4","1","9","1","1","1","1","2","1","5","1","1","3","1","2","3","5","5","5","14,11,4,19,5","5","5","2",NA,NA,NA,NA,"मुझे लगता है कि मैं समूह के प्रतिनिधित्व करने योग्य है बस इसलिए मैं समय पर प्रतिनिधित्व करना चाहता हूं","मुझे सामान्य ज्ञान की थोड़ी जानकारी कम है इसलिए मैं समूह का प्रतिनिधित्व नहीं करना चाहता","4","4","4","4","5","5","4","3",1,0,"90","95","95","95","94","100","5","0","3","5","2010",1
"1290",1290,"2","2",1,"5","36","16","5","6","1,2","3","2","3","4","3","4","5","3","4","3","2","3","4","3","3","4","4","5","4","11,15,13,18,8","5","4","2",NA,NA,NA,NA,"This is the very good leading","No","5","5","4","4","5","4","5","4",1,0,"77","98","72","79","98","86","4","0","3","5","1996",1
"1291",1291,"2","2",3,"9","60","9","4","1",NA,"4","2","1","2","1","2","1","2","2","1","1","3","4","4","4","3","5","4","5","17,18,13,4,8","5","5","1",NA,NA,"3","2","Good luck",NA,"5","4","5","5","5","5","5","4",1,0,"98","97","86","94","93","93","5","1","2",NA,NA,1
"1292",1292,"2","2",2,"9","60","9","4","1",NA,"4","2","7","1","2","1","1","2","1","2","2","4","4","4","4","4","5","5","5","14,6,8,11,12","5","5","1",NA,NA,NA,NA,"Awesome",NA,"4","4","5","5","5","4","5","4",1,0,"68","43","45","81","79","80","5","0","2",NA,NA,1
"1293",1293,"2","2",2,"9","30","13","4","6","1","3","2","1","1","1","1","1","1","1","1","1","1","1","1","1","1","5","5","5","7,14,13,12,18","3","3","4",NA,NA,"1","2",NA,"Not Interested","5","5","4","5","5","5","1","3",1,0,"100","100","100","100","100","100","5","0","4","9","2010",1
"1294",1294,"3","2",1,"9","39","16","5","1","1","4","2","7","1","2","3","3","4","2","1","1","2","4","4","3","3","5","5","4","18,16,5,15,11","5","4","1",NA,NA,NA,NA,"School experience in school life very",NA,"5","4","4","5","5","4","5","4",1,0,"100","100","100","100","100","100","5","0","3","9","2008",1
"1295",1295,"3","2",3,"9","30","16","5","3","1,2,3","4","2","3","5","1","5","1","5","5","5","1","4","4","4","4","4","5","5","5","11,4,5,10,15","5","5","3",NA,NA,NA,NA,"Good","Good to use the first time that happened ","5","5","5","5","5","5","5","4",1,0,"100","100","100","100","100","100","5","0","2","9","2003",1
"1296",1296,"3","2",1,"9","65","16","5","3","2,3","4","2","1","1","1","1","2","2","1","2","1","4","4","2","3","4","5","5","5","9,10,5,7,2","5","5","3",NA,NA,"3","2","Better group","Representative","4","5","5","4","5","5","4","4",1,0,"94","77","94","90","99","84","5","1","4","9","1979",1
"1297",1297,"2","2",2,"27","32","16","4","1","1","4","12","1","1","1","2","2","1","1","2","2","4","3","4","3","4","5","5","5","5,11,10,13,15","5","4","1",NA,NA,"3","2","Kyoki yhe bhut achcha sanghathant hai",NA,"5","5","3","4","4","5","1","4",1,0,"39","90","58","34","90","66","5","0","4","5","2018",1
"1298",1298,"3","2",3,"9","65","16","5","3","2,3","4","2","5","2","1","1","1","1","2","1","1","4","4","3","4","3","5","5","5","10,5,14,7,8","4","5","1",NA,NA,NA,NA,"It look like new",NA,"5","4","5","5","4","5","4","4",1,0,"81","100","63","73","89","100","5","0","3","9","1979",1
"1299",1299,"3","2",1,"9","45","16","3","2","2","4","2","5","4","5","4","4","5","5","4","5","3","4","4","3","4","5","5","5","19,8,11,17,12","5","5","2",NA,NA,NA,NA,"Good","Good","5","5","5","5","5","5","5","4",1,0,"88","99","100","100","99","100","2","0","3","27","1995",1
"1300",1300,"3","2",1,"24","51","13","4","6","1,2","4","2","1","3","2","5","5","3","3","4","3","4","4","3","3","2","5","5","4","12,8,4,10,5","4","5","2",NA,NA,"2","1","This is a very good","Nothing","4","4","4","5","3","3","5","4",1,0,"88","56","72","41","68","73","5","1","3","6","1995",1
"1301",1301,"2","2",3,"27","56","16","3","2","1,2","4",NA,"1","1","1","1","1","1","1","1","1","4","4","1","4","4","5","1","1","5,2,9,11,16","1","1","1",NA,NA,"2","3","VERY impressive",NA,"5","5","5","5","5","5","5","4",1,0,"97","100","89","83","84","91","5","1","3","27","2000",1
"1302",1302,"2","2",2,"5","36","16","5","6","1,2","4","2","9","4","2","1","5","3","3","5","2","3","4","2","4","3","5","5","4","15,11,12,10,18","5","4","2",NA,NA,NA,NA,"This is very good leading","No","4","4","5","4","5","5","5","4",1,0,"63","79","94","83","89","61","5","0","3","5","1985",1
"1303",1303,"2","2",1,"5","40","17","5","3","1","4","2","7","5","1","5","1","2","2","1","5","1","4","3","2","4","2","5","5","15,13,7,5,18","5","5","1",NA,NA,NA,NA,"I always have been an interest of it.",NA,"5","5","5","5","5","5","2","4",1,0,"74","82","87","92","77","98","5","0","4","5","1998",1
"1304",1304,"2","2",1,"27","18","13","2","6","2","3",NA,"9","1","1","1","1","1","1","1","1","1","1","1","1","1","2","5","5","19,14,13,15,4","5","5","1",NA,NA,NA,NA,"I am very passionate person",NA,"5","5","5","5","5","5","5","4",1,0,"100","100","100","100","100","100","5","1","4","27","2020",1
"1305",1305,"2","2",3,"9","60","9","4","1",NA,"4","2","6","5","5","5","5","5","5","5","5","4","4","4","4","4","5","5","5","6,18,15,16,13","5","5","1",NA,NA,NA,NA,"Good",NA,"5","5","4","5","5","5","5","4",1,0,"96","85","100","91","82","92","5","1","2",NA,NA,1
"1306",1306,"2","2",2,"27","28","16","4","4","1","2",NA,"2","3","3","3","1","3","3","5","3","1","4","2","1","2","3","5","5","5,11,13,7,18","4","4","2",NA,NA,"2","3","Simply","Simply","3","3","3","3","3","3","3","2",1,0,"55","50","53","74","75","100","4","1","2","27","2015",1
"1307",1307,"3","2",3,"24","26","17","4","1","2","2",NA,"2","3","3","3","3","3","3","3","3","2","2","3","3","4","2","4","4","11,12,8,16,10","5","5","1",NA,NA,"2","3","Because I have the leadership quality.",NA,"4","4","5","5","4","3","2","1",0,0,"50","49","51","52","52","52","3","0","4","24","2012",1
"1308",1308,"2","2",2,"27","48","17","5","6","1","3",NA,"8","2","2","2","2","2","2","3","2","1","4","3","2","3","5","4","5","9,5,13,8,6","5","5","1",NA,NA,NA,NA,"i""m managing a team strength of 50+ and am good at it. resolving conflict and making sure the team achieves their targets is important.",NA,"2","2","2","2","4","2","4","3",1,1,"40","40","20","40","40","40","5","1","4","27","1991",1
"1309",1309,"2","2",1,"5","24","17","4","3","1","3",NA,"6","1","1","1","1","1","1","5","5","2","4","2","1","3","5","5","5","13,19,7,15,18","5","5","1",NA,NA,NA,NA,"I want to represent the group because i have selected the sociology topic and i am currently pursuing masters in sociology so it automatically makes me the knowledgeable person yo answe topics from that section. ",NA,"4","4","4","4","4","3","4","3",1,1,"50","50","50","50","50","50","4","1","4","5","2014",1
"1310",1310,"2","2",3,"5","26","17","3","6","2","4","5","7","4","1","2","1","2","2","3","2","1","2","2","1","3","3","3","4","4,15,11,18,12","5","5","1",NA,NA,NA,NA,"I can represent the group well than others.",NA,"5","4","4","5","5","4","3","3",1,0,"64","45","33","32","58","42","4","1","3","9","2014",1
"1311",1311,"2","2",3,"5","40","17","5","3","1","4","2","1","4","1","5","1","2","2","1","5","1","4","2","2","4","4","5","2","18,5,10,15,7","5","5","1",NA,NA,"2","3","I always been stood first these kind of studies.",NA,"5","5","5","5","5","5","5","4",1,0,"77","88","89","86","85","96","5","0","4","5","2000",1
"1312",1312,"2","2",1,"9","21","16","5","6","1","4","1","4","5","3","5","1","5","5","5","5","1","3","1","1","2","5","4","3","15,16,10,11,7","4","3","1",NA,NA,NA,NA,"i always want to be the first to face any challange",NA,"4","4","4","4","3","3","4","3",1,0,"82","71","82","96","91","91","5","0","4","9","2020",1
"1313",1313,"2","2",2,"5","25","13","5","6","2","3",NA,"9","5","1","3","1","3","5","4","1","1","4","2","1","4","4","5","5","15,5,4,6,19","5","3","1",NA,NA,NA,NA,"Because they are easily understand. How can we do the surveys and how to compelet this study easily .",NA,"4","4","5","4","3","4","2","3",1,0,"70","30","60","80","50","100","5","1","3","5","2014",1
"1314",1314,"2","2",1,"27","32","9","4","1",NA,"4","12","5","1","1","1","2","1","2","2","1","3","4","4","4","3","5","5","4","5,18,15,16,4","5","4","1",NA,NA,NA,NA,"it's very good for the company ",NA,"5","5","5","4","4","4","5","3",1,0,"100","92","96","100","100","98","3","0","4",NA,NA,1
"1315",1315,"2","2",2,"9","60","9","4","1",NA,"4","2","9","2","1","2","2","2","1","1","1","4","4","4","4","3","5","5","5","10,14,18,19,4","5","4","1",NA,NA,NA,NA,"Good",NA,"5","4","5","4","4","5","5","4",1,0,"90","94","91","91","90","86","5","0","2",NA,NA,1
"1316",1316,"2","2",2,"5","25","14","5","6","1","3","5","6","3","1","4","1","2","1","1","3","1","4","1","3","4","5","5","5","8,15,5,4,7","5","2","1",NA,NA,NA,NA,"In my opinion. Group representative are mostly helpful to find a who winner in study.",NA,"4","4","3","5","3","5","4","3",1,0,"60","45","40","50","45","70","4","1","3","5","2015",1
"1317",1317,"2","2",1,"5","36","16","5","6","1,2","4","2","4","4","4","4","5","4","3","4","4","3","4","3","3","3","5","4","5","15,12,18,14,13","5","4","2",NA,NA,NA,NA,"This is the very good leading ","No","5","4","5","4","4","5","5","4",1,0,"83","83","80","84","100","93","5","1","3","5","1996",1
"1318",1318,"2","2",1,"24","24","16","5","5","1","3",NA,"5","5","3","5","2","1","2","2","2","1","4","4","2","4","3","3","3","10,4,13,15,5","4","4","1",NA,NA,NA,NA,"nothing",NA,"3","3","3","3","3","3","3","3",1,0,"30","29","30","31","49","52","3","0","4","24","2015",1
"1319",1319,"2","2",2,"27","21","17","3","4","2","2","1","7","4","2","2","1","3","3","4","2","3","4","2","2","4","5","5","5","1,8,7,13,19","3","1","2",NA,NA,NA,NA,"I am not sure","It would be easy","4","4","3","5","5","2","3","1",0,1,"67","56","69","62","48","63","4","0","4","27","2016",1
"1320",1320,"2","2",1,"27","39","15","5","3","1","4","2","10","1","2","1","2","2","1","2","1","3","4","4","4","4","5","5","4","3,6,18,7,4","5","4","1",NA,NA,NA,NA,"Information technology and services to the other one is the same as a very good",NA,"5","4","4","4","5","5","5","4",1,0,"91","92","80","82","97","81","5","0","4","27","1981",1
"1321",1321,"2","2",3,"27","42","17","4","3","1","4","6","7","1","1","2","1","2","2","1","1","3","4","3","3","4","1","5","5","15,12,11,9,10","5","5","3",NA,NA,NA,NA,"I lead very well","Because they can't handle","5","5","5","5","5","5","2","4",1,0,"70","50","50","100","100","100","5","0","2","27","2002",1
"1322",1322,"2","2",3,"5","26","14","5","6","2","4","2","2","3","1","2","1","2","3","1","5","1","4","1","3","4","5","5","5","11,5,7,15,16","5","4","1",NA,NA,"2","3","Because The group representative are work good in this survey. The highly chance to win this study, that s why I choose.",NA,"5","4","3","4","5","3","5","3",1,0,"60","40","40","50","80","90","5","0","3","5","2015",1
"1323",1323,"2","2",1,"9","29","16","3","6","1","4","4","3","3","2","2","1","3","2","2","1","4","4","3","4","4","4","5","3","10,11,4,5,15","4","4","1",NA,NA,NA,NA,"Making decisions group easy",NA,"3","4","4","4","4","5","3","4",1,0,"78","90","80","61","54","63","5","0","4","9","2010",1
"1324",1324,"2","2",2,"5","32","9","3","1",NA,"4","2","5","1","1","1","2","2","2","2","1","4","3","3","4","3","5","5","5","15,16,4,6,5","4","5","1",NA,NA,NA,NA,"It's very good and important",NA,"5","4","5","5","5","4","4","4",1,0,"92","100","100","96","100","98","5","1","3",NA,NA,1
"1325",1325,"2","2",1,"5","20","15","5","6","1","1",NA,"7","2","2","3","1","2","2","4","2","1","3","2","3","4","1","3","4","13,14,19,7,8","1","1","3",NA,NA,NA,NA,"i am good at representation","want to give chance to others","4","3","3","1","3","3","4","1",1,0,"49","51","50","66","69","64","4","1","4","5","2018",1
"1326",1326,"2","2",1,"27","50","17","4","6","1","3",NA,"2","3","3","3","3","3","3","3","3","1","2","1","1","2","5","5","5","15,13,14,19,7","5","5","2",NA,NA,"2","3","so that i can motivate other representatives","i am sincere and can follow the group representative","4","4","5","4","2","3","3","2",1,0,"73","50","60","60","50","80","5","1","4","27","1995",1
"1327",1327,"2","2",2,"5","25","13","5","6","2","3","1","7","3","2","4","3","5","2","5","4","2","4","2","3","1","5","4","5","10,15,8,7,18","5","4","1",NA,NA,NA,NA,"The group representative are mostly good fit to decide of those groups .",NA,"4","3","5","4","4","5","4","4",1,0,"70","40","50","80","80","90","5","1","3","5","2015",1
"1328",1328,"2","2",2,"9","21","16","5","3","1","3",NA,"3","4","5","4","1","5","5","5","1","1","4","1","1","3","5","4","4","10,18,12,15,16","4","4","1",NA,NA,NA,NA,"I wanna se how much i can do by being in front line",NA,"5","5","4","5","5","4","4","4",1,0,"84","76","74","85","79","86","4","1","4","9","2020",1
"1329",1329,"2","2",3,"5","26","13","5","6","2","3","1","2","3","1","4","1","2","3","4","3","1","4","2","3","4","5","5","5","11,10,15,14,18","4","4","1",NA,NA,"2","3","Because thay are know ea h other team to manage ",NA,"4","4","5","4","5","4","5","4",1,0,"70","40","50","90","60","80","5","1","3","5","2015",1
"1330",1330,"2","2",3,"27","18","13","2","6","2","4","2","7","1","1","1","1","1","1","1","1","1","1","1","1","1","5","5","5","13,14,15,19,2","5","5","1",NA,NA,NA,NA,"I am a very confident and passionate about my self so therefore I want to be a group representative.",NA,"4","5","4","5","5","5","5","4",1,0,"100","100","100","100","100","100","5","1","3","27","2020",1
"1331",1331,"3","2",2,"24","55","13","4","6","1,2","4","2","8","3","3","5","5","4","2","3","4","4","4","3","3","2","5","5","4","4,6,16,2,8","4","5","1",NA,NA,NA,NA,"This is a very good",NA,"4","5","5","5","5","4","5","3",1,0,"41","49","78","49","66","71","5","1","2","6","1990",1
"1332",1332,"2","2",2,"27","28","16","4","4","2","4","2","5","2","2","2","1","2","2","2","2","1","1","1","1","2","4","5","4","15,5,7,19,13","5","5","2",NA,NA,NA,NA,"Because I have a quality of leadership. ","If I make some mistakes all members credit effect. ","3","4","4","4","4","3","4","3",1,0,"68","60","80","36","47","34","3","0","4","27","2005",1
"1333",1333,"2","2",1,"9","21","16","3","6","2","2",NA,"2","2","1","2","1","2","2","5","2","1","1","1","1","1","5","5","5","4,5,13,15,12","1","1","3",NA,NA,"3","1","No i don’t","Yes i do not","3","4","4","5","5","1","5","3",1,0,"70","62","90","78","85","78","2","1","4","9","2017",1
"1334",1334,"2","2",3,"5","36","16","5","6","1,2","4","2","10","2","3","1","5","4","2","4","3","4","4","3","3","3","5","5","4","13,15,11,8,18","5","4","2",NA,NA,NA,NA,"This survey is very good leading","No","5","5","4","4","4","5","5","4",1,0,"97","68","85","69","95","84","5","1","2","5","1985",1
"1335",1335,"2","2",2,"5","34","14","5","1","2","4","1","7","1","1","2","1","1","2","2","1","3","4","3","2","4","5","5","5","15,7,5,4,13","5","5","1",NA,NA,NA,NA,"It's more easily to compitition",NA,"5","5","5","5","5","5","5","4",1,0,"94","100","100","100","100","100","5","1","3","5","2017",1
"1336",1336,"2","2",2,"24","24","16","1","6","1","2",NA,"8","3","3","3","2","3","3","3","3","3","2","3","2","2","3","4","4","5,13,7,11,1","5","5","1",NA,NA,NA,NA,"Because I want to become a head ofthe group. ",NA,"4","4","4","3","3","4","3","1",0,0,"49","36","40","60","50","62","5","0","4","24","2016",1
"1337",1337,"2","2",1,"27","34","17","4","6","1","4","1","7","1","1","2","1","2","1","2","1","4","4","3","4","4","5","5","5","16,5,7,4,19","5","5","1",NA,NA,NA,NA,"Because it's make good quality decisions",NA,"5","5","5","5","5","5","5","4",1,0,"85","95","67","100","100","100","5","1","4","27","2006",1
"1338",1338,"2","2",2,"27","23","15","5","6","2","3","1","2","2","1","1","1","1","3","2","2","1","3","2","3","1","1","3","5","15,12,5,9,4","4","5","1",NA,NA,"2","3","1",NA,"1","1","1","1","3","1","1","3",1,0,"92","87","91","100","100","96","5","1","4","27","2013",1
"1339",1339,"2","2",1,"27","26","16","4","6","1","3",NA,"1","4","2","4","2","3","3","3","3","3","3","3","3","3","4","5","5","1,19,13,14,8","5","5","1",NA,NA,"3","2","I was group representative in school times for such group excercise so that's why I think I have potential and experience to be a representative for this excercise.",NA,"4","4","4","3","3","3","3","3",1,0,"59","58","50","54","57","52","4","1","4","27","2012",1
"1340",1340,"2","2",1,"27","19","14","5","4","1","2","12","3","5","1","3","1","3","3","5","4","4","1","3","2","3","3","4","4","13,10,7,5,11","5","5","1",NA,NA,NA,NA,"I have knowledge for leading my group as a representative because i will support my group members and i wanted to support them also.",NA,"2","3","1","1","2","2","3","2",1,0,"9","6","11","86","88","100","5","1","4","27","2020",1
"1341",1341,"2","2",2,"27","38","16","4","6","1","4",NA,"9","1","1","1","1","1","1","2","1","3","4","4","3","3","5","4","5","4,17,15,18,16","5","4","1",NA,NA,NA,NA,"I am very represent dative and I am very excited this group word what do you think",NA,"5","5","5","5","4","5","4","4",1,0,"76","90","100","91","92","81","5","0","2","27","2010",1
"1342",1342,"2","2",2,"5","28","15","5","1","3","4","4","9","2","2","3","2","1","2","3","2","1","2","3","1","2","5","4","5","8,18,12,16,15","5","4","2",NA,NA,NA,NA,"Because I want","No I want","4","4","4","5","3","4","5","4",1,0,"69","84","78","64","75","77","5","0","4","5","2012",1
"1343",1343,"2","2",1,"5","28","16","5","3","1","4","1","3","2","1","2","2","2","3","2","2","1","4","3","4","2","5","5","5","19,18,11,10,5","5","5","1",NA,NA,NA,NA,"Because I am best'",NA,"4","5","5","3","3","5","5","4",1,0,"68","80","78","100","100","100","5","1","4","5","2012",1
"1344",1344,"2","2",3,"5","50","16","4","6","2","3","2","1","1","3","2","1","3","2","3","3","3","4","4","3","4","5","5","5","5,13,15,2,4","5","5","1",NA,NA,"3","2","Yes i know about it much ",NA,"5","5","5","5","5","5","4","3",1,0,"98","88","80","93","68","63","5","1","4","5","1990",1
"1345",1345,"2","2",2,"5","50","16","4","6","2","3","2","2","2","3","2","1","2","2","3","3","4","4","3","3","4","5","5","5","5,4,11,12,10","5","5","1",NA,NA,"3","2","I wil help them a lot as a group ",NA,"5","5","4","5","5","4","5","4",1,0,"96","98","80","84","63","61","5","1","4","5","1990",1
"1346",1346,"2","2",2,"27","32","9","4","1",NA,"4","12","8","1","1","1","2","2","2","1","2","4","4","3","3","4","5","5","5","10,11,15,5,16","5","5","1",NA,NA,NA,NA,"Good",NA,"5","5","5","5","5","5","5","4",1,0,"2","9","0","71","92","96","5","0","3",NA,NA,1
"1347",1347,"2","2",3,"5","50","16","4","6","2","3","2","6","1","1","2","1","2","2","3","2","4","4","4","4","3","5","5","5","5,4,2,10,6","5","5","1",NA,NA,NA,NA,"Yes i know about it ",NA,"5","5","4","4","5","5","4","4",1,0,"99","89","100","74","65","52","5","0","4","5","1990",1
"1348",1348,"2","2",2,"9","19","14","2","6","2","1",NA,"10","2","2","2","2","2","2","2","2","2","2","2","3","2","3","5","4","13,8,2,19,7","3","4","2",NA,NA,NA,NA,"I don't want to be group representative but I'll represent my group if none of them ready for it
","There must be better person to represent group","3","3","4","3","3","3","2","1",0,0,"80","78","73","62","72","64","4","0","4","9","2020",1
"1349",1349,"2","2",2,"27","35","15","5","1","1","4","1","2","1","5","1","1","5","5","5","1","4","4","4","4","4","5","5","5","5,1,18,8,4","5","4","1",NA,NA,"3","2","Doctor",NA,"5","5","4","5","4","4","5","4",1,0,"83","95","98","89","94","100","5","1","2","27","2010",1
"1350",1350,"2","2",3,"5","25","13","5","6","2","4","2","10","3","1","4","1","2","3","3","1","1","4","3","2","4","4","4","5","10,15,5,4,7","4","5","1",NA,NA,NA,NA,"Because I think The Group representative are good to know each team how can they complete this study.",NA,"5","4","4","5","3","4","3","3",1,0,"30","40","70","70","60","90","5","1","3","5","2015",1
"1351",1351,"2","2",1,"5","30","13","5","6","2","4","1","3","3","2","3","1","3","2","4","1","1","4","3","2","4","5","5","4","10,15,13,16,7","5","5","1",NA,NA,NA,NA,"The Group representative have  knowledge and skills Thay are help me to complete this study.",NA,"3","5","5","4","4","4","4","4",1,0,"50","40","60","80","70","90","4","0","3","5","2015",1
"1352",1352,"2","2",2,"27","29","16","2","6","1","4","5","6","1","1","1","2","1","1","3","1","3","1","2","1","2","4","4","4","19,13,15,18,5","3","3","1",NA,NA,NA,NA,"Ok",NA,"4","4","4","4","4","4","1","3",1,0,"98","79","96","78","88","99","4","1","4","27","2008",1
"1353",1353,"2","2",3,"9","25","17","4","3","1","3",NA,"6","1","1","2","1","3","1","3","2","1","4","2","3","2","4","4","5","7,5,10,18,15","5","5","1",NA,NA,NA,NA,"I'm good at general knowledge of geography
",NA,"4","4","5","4","4","4","4","2",1,0,"82","65","62","77","94","87","4","0","3","9","2017",1
"1354",1354,"2","2",2,"27","32","16","5","6","1,4","1",NA,"10","2","2","3","2","3","3","3","3","2","3","2","2","3","4","4","5","15,13,12,18,14","4","5","1",NA,NA,NA,NA,"Will truly justify",NA,"5","5","4","5","5","2","3","1",0,0,"50","50","50","50","50","50","5","0","4","27","2009",1
"1355",1355,"2","2",3,"27","56","16","4","2","1,2","4",NA,"10","1","1","1","1","1","1","1","1","4","4","1","4","4","5","5","5","8,11,15,7,5","5","5","1",NA,NA,NA,NA,"Information technology and telecommunications",NA,"5","5","4","5","5","5","4","4",1,0,"100","100","87","100","92","98","5","1","2","27","2000",1
"1356",1356,"2","2",1,"5","24","16","5","6","1","3","1","1","3","3","2","1","3","3","3","2","1","4","2","1","4","4","5","5","5,4,7,13,15","5","3","2",NA,NA,"3","1","I can be a good group representative and I feel i can do it.","I think it would not be my cup of tea as it contains lot of work.","4","5","3","5","4","3","4","3",1,0,"20","25","35","14","20","27","5","1","4","5","2020",1
"1357",1357,"2","2",1,"5","28","16","4","3","1","3","5","4","3","2","3","1","2","3","4","2","1","3","2","1","3","4","5","4","14,8,13,15,7","5","5","1",NA,NA,NA,NA,"Because I have a great knowledge about the politics than my group members",NA,"5","5","5","4","4","5","5","3",1,0,"35","37","26","35","26","33","5","1","4","5","2011",1
"1358",1358,"2","2",3,"5","38","17","5","6","2","3",NA,"7","3","3","3","3","3","3","3","3","2","2","2","2","3","4","4","4","13,14,15,10,8","4","4","2",NA,NA,NA,NA,"I can be good representative","Responsibility","4","3","4","4","4","4","4","2",1,0,"82","85","69","21","26","55","4","0","4","5","2003",1
"1359",1359,"2","2",2,"27","18","14","4","5","1","2",NA,"4","2","1","1","1","1","1","1","1","3","3","3","4","3","4","4","4","15,12,7,19,11","3","3","2",NA,NA,NA,NA,"I am interested","I dont have much knowledge and skill","3","4","4","3","3","1","4","1",0,0,"60","89","70","59","65","89","4","1","3","27","2018",1
"1360",1360,"2","2",3,"27","32","16","4","3","1","4","1","10","3","3","3","3","3","3","3","3","3","3","3","2","4","4","5","5","2,8,10,15,7","5","5","1",NA,NA,NA,NA,"Because I think I can manage efficiently and help other members. ",NA,"4","4","4","5","4","3","4","4",1,0,"50","50","50","50","50","50","4","1","4","27","2008",1
"1361",1361,"2","2",1,"5","30","16","5","2","1","4","2","2","5","3","2","2","4","3","1","2","3","2","3","3","4","5","4","5","13,5,2,14,11","4","5","3",NA,NA,"2","3","Topics of school are discussed ","It’s good","3","5","3","5","5","3","4","3",1,0,"91","75","99","79","90","100","4","0","4","5","2010",1
"1362",1362,"2","2",1,"5","26","16","5","3","1","3","5","2","3","3","3","3","3","3","5","3","2","4","2","3","4","5","3","3","18,10,1,9,19","5","5","1",NA,NA,"3","2","Leadership skills",NA,"3","4","3","4","4","4","2","2",1,0,"23","6","10","13","15","16","4","0","4","5","2013",1
"1363",1363,"2","2",2,"5","23","15","5","6","1","3",NA,"7","3","3","3","2","3","3","3","3","1","4","4","2","3","4","4","4","7,19,10,5,15","2","2","4",NA,NA,NA,NA,NA,"I don't know much about geography or sociology.","3","2","2","3","4","1","2","2",0,0,"40","50","20","50","70","60","3","0","4","5","2017",1
"1364",1364,"2","2",3,"5","27","16","5","3","1","4","2","3","4","4","1","1","2","2","1","4","4","1","3","2","4","4","4","5","8,18,14,7,2","5","4","1",NA,NA,NA,NA,"Because I think I am doing my best",NA,"5","5","5","5","5","5","4","4",1,0,"89","92","100","63","49","54","5","1","3","5","2016",1
"1365",1365,"2","2",1,"27","24","16","3","4","2","2",NA,"4","2","4","4","1","4","4","4","4","3","3","4","3","3","5","5","4","15,16,10,13,7","5","1","1",NA,NA,NA,NA,"I will ask easy to all my group members what they need to do actually in critical stages and I will also be able to get them to work on the project management system. ",NA,"4","4","5","4","4","4","5","3",1,0,"63","53","91","58","82","48","4","1","4","27","2018",1
"1366",1366,"2","2",3,"5","28","16","2","6","1","3","1","3","4","2","2","1","3","3","3","1","3","4","3","3","2","3","5","4","18,15,7,10,12","4","4","1",NA,NA,NA,NA,"Because I am interested",NA,"3","4","4","4","4","4","4","3",1,0,"93","69","73","74","92","87","4","1","3","5","2011",1
"1367",1367,"2","2",1,"5","25","16","5","6","2","2",NA,"10","2","1","1","2","1","1","5","5","3","3","3","3","3","4","5","5","14,13,7,19,10","4","5","2",NA,NA,NA,NA,"I want to influence people to helping the growth of nation","Nothing","4","4","3","1","3","3","3","2",1,0,"62","55","76","74","58","65","5","0","4","5","2014",1
"1368",1368,"2","2",3,"9","61","9","4","1",NA,"4","2","8","2","1","1","1","1","1","2","2","4","4","3","3","4","5","5","4","18,6,17,10,2","5","5","1",NA,NA,NA,NA,"Good",NA,"5","5","5","5","5","5","5","4",1,1,"97","94","95","100","96","100","5","0","2",NA,NA,1
"1369",1369,"2","2",2,"5","40","17","3","3","1","3","2","3","3","2","3","1","3","2","2","3","2","2","3","2","3","4","5","5","15,19,7,13,14","4","4","3",NA,NA,NA,NA,"There are no hindi meanings for I have a superpower to control the mind of the person and do what can I sayI have a superpower to control the mind of the person and do what can I sayI have a superpower to control the mind of the person and do what can I sayI have a superpower to control the mind of the person and do what can I sayI have a superpower to control the mind of the person and do what can I say","I have a superpower to control the mind of the person and do what can I sayI have a superpower to control the mind of the person and do what can I sayI have a superpower to control the mind of the person and do what can I sayI have a superpower to control the mind of the person and do what can I sayI have a superpower to control the mind of the person and do what can I sayI have a superpower to control the mind of the person and do what can I sayI have a superpower to control the mind of the person and do what can I sayI have a superpower to control the mind of the person and do what can I say","4","4","5","4","4","4","4","3",1,0,"78","60","92","80","69","93","5","0","4","5","1998",1
"1370",1370,"2","2",1,"9","32","13","5","6","2","4",NA,"5","4","1","5","1","4","1","5","3","1","4","1","2","3","5","3","1","5,10,13,7,11","5","5","1",NA,NA,NA,NA,"Because Imy subject is geography, so I can answer geography questions easily. That is the reason.",NA,"3","1","2","2","1","2","2","2",1,1,"11","14","15","96","86","100","5","1","3","9","2007",1
"1371",1371,"2","2",3,"27","29","16","5","6","1","4","1","3","3","1","2","1","2","1","3","1","1","2","2","1","3","4","5","5","10,18,19,15,11","5","5","1",NA,NA,NA,NA,"I am always willing to take up task as a representative of the prople and would love to lead people to success.",NA,"5","5","5","5","5","5","2","3",1,0,"50","51","25","52","55","53","5","0","4","27","2008",1
"1372",1372,"2","2",2,"5","23","16","5","6","1","1",NA,"1","2","2","2","2","2","2","5","2","1","4","3","2","4","3","3","3","13,19,15,9,14","5","5","4",NA,NA,"2","3",NA,"Because i don't like responsibility its a bugger","3","3","3","3","3","3","3","2",0,0,"57","53","49","50","48","48","4","1","2","5","2018",1
"1373",1373,"2","2",1,"27","27","16","5","6","1","3","12","9","1","1","3","1","1","1","5","2","1","4","2","3","2","4","5","5","2,15,16,12,18","5","5","1",NA,NA,NA,NA,"Because I have good knowledge of the subject",NA,"5","4","4","4","4","4","4","2",1,0,"66","41","12","77","96","96","5","0","4","27","2009",1
"1374",1374,"2","2",3,"27","33","16","5","1","1","3","14","8","3","3","2","3","3","3","3","3","1","1","1","1","1","3","5","5","8,5,4,17,13","4","4","2",NA,NA,NA,NA,"I have quality of leadership","I find it boaring","3","3","3","3","3","3","3","3",1,0,"76","80","85","62","47","61","4","1","4","27","2017",1
"1375",1375,"2","2",2,"27","20","16","5","4","1","2",NA,"5","3","3","3","1","3","3","5","5","3","3","2","4","4","4","2","4","15,5,10,4,16","4","4","2",NA,NA,NA,NA,"Because I have skill of group leader ","I dont want to be blamed for anything that goes wrong","4","3","2","4","3","2","2","1",0,0,"68","79","50","40","89","20","5","0","4","27","2020",1
"1376",1376,"2","2",1,"27","30","16","5","6","1,2","3","12","7","2","1","3","1","3","2","4","2","2","2","3","2","3","4","5","4","15,13,5,4,2","5","5","1",NA,NA,NA,NA,"I just want to.",NA,"3","4","3","4","4","4","2","2",1,0,"60","60","49","60","50","40","4","0","4","27","2012",1
"1377",1377,"2","2",2,"27","26","16","5","6","2","3","1","7","1","1","1","1","1","1","1","1","1","3","1","2","4","1","5","5","13,7,11,12,8","5","5","1",NA,NA,NA,NA,"I am a protagonist by personality.",NA,"3","4","4","3","3","4","3","3",1,0,"30","42","34","37","41","71","4","0","4","27","2012",1
"1378",1378,"2","2",2,"5","38","16","5","6","1,2","3","2","3","4","4","4","5","4","3","4","4","3","4","3","3","3","4","4","5","5,11,18,17,15","4","5","2",NA,NA,NA,NA,"That's good leading","No","4","4","5","4","5","4","5","3",1,0,"68","89","77","65","87","88","4","1","2","5","1994",1
"1379",1379,"2","2",2,"5","25","17","5","4","1","4",NA,"6","2","1","1","1","1","1","2","2","1","3","2","1","3","5","5","5","15,16,18,13,19","5","5","1",NA,NA,NA,NA,"I will take every decision responsibly. ",NA,"2","3","3","2","4","2","4","3",1,0,"98","97","99","83","88","90","5","1","4","5","2013",1
"1380",1380,"2","2",3,"9","38","17","4","6","1","2",NA,"4","4","2","3","3","3","3","3","3","3","3","3","4","4","3","4","4","13,14,7,4,5","4","4","1",NA,NA,NA,NA,"To lead the group",NA,"4","4","4","4","4","4","4","2",1,0,"50","50","50","50","50","50","4","0","3","9","2003",1
"1381",1381,"2","2",2,"24","18","13","5","6","1","2",NA,"3","2","1","3","1","2","3","5","3","1","1","1","1","1","3","5","5","10,5,15,6,8","5","5","1",NA,NA,NA,NA,"Because I decided to share equal amount",NA,"4","3","2","3","3","3","3","1",1,1,"35","48","46","81","66","100","3","0","4","24","2020",2
"1382",1382,"2","1",2,"27","21","16","4","6","1","3","2","8","3","3","1","4","3","4","2","3","2","4","4","1","3","4","5","4","18,12,15,16,17","4","4","1",NA,NA,NA,NA,"I think I posses the required qualities which are required to be a successful leader . & Basedc on that I believe that I would be able to reach the required terget decidee by the entire group ",NA,"4","4","4","3","3","4","4","3",1,0,"70","70","56","52","54","60","4","0","3","27","2020",2
"1383",1383,"3","2",3,"9","65","16","5","3","1,2","4","2","2","1","2","1","2","2","1","1","2","4","4","3","4","4","5","5","4","11,5,4,8,10","5","4","1",NA,NA,"2","3","Because it fits my thinking",NA,"5","4","4","5","5","4","5","4",1,0,"74","68","59","90","76","68","4","0","1","9","1979",2
"1384",1384,"3","2",3,"5","37","17","4","6","1,2,3","4","2","6","1","1","1","1","1","1","1","1","4","4","4","4","4","5","5","5","4,11,16,5,15","5","5","1",NA,NA,NA,NA,"All good because is the best way",NA,"5","5","5","5","5","5","4","4",1,0,"100","100","100","100","100","100","5","1","3","5","1998",2
"1385",1385,"3","1",2,"24","22","16","5","1","2","1",NA,"7","4","2","1","3","2","2","4","4","2","3","2","3","2","2","2","1","15,18,4,1,10","2","4","3",NA,NA,NA,NA,"I can beat everyone by my skills","I don't have knowldege of groupisum and team work","4","3","2","2","2","3","4","2",1,0,"50","48","42","29","57","53","4","0","2","24","2019",2
"1386",1386,"2","1",1,"5","39","17","5","3","2","4","2","6","5","5","5","2","5","4","5","1","4","2","4","4","4","5","5","5","13,12,4,18,16","5","5","1","2","3",NA,NA,"Groups are very useful caring",NA,"5","5","5","5","5","5","5","4",1,0,"100","94","100","100","100","100","5","1","3","5","2004",2
"1387",1387,"2","2",2,"27","34","16","4","4","1","3","1","7","2","2","1","1","1","2","2","2","1","2","2","1","2","5","5","4","19,2,7,15,9","3","5","1",NA,NA,NA,NA,"I am very interested in sociology and I have confidence to succeed the survey until last",NA,"4","3","5","5","4","2","3","3",1,0,"52","56","55","52","52","52","5","0","4","27","2006",2
"1388",1388,"2","1",3,"5","29","16","5","3","1","4","5","6","1","5","2","3","2","5","5","1","1","4","2","3","4","5","5","5","15,7,12,16,11","5","5","1","2","3",NA,NA,"Because I like to share or heard about history advices",NA,"5","5","5","3","5","5","4","4",1,0,"78","64","100","35","23","35","5","0","3","5","2012",2
"1389",1389,"2","1",1,"24","21","15","5","7","2","3","2","5","4","3","1","5","3","5","1","2","1","3","2","1","3","4","4","5","15,17,4,16,12","4","5","2","2","3",NA,NA,"Because I always think I am a leader","Because it was very tough work","4","4","4","5","3","2","3","4",1,0,"60","70","66","60","66","50","5","1","3","24","2017",2
"1390",1390,"2","1",3,"5","22","14","4","7","3","2","2","8","4","2","1","2","3","2","3","3","3","1","2","4","3","3","5","5","8,16,4,15,6","4","4","1",NA,NA,NA,NA,"Because group representative makes major decisions",NA,"5","4","2","4","4","3","4","1",1,0,"27","47","65","37","29","48","3","1","3","5","2017",2
"1391",1391,"2","1",1,"9","28","15","5","6","2","4",NA,"3","1","1","1","1","1","1","1","1","3","3","3","3","3","3","4","3","4,13,11,18,2","2","1","2","2","3",NA,NA,"A good time for the use was conducted","A few weeks ago that I can get a few days","3","4","5","4","3","2","5","3",0,0,"75","68","63","68","47","59","5","1","3","9","2012",2
"1392",1392,"2","1",3,"9","21","16","2","3","3","1",NA,"4","3","4","2","5","4","3","2","4","4","3","2","4","4","4","5","5","10,1,9,3,2","4","4","1","2","3",NA,NA,"To provide more information by the group to other people",NA,"4","4","4","4","3","4","4","2",1,0,"43","70","65","36","87","36","4","0","4","9","2016",2
"1393",1393,"3","2",3,"5","25","16","4","2","1","3","1","6","1","4","2","3","2","2","2","3","2","3","2","2","3","4","4","5","10,11,2,15,6","5","5","1",NA,NA,NA,NA,"Because I'm the born leader.",NA,"5","5","4","4","4","3","5","4",1,0,"83","70","93","95","91","90","5","0","4","5","2020",2
"1394",1394,"3","1",3,"27","56","16","1","1","2","4","2","2","4","5","1","5","5","1","1","5","4","1","1","4","4","5","5","5","4,15,16,11,10","5","5","1",NA,NA,NA,NA,"I am teacher",NA,"5","5","5","5","5","5","5","4",1,0,"90","60","51","90","75","70","5","0","2","27","2005",2
"1395",1395,"2","1",2,"24","19","15","3","6","1","2","2","8","2","2","1","2","2","2","3","3","2","2","3","3","3","4","4","5","13,15,12,16,19","3","4","1",NA,NA,NA,NA,"For select best study exercises ",NA,"4","4","4","4","3","3","3","2",1,0,"57","89","78","30","21","15","4","0","3","24","2020",2
"1396",1396,"2","2",1,"5","34","16","4","3","1,2","3","2","3","4","4","4","5","4","3","4","4","3","4","3","3","3","4","4","5","5,13,8,15,10","4","3","2",NA,NA,NA,NA,"It's very leading","No","4","3","3","3","4","4","4","3",1,0,"82","88","85","87","89","79","4","0","3","5","1996",2
"1397",1397,"2","1",2,"24","25","17","5","1","1","4","2","5","1","1","1","4","3","1","1","2","1","2","1","3","3","5","5","5","12,8,13,4,15","5","1","1","2","3",NA,NA,"Because i want win survey",NA,"4","3","5","5","4","4","4","4",1,0,"57","49","87","46","72","59","5","0","4","24","2013",2
"1398",1398,"3","1",1,"5","37","15","5","7","1","4","1","4","1","1","2","2","2","1","1","1","4","4","4","4","3","5","5","5","17,13,15,19,7","5","5","2","3","2",NA,NA,"Group responsibility is very important for me to be a Shaktimaan because possible is everything going over my balcony reports and I would be able to make sure","Group responsibility for any questions or two men balls and briefly explain how you plan","5","5","5","5","4","4","5","4",1,0,"67","88","83","65","63","89","5","1","4","5","2015",2
"1399",1399,"3","1",2,"24","50","13","3","6","1,2,3","4","2","5","1","1","1","1","1","1","1","2","4","4","4","4","4","5","5","4","9,11,14,10,4","5","4","1","1","2",NA,NA,"I like is good ",NA,"4","4","5","4","5","4","4","4",1,0,"25","35","29","36","43","36","4","1","2","24","1970",2
"1400",1400,"2","1",1,"9","20","11","4","1","2","3","2","6","3","3","2","2","3","2","2","3","2","3","2","2","3","3","4","4","7,13,19,16,15","3","3","2","3","1",NA,NA,"It is because i think I can answer to your questions correctly","It is because if I didn't give correct answer me and my group earning will effect","4","4","4","4","3","4","3","2",0,0,"70","80","80","60","75","72","5","1","4","12",NA,2
"1401",1401,"3","1",3,"5","30","13","3","6","2","3","2","10","1","1","1","1","1","1","1","1","1","1","1","1","2","2","4","4","6,12,8,7,4","5","4","2",NA,NA,NA,NA,"To lead the group","Errors made","3","3","3","3","3","2","3","3",1,0,"70","65","70","69","63","55","4","0","3","5","2008",2
"1402",1402,"3","2",2,"27","24","13","3","1","2","2","1","2","3","2","3","1","2","2","3","2","1","3","2","1","2","3","1","1","8,1,2,10,15","3","4","1",NA,NA,"2","1","I don't know I want to be",NA,"4","4","4","4","4","5","2","1",1,0,"80","85","100","85","83","87","5","0","4","27","2014",2
"1403",1403,"2","1",1,"9","21","11","1","6","1","1",NA,"7","3","3","3","3","1","3","3","3","3","4","4","3","4","4","4","3","15,16,18,12,13","4","4","1",NA,NA,NA,NA,"Me nhi banna chata ho

",NA,"1","4","3","4","3","3","3","3",0,0,"10","50","90","5","4","10","2","1","4","9",NA,2
"1404",1404,"3","2",3,"5","37","17","5","6","1","4","2","6","2","2","2","2","2","2","2","2","2","2","2","2","2","1","5","5","16,15,5,7,18","5","5","1",NA,NA,NA,NA,"To be a representative",NA,"5","5","5","5","5","5","5","4",1,0,"97","98","98","97","99","95","4","1","4","5","2006",2
"1405",1405,"2","2",3,"5","30","17","5","4","1","4","1","6","3","3","3","1","3","3","3","1","3","3","3","3","3","5","4","3","13,7,5,19,12","5","4","1",NA,NA,NA,NA,"I PERSONALLY WANTED TO REPRESENT MY GROUP AS I CAN HANDLE IT VERY MUCH EASILY. ",NA,"3","4","4","4","5","5","3","4",1,0,"84","93","92","95","96","95","5","1","4","5","2008",2
"1406",1406,"2","1",1,"9","23","12","1","3","1","1",NA,"2","3","3","1","2","3","3","5","4","2","4","2","3","3","4","4","4","15,7,10,18,13","5","5","1",NA,NA,NA,NA,"I always make decisions on considering all the points ",NA,"2","2","5","4","3","2","4","3",1,0,"100","98","80","91","70","79","5","0","4","9",NA,2
"1407",1407,"3","2",2,"5","30","16","3","6","1","3","5","3","2","2","2","1","3","2","2","1","2","4","2","3","4","5","4","5","2,10,12,5,15","5","5","1",NA,NA,NA,NA,"Because I believe in India and I have been able to get a chance to achieve some of the reasons to be proud to be a indian",NA,"4","4","4","5","5","4","5","3",1,0,"91","80","85","92","97","95","5","0","3","5","2007",2
"1408",1408,"3","1",3,"9","37","16","5","6","1,2","3","2","8","2","3","1","4","3","2","2","4","1","2","1","1","1","4","4","5","13,7,8,10,18","5","5","1",NA,NA,NA,NA,"It tells us about our past history how our ancestors have done many things for our country.",NA,"3","4","5","4","3","2","4","3",1,0,"90","60","41","27","50","68","5","1","4","9","2003",2
"1409",1409,"3","1",2,"5","39","16","5","6","1","4","2","6","2","3","2","4","2","5","1","4","4","2","3","3","4","5","4","5","13,7,8,4,15","5","4","1","2","3",NA,NA,"It is very good.",NA,"5","4","4","5","4","4","5","4",1,1,"41","45","34","52","49","51","2","0","2","5","2003",2
"1410",1410,"3","2",3,"5","37","16","4","6","1","4","2","2","1","1","1","1","1","1","1","1","2","2","3","3","2","4","5","4","5,6,19,9,7","5","4","1",NA,NA,"2","1","Muslim yes",NA,"5","4","4","4","4","5","5","4",1,0,"35","53","65","38","100","67","4","1","2","5","2015",2
"1411",1411,"2","2",2,"27","30","16","4","2","2","3","3","1","4","1","2","1","2","2","3","2","2","4","3","3","2","4","5","5","12,2,10,11,13","4","3","1",NA,NA,"2","3","Because I can give all the answers that you want to know so that I think I must be the group s representative ",NA,"5","4","4","4","4","5","3","3",1,0,"47","49","41","50","53","53","5","0","4","27","2010",2
"1412",1412,"3","2",1,"5","31","17","5","6","2","4","2","4","3","3","4","3","4","2","4","4","4","4","4","3","4","5","5","5","13,5,4,7,16","5","5","1",NA,NA,NA,NA,"Describe the our calcutre",NA,"4","4","4","5","4","4","4","4",1,0,"37","48","22","49","28","44","5","1","3","5","2004",2
"1413",1413,"3","1",2,"5","39","15","5","7","1","4","2","1","1","1","2","1","1","1","2","1","4","4","4","4","3","5","5","5","11,7,12,5,10","5","5","2",NA,NA,NA,NA,"A representative sample is a subset of a population that seeks to accurately reflect the characteristics of the larger group. For example, a classroom of 30 students with 15 males and 15 females could generate a representative sample that might include six students: three males and three females.","typical or characteristic example a nonrepresentative sample. b : not of, based on, or constituting a government in which the many are represented by persons chosen from among them usually by election nonrepresentative governments","5","5","5","5","5","5","5","4",1,0,"80","74","93","88","77","75","5","1","3","5","2016",2
"1414",1414,"3","1",2,"27","32","17","4","6","1","4","2","2","1","1","1","2","2","2","1","2","1","1","1","1","2","5","5","5","4,15,7,13,19","4","5","1",NA,NA,NA,NA,"Because I think I can give right answers ",NA,"1","1","1","2","1","1","2","4",1,1,"100","100","93","84","78","80","5","0","4","27","2013",2
"1415",1415,"3","1",2,"5","39","16","2","3","2","4","2","5","1","1","1","2","2","1","1","2","1","1","1","1","1","5","5","5","12,4,8,13,2","5","4","3","2","3",NA,NA,"My bast lider","Its no bast","4","4","4","4","5","5","4","4",1,1,"76","82","84","75","70","66","2","0","4","5","2005",2
"1416",1416,"3","1",1,"9","30","16","3","7","1","4","2","9","4","2","1","3","3","1","2","2","1","2","1","1","2","5","5","5","1,18,12,19,10","5","5","1",NA,NA,NA,NA,"I want to be group representative because I believe that I have greater commons on the subjects than other",NA,"5","4","4","5","4","5","2","4",1,0,"81","85","89","86","71","88","5","1","4","9","2007",2
"1417",1417,"2","2",2,"27","26","13","3","6","1","4","1","8","1","1","1","1","1","1","2","1","1","2","1","1","3","5","5","5","15,16,13,19,7","5","5","1",NA,NA,NA,NA,"Beacause i am a very good leader",NA,"1","3","2","4","1","2","4","3",1,0,"69","85","64","32","58","73","5","1","4","27","2008",2
"1418",1418,"3","2",2,"5","38","17","4","6","1,2,3","4","2","3","1","1","1","1","1","1","1","1","4","4","4","4","4","5","5","5","5,15,16,11,10","5","5","1",NA,NA,NA,NA,"Good future for hard working study",NA,"5","5","5","5","5","5","5","4",1,0,"100","100","100","100","100","100","5","0","3","5","1998",2
"1419",1419,"3","1",3,"5","34","17","5","6","1","3","2","3","3","3","3","3","3","3","3","3","2","3","2","3","3","5","5","5","7,19,14,13,8","5","5","1","3","2",NA,NA,"I believe that I have the potential to coordinate between the group members and my work experience will add to the performance",NA,"4","4","3","5","4","4","4","2",1,0,"50","50","50","50","50","50","5","1","4","5","2006",2
"1420",1420,"2","2",1,"9","29","16","3","6","1","4","4","7","3","2","1","1","3","2","2","2","4","4","3","4","4","4","4","3","10,16,15,4,5","5","3","1",NA,NA,NA,NA,"We make all decision by group",NA,"2","3","4","5","4","4","4","4",1,0,"84","69","75","57","56","69","5","0","3","9","2010",2
"1421",1421,"2","2",2,"9","29","16","4","6","1","4","4","3","1","1","2","1","3","1","3","1","3","4","3","4","4","5","5","5","12,4,5,7,6","5","4","1",NA,NA,NA,NA,"Because I want to see something different experience in my life",NA,"5","4","5","5","5","5","4","4",1,1,"88","90","80","73","95","84","5","0","3","9","2016",2
"1422",1422,"2","2",2,"5","32","16","5","6","1,2","2","2","6","4","5","4","5","1","4","5","2","4","4","3","2","2","5","4","5","16,15,8,4,11","5","5","1",NA,NA,NA,NA,"I like it ",NA,"5","5","5","5","4","5","5","4",1,0,"86","93","52","96","88","66","4","1","2","5","2010",2
"1423",1423,"3","1",1,"9","20","16","5","6","1","3",NA,"7","3","3","2","3","3","3","3","3","2","2","2","1","4","5","5","4","18,15,11,19,7","4","4","1",NA,NA,NA,NA,"Because I think I am a quite good decision maker. ",NA,"4","4","4","4","4","3","4","2",0,0,"50","50","80","50","50","50","4","0","4","9","2020",2
"1424",1424,"3","1",3,"27","40","17","5","6","1","4","1","9","2","2","2","2","2","2","3","1","2","2","1","1","2","4","5","5","15,10,13,18,7","4","4","1",NA,NA,NA,NA,"BEING A GROUP REPRESENTATIVE I CAN VOLUNTEER MY GROUP ACCORDINGLY. ",NA,"4","4","4","4","4","4","4","4",1,0,"76","80","85","69","73","94","5","1","3","27","1998",2
"1425",1425,"3","2",2,"5","49","11","4","1","1,2","4","2","10","1","1","1","2","2","1","2","1","4","3","3","4","3","5","5","5","6,1,10,16,14","3","5","1",NA,NA,NA,NA,"This is best thing surveys ",NA,"3","5","4","5","3","4","5","4",1,0,"61","82","77","80","53","56","5","1","2","5",NA,2
"1426",1426,"3","1",1,"9","30","17","3","6","1","3","2","10","3","2","2","3","2","3","2","3","1","2","2","1","3","3","3","4","8,13,14,7,2","3","5","1",NA,NA,NA,NA,"because I think I can  help the group and feel that I can help the group. I feel the topic I chose would be right for payment",NA,"3","4","3","5","4","3","3","3",1,0,"54","53","55","54","57","57","5","0","4","9","2009",2
"1427",1427,"3","1",2,"27","54","16","2","4","1","1",NA,"4","2","2","2","2","2","2","2","3","3","3","3","2","3","5","2","4","2,12,18,17,16","3","4","2","2","3",NA,NA,"प्रतिनिधि के कारण सबका फायदा हो सकता है","किसिका हक नही लेना चाहती हू","2","2","4","5","4","2","4","1",0,0,"55","78","74","42","72","61","4","0","3","27","1986",2
"1428",1428,"3","1",1,"24","21","16","5","6","1","3","2","6","3","3","3","3","3","3","3","3","2","3","1","3","2","3","4","5","15,18,12,4,5","3","5","1","3","2",NA,NA,"I used to become leader in group projects in school and my classmates used to believe in me so i want to become representative",NA,"4","4","3","5","3","4","4","3",1,0,"81","80","49","47","50","84","5","0","2","24","2018",2
"1429",1429,"3","1",2,"27","35","17","5","1","2","4","2","1","3","1","1","1","1","1","1","1","1","1","1","1","1","3","1","1","2,18,12,15,16","1","1","1",NA,NA,NA,NA,"As I work in mangement sector in my office and from last 3 years am arranging all the meetings ,schedules in my office.I think am having capability to direct my group towards positive way.Thank you",NA,"5","5","5","5","3","4","2","4",1,0,"100","100","100","100","100","100","5","1","4","27","2002",2
"1430",1430,"3","1",3,"5","20","15","5","6","4","3","2","10","3","2","2","5","3","2","1","4","4","1","1","2","4","1","1","1","4,8,18,14,11","4","5","1",NA,NA,NA,NA,"I want to be the representative because I think that I have the qualities of a representative",NA,"4","3","3","5","4","1","2","2",0,0,"73","72","91","2","1","3","2","0","4","5","2017",2
"1431",1431,"3","1",3,"5","40","17","5","1","1","4","2","5","1","1","2","2","1","1","2","1","1","2","2","1","2","4","4","5","13,1,9,19,15","4","5","1","2","3",NA,NA,"Because i want to earn more",NA,"5","4","5","5","5","4","4","4",1,0,"29","36","50","73","54","33","5","1","3","5","2005",2
"1432",1432,"3","1",2,"27","25","17","2","3","2","2",NA,"6","3","3","1","2","3","3","2","2","2","2","2","2","2","4","5","5","17,15,4,7,8","4","4","2","2","3",NA,NA,"Im confident","nothing","5","4","4","4","4","4","5","2",0,0,"78","79","61","59","92","69","4","0","2","27","2016",2
"1433",1433,"3","1",1,"27","31","17","5","3","1","3","2","4","2","1","1","3","1","3","2","3","3","2","2","3","4","4","4","3","12,16,18,4,8","4","4","2","3","2",NA,NA,"I WAS ALWAYS A MONITOR IN SCHOOL, I HOPE  I CAN REPRESENT THE GROUP VERY WELL.","MIGHT BE PARTNERS ARE MORE ACCURATE AND KNOWLEDGABLE IN ANSWERING THE PART. SO IT WILL BE HELPFUL FOR THE GROUP IF THEY CAN BECOME A GROUP REPRESENTATIVE.","3","3","3","2","4","2","2","2",1,0,"70","64","89","50","40","60","5","0","3","27","2008",2
"1434",1434,"3","2",1,"5","35","11","5","6","1","4","6","9","1","1","1","1","1","1","1","1","4","4","4","4","4","5","4","5","11,6,16,4,5","5","4","1",NA,NA,NA,NA,"This is a very good and fantastic and very interested in the experience",NA,"5","4","5","4","4","5","5","4",1,0,"90","96","94","87","91","93","5","1","3","5",NA,2
"1435",1435,"3","1",2,"5","30","13","3","6","2","3","2","6","1","1","1","1","1","1","1","1","1","1","1","1","2","2","4","4","7,8,12,2,4","4","4","2","3","2",NA,NA,"To lead the group in a positive way","To give chance to other member","3","3","2","4","3","3","3","3",1,0,"73","53","65","44","35","48","4","0","4","5","2008",2
"1436",1436,"3","2",2,"27","45","11","4","4","1,2","4","2","7","1","1","2","1","2","2","1","2","3","4","3","2","4","5","5","5","7,18,5,12,8","5","5","1",NA,NA,NA,NA,"I have knowledge about sociology and i know very well about it ",NA,"4","5","4","4","4","4","5","4",1,1,"70","90","79","72","83","51","4","1","4","27",NA,2
"1437",1437,"3","1",1,"24","46","16","1","1","2","4","2","7","1","2","1","2","2","1","1","2","3","2","4","4","3","5","5","5","8,4,14,16,13","5","5","1",NA,NA,NA,NA,"Best of man",NA,"5","5","5","5","5","5","5","4",1,0,"77","100","99","27","30","42","5","0","4","24","1990",2
"1438",1438,"3","1",3,"9","36","17","5","7","1","4","2","6","1","3","1","5","1","5","1","1","4","1","4","4","4","4","5","5","15,7,16,14,4","5","5","2","2","3",NA,NA,"Becoz group representative means I have to work hard with my team for our company.. ","No i want to become a representative but if no there is a few  thing that I like to become a director of company","5","4","4","4","5","4","4","4",1,1,"50","31","53","56","44","45","5","1","3","9","2005",2
"1439",1439,"3","1",1,"5","20","15","5","7","1","4","2","9","2","2","1","5","3","3","1","5","1","1","2","1","2","4","5","5","7,6,13,4,1","5","5","1",NA,NA,NA,NA,"I have leadership qualities and I do my work with full dedication and hard work.",NA,"2","2","3","4","2","4","4","3",1,0,"93","94","99","12","9","21","5","0","4","5","2019",2
"1440",1440,"3","1",3,"27","31","16","4","6","1","3","1","2","4","2","2","4","3","4","3","2","3","2","2","2","3","4","4","5","13,7,4,16,8","5","4","1",NA,NA,NA,NA,"This represents my thinking",NA,"4","5","4","4","5","5","4","3",1,0,"40","20","20","40","20","20","4","1","3","27","2010",2
"1441",1441,"3","1",3,"27","33","16","5","6","1","3","1","3","2","1","2","3","2","3","3","2","2","3","3","1","3","4","4","5","8,2,10,15,19","5","5","1","2","3",NA,NA,"I AM ALWAYS ATTACHED TO MANY FRONT LINE ACTIVITIES. I CAN MANAGE A TEAM WITH MY SPONTANEOUS EFFORT.",NA,"5","5","5","4","4","5","4","4",1,0,"80","70","65","79","65","58","5","0","4","27","2008",2
"1442",1442,"2","2",2,"27","24","17","4","4","1,2","2",NA,"7","3","3","2","2","2","2","3","3","3","3","2","4","3","3","4","4","15,16,4,5,19","4","4","2",NA,NA,NA,NA,"I can make decision in every possible way","I think about others","3","4","4","4","4","4","4","2",0,0,"28","28","44","56","51","68","3","1","2","27","2012",2
"1443",1443,"3","1",1,"5","19","13","4","6","1","3",NA,"3","3","3","3","3","3","3","3","3","2","4","3","3","4","2","3","3","7,19,14,10,1","1","2","3","2","1",NA,NA,"I don't want to be a group representative. ","I don't like the burden.  ","3","3","3","3","3","3","3","1",0,1,"55","80","40","52","50","84","3","0","3","5","2020",2
"1444",1444,"2","2",1,"27","32","17","5","4","1","3","1","10","1","1","1","1","1","1","1","1","2","4","1","4","1","5","5","5","15,16,13,5,4","4","4","1",NA,NA,NA,NA,"lets do someting and earn",NA,"4","4","4","4","4","4","4","3",1,0,"53","53","51","62","81","82","3","0","3","27","2005",2
"1445",1445,"3","1",2,"5","27","17","5","6","1","3","2","6","1","1","1","1","1","1","1","1","2","3","3","2","4","3","4","4","1,13,15,7,19","5","5","1","3","2",NA,NA,"I treat all religion as equql and i have leadership qualities",NA,"4","4","5","5","3","4","1","3",1,0,"57","47","53","49","35","87","5","1","4","5","2011",2
"1446",1446,"3","1",2,"9","19","16","5","6","1","4","2","5","1","1","1","1","1","1","1","1","1","1","1","1","4","5","5","5","18,12,2,15,7","5","5","1","2","1",NA,NA,"I know my potentials and i have the ability to analyse each and everything and then take the appropriate decision which may be required.",NA,"5","5","5","5","5","5","1","3",1,0,"91","86","86","68","62","60","5","0","4","9","2020",2
"1447",1447,"2","2",2,"27","28","16","4","6","2","3","1","9","1","1","2","1","2","2","2","2","3","3","3","4","4","5","5","5","15,18,10,16,11","4","4","1",NA,NA,NA,NA,"especially in terms of communication, liaison, working with others, being a committee member and influencing the decision making processes.",NA,"4","4","4","4","4","4","4","3",1,0,"80","84","90","78","79","79","5","0","2","27","2013",2
"1448",1448,"3","1",3,"5","26","16","5","7","2","4",NA,"5","4","2","2","3","4","4","3","3","2","3","2","2","3","4","5","5","15,16,6,13,4","4","4","1","2","3",NA,NA,"Because I like very much",NA,"3","5","4","5","4","4","5","3",1,1,"71","61","62","47","41","28","4","0","4","5","2013",2
"1449",1449,"3","1",3,"9","18","13","3","5","1","3",NA,"4","4","2","1","3","5","3","4","2","1","3","2","1","4","4","4","4","15,13,14,19,2","3","4","2","3","1",NA,NA,"Because I am little confident that I would be a good representative","Well I am little nervous too so maybe others representative can be better","4","4","4","3","3","4","3","2",0,0,"60","80","75","40","30","60","4","1","4","9","2019",2
"1450",1450,"3","2",3,"9","22","16","4","6","1","4","1","5","3","2","1","1","2","2","4","2","1","2","2","2","4","3","4","5","5,4,16,2,10","5","5","1",NA,NA,NA,NA,"unity comes first ",NA,"5","3","5","5","4","4","5","3",1,0,"71","59","71","66","79","73","5","0","4","9","2018",2
"1451",1451,"3","2",1,"9","38","15","4","1","2","3","1","9","1","3","1","1","1","2","1","1","1","1","1","1","1","5","5","5","9,15,16,10,13","3","4","2",NA,NA,NA,NA,"ok","ok","2","2","2","2","2","1","1","3",1,0,"61","79","47","64","59","72","5","1","3","9","2015",2
"1452",1452,"3","2",2,"27","42","15","5","3","1","4","1","8","2","2","1","1","1","2","2","1","4","4","2","4","4","5","5","5","5,11,9,10,2","5","5","1",NA,NA,NA,NA,"My dream is to become a leader oneday",NA,"5","5","4","5","4","4","5","4",1,0,"29","17","14","40","87","100","5","0","4","27","1979",2
"1453",1453,"2","2",1,"5","31","17","5","6","2","2",NA,"9","1","1","1","1","1","1","4","3","4","4","3","3","4","5","4","4","18,5,10,4,16","5","5","1",NA,NA,NA,NA,"i feel i can decide better how to proceeed",NA,"3","5","5","5","5","5","2","3",1,1,"50","50","50","50","50","50","5","1","4","5","2011",2
"1454",1454,"2","2",2,"5","40","17","5","3","1","4","1","7","4","1","5","1","2","2","5","1","1","4","3","2","4","5","5","5","10,7,17,8,5","5","5","1",NA,NA,NA,NA,"I was best at it",NA,"5","5","5","5","5","5","5","4",1,0,"75","91","86","52","72","94","5","0","3","5","1999",2
"1455",1455,"2","2",3,"5","40","17","5","3","1","4","1","8","4","1","4","1","2","2","5","1","1","4","2","2","4","5","5","5","5,10,11,18,3","5","5","1",NA,NA,NA,NA,"I have very keen interest in it. ",NA,"5","5","5","5","5","5","5","4",1,0,"88","91","68","73","80","88","5","1","3","5","1999",2
"1456",1456,"3","1",1,"27","28","17","5","6","1","4","2","6","3","3","3","3","3","3","3","3","1","1","2","1","4","3","4","5","7,19,18,14,15","5","5","2","2","3",NA,NA,"because i have good leader ship skills","because i can be coy sometimes","2","1","3","5","2","1","4","3",1,0,"50","50","50","50","50","50","4","0","4","27","2011",2
"1457",1457,"2","2",1,"5","21","16","5","6","1","2",NA,"2","4","2","3","3","3","3","3","3","3","2","2","2","4","4","5","5","15,13,19,14,9","3","4","2",NA,NA,"1","3","It would be a great opportunity and I genuinely want to be a group representative
","I want the most deserving candidate to be the representative, it could be someone who can be a better representative","3","3","4","5","3","4","4","2",0,0,"63","74","70","52","54","55","4","0","4","5","2017",2
"1458",1458,"3","1",2,"5","25","16","4","6","1,2","4","2","9","2","2","1","2","2","2","1","5","3","4","4","2","4","5","5","5","8,13,15,12,7","5","5","1",NA,NA,NA,NA,"Beacause I Have The Skills Which Are Needed To Be Representative",NA,"3","3","4","2","4","2","5","1",1,0,"100","50","100","52","64","46","5","0","4","5","2013",2
"1459",1459,"3","1",3,"5","32","13","4","1","1,2","4","2","10","3","4","1","3","4","4","1","3","3","2","3","3","2","5","5","5","13,9,1,11,10","5","5","1",NA,NA,NA,NA,"मेरे पास काबिलीयात बहुत है",NA,"4","4","4","4","4","5","5","4",1,0,"70","82","87","60","48","45","5","0","4","5","2000",2
"1460",1460,"3","1",1,"27","45","14","5","3","2","3",NA,"4","1","1","1","1","1","1","3","3","2","4","1","1","4","4","4","3","13,1,16,8,15","3","5","1","3","2",NA,NA,"I believe in myself and I know that I will read text carefully and answer correctly.",NA,"3","4","4","5","3","3","3","1",1,0,"50","63","60","41","60","48","4","1","4","27","1995",2
"1461",1461,"2","2",3,"27","24","16","3","3","1","3","6","10","3","2","3","4","3","3","3","2","3","2","2","2","2","4","4","4","7,10,15,5,13","5","5","2",NA,NA,NA,NA,"i can discribe all the feeling of my partners ","none","4","4","5","5","4","3","4","3",1,1,"81","65","89","91","96","96","4","1","4","27","2015",2
"1462",1462,"3","1",2,"27","25","16","5","6","1","4",NA,"4","3","2","1","1","2","3","2","2","2","2","2","2","3","5","1","5","11,2,5,16,4","3","5","1","3","2",NA,NA,"I want to become leadership",NA,"5","5","5","3","4","3","4","4",1,0,"90","94","92","89","89","93","5","0","2","27","2016",2
"1463",1463,"3","1",1,"9","45","13","4","6","1","4","2","9","2","2","1","4","2","2","1","5","3","2","2","3","4","5","4","5","3,12,15,7,8","4","5","1",NA,NA,NA,NA,"Due to my leadership skills",NA,"4","2","4","4","4","2","5","4",1,0,"56","45","21","51","45","56","5","0","4","9","1995",2
"1464",1464,"3","2",2,"5","49","15","4","6","1,2,3","4","2","3","1","1","1","2","1","2","1","2","3","4","3","2","4","4","5","5","15,16,8,5,4","5","5","1",NA,NA,NA,NA,"Good",NA,"5","5","4","5","4","4","5","4",1,0,"89","100","100","100","89","100","4","0","4","5","1980",2
"1465",1465,"3","1",2,"5","41","16","5","1","2","3","2","8","3","2","1","2","2","2","3","3","1","1","1","2","1","4","5","5","8,13,14,2,4","4","4","1",NA,NA,NA,NA,"I don't know anything about other members so want to lead",NA,"4","4","3","4","4","4","3","1",1,1,"50","53","49","60","60","41","4","0","4","5","2002",2
"1466",1466,"2","2",1,"27","45","16","1","1","1,2,3","4","5","1","4","3","2","3","4","3","4","2","2","2","3","4","2","5","5","5","8,2,3,18,13","5","5","2",NA,NA,"2","3","I like my school","I think geography","4","4","5","5","5","5","5","4",1,0,"57","77","41","37","77","58","5","1","3","18","1980",2
"1467",1467,"2","2",2,"5","20","17","5","1","2","3","6","2","5","1","1","1","4","5","4","2","2","4","3","1","2","5","5","3","18,12,13,7,19","5","5","1",NA,NA,"3","2","I  AM A GOOD PERSON AND I EQUALLY DECIDED HIS MONEY",NA,"5","5","5","5","5","5","2","4",1,1,"100","94","100","94","100","100","5","1","3","5","2013",2
"1468",1468,"2","2",3,"5","29","15","5","6","1","3","1","7","2","3","3","1","4","3","4","2","1","2","2","1","2","3","4","4","5,4,6,17,1","5","4","1",NA,NA,NA,NA,"Because i have the habit to lead people i can lead any group",NA,"2","5","4","3","3","2","4","2",1,0,"32","48","30","16","26","30","3","0","4","5","2010",2
"1469",1469,"3","1",3,"5","37","17","4","6","2","4","2","7","2","2","1","2","2","2","1","2","4","3","3","3","4","5","5","4","4,5,2,11,6","5","5","1",NA,NA,NA,NA,"It will be too easy all the group",NA,"4","4","5","5","5","5","4","4",1,0,"93","79","83","74","72","84","3","0","3","5","2004",2
"1470",1470,"3","2",2,"5","34","16","4","6","2","4","1","9","1","2","4","1","1","2","4","1","2","4","2","2","4","5","5","4","2,10,11,6,1","5","5","1",NA,NA,NA,NA,"i have leadership qualities",NA,"5","4","5","5","5","5","5","4",1,0,"34","27","67","43","30","36","5","0","4","5","2010",2
"1471",1471,"3","1",2,"27","28","16","5","7","1","3","2","9","3","2","2","3","4","4","2","3","2","3","2","3","2","4","4","4","8,6,12,18,4","4","3","2",NA,NA,NA,NA,"Me as a group representative I will take decision in all over fevar and give everyone apportunity to there needs","Not want to be group representative because not everyone satisfied by my desicion","3","4","4","4","4","4","3","3",1,0,"59","74","70","47","26","38","4","0","4","27","2007",2
"1472",1472,"3","2",3,"27","37","17","4","6","1","3","14","9","2","3","3","1","2","3","3","3","1","3","2","3","4","5","3","5","10,15,11,18,12","5","5","1",NA,NA,NA,NA,"i am a very good listener as well as a reader i can understand every theory and i am very confident to achieve the result and i am sure i will definitely take my group to victory.",NA,"5","4","5","1","4","3","4","3",1,0,"69","70","49","66","79","60","5","1","4","27","2002",2
"1473",1473,"3","1",1,"27","21","16","5","6","5","3",NA,"7","3","3","3","3","3","3","3","3","2","3","2","3","4","3","3","4","13,14,15,7,19","5","5","1",NA,NA,NA,NA,"I work and can handle the group well at the same time",NA,"5","5","5","5","5","4","3","3",1,1,"50","50","50","50","50","50","4","1","4","27","2016",2
"1474",1474,"2","2",1,"9","48","14","4","7","2","4","4","7","3","4","3","1","3","3","4","2","2","4","3","2","3","4","4","5","7,13,19,8,14","5","4","1",NA,NA,NA,NA,"because i became leader in my life",NA,"5","4","4","4","4","5","5","3",1,1,"80","95","60","80","61","92","5","0","3","9","1998",2
"1475",1475,"3","1",2,"5","28","17","4","6","2","3","2","3","3","2","2","2","2","2","2","2","1","3","1","3","3","4","3","3","15,7,14,2,18","5","5","1","2","3",NA,NA,"Because m good decision maker and have knowledge of subjects",NA,"3","5","4","3","4","4","3","2",1,1,"84","75","83","82","71","88","5","1","4","7","2009",2
"1476",1476,"3","1",3,"5","19","14","5","7","1","3","2","4","3","2","1","2","1","3","1","3","2","3","3","3","4","4","2","3","1,13,14,7,19","5","5","1","3","2",NA,NA,"I want to be the group representative as I would love to contribute in the decision making regarding this survey. Even though I don't know my partners, I believe that I will represent their interests as well.  ",NA,"4","4","5","4","4","5","3","2",1,1,"80","71","71","71","54","80","5","1","4","5","2020",2
"1477",1477,"2","2",1,"9","21","16","5","6","1","4","1","8","4","3","5","2","4","5","5","3","3","4","1","3","3","4","5","5","10,16,15,12,18","5","5","1",NA,NA,NA,NA,"wanted to be the leader",NA,"4","5","4","5","5","4","4","4",1,0,"90","86","83","90","86","84","5","0","4","9","2020",2
"1478",1478,"3","1",1,"5","40","17","5","7","1","4","2","3","2","2","2","2","2","2","2","3","1","1","1","1","1","5","5","5","13,8,7,14,4","5","5","1","3","2",NA,NA,"as I have good quality of leaderships ",NA,"5","5","5","5","5","5","5","4",1,0,"100","100","100","76","74","72","5","1","4","5","2003",2
"1479",1479,"3","2",2,"24","19","15","3","6","1","3",NA,"4","1","1","1","1","1","1","2","2","2","2","1","3","4","4","4","5","15,13,12,16,19","4","1","1",NA,NA,NA,NA,"I have experience of represnting groups during my school days",NA,"5","4","4","4","5","3","2","3",1,0,"50","50","65","50","50","65","5","0","4","24","2020",2
"1480",1480,"3","2",2,"5","46","17","4","6","1,2,3","4","2","7","1","1","1","1","1","1","1","1","4","4","4","4","4","5","5","5","5,4,15,8,16","5","5","1",NA,NA,NA,NA,"Good study for good future",NA,"5","5","5","5","5","5","5","4",1,0,"100","100","90","100","100","100","5","1","3","5","1998",2
"1481",1481,"3","1",3,"27","34","17","5","3","1","3","2","2","3","3","1","3","3","3","3","3","1","1","1","1","2","4","4","4","12,1,4,14,13","5","4","1",NA,NA,NA,NA,"So tht I can see my hidden skill n improve myself as a person",NA,"3","3","3","3","3","3","2","3",1,0,"93","100","100","53","59","54","4","0","2","27","2004",2
"1482",1482,"3","1",1,"5","39","16","1","2","2","4","6","2","3","2","2","5","3","4","4","1","1","4","3","3","4","5","5","2","4,12,18,8,13","5","5","1",NA,NA,NA,NA,"My knowledge is best performance ",NA,"5","5","4","5","4","5","4","4",1,0,"100","100","100","19","21","19","5","1","3","5","2018",2
"1483",1483,"3","2",3,"5","34","16","5","6","1","4","1","9","2","2","2","2","2","3","3","1","3","1","1","1","4","4","5","5","2,4,12,10,15","5","5","1",NA,NA,NA,NA,"I always want to lead ",NA,"4","4","5","5","4","5","5","3",1,0,"51","88","87","84","92","72","5","0","3","5","2005",2
"1484",1484,"3","1",1,"27","50","17","5","7","2","4","2","9","1","2","1","2","2","2","1","3","4","4","4","3","4","5","5","5","8,19,13,4,6","5","5","1",NA,NA,NA,NA,"I will to make good this group aewsome",NA,"5","5","5","5","5","5","5","4",1,0,"100","96","100","92","96","100","5","0","4","27","1994",2
"1485",1485,"3","1",1,"5","34","16","4","6","2","4","2","6","3","2","1","3","3","2","1","3","1","1","1","1","2","5","4","5","4,7,19,13,15","5","5","1","2","3",NA,NA,"Because i think i am eligible",NA,"4","4","4","2","4","4","4","4",1,0,"86","87","89","15","12","14","4","0","4","5","2007",2
"1486",1486,"3","1",2,"27","36","16","5","6","1","4","2","2","2","2","2","3","2","2","1","1","4","2","3","3","2","4","4","5","8,14,12,5,4","4","4","1",NA,NA,NA,NA,"As it seems appealing",NA,"4","4","5","4","5","5","4","4",1,0,"28","55","42","58","48","43","5","0","3","27","2003",2
"1487",1487,"3","1",2,"27","35","16","4","1","2","3","2","7","2","1","2","2","2","3","1","3","2","4","2","3","4","4","5","5","2,8,12,18,16","4","4","1",NA,NA,NA,NA,"I believe that I can lead the group to victory",NA,"4","4","4","5","4","4","2","3",0,0,"60","70","89","53","63","72","3","0","4","27","1999",2
"1488",1488,"3","1",1,"5","28","17","5","4","1","3","2","8","3","2","2","3","2","2","3","3","2","3","3","2","4","5","4","4","19,18,13,12,7","5","5","1",NA,NA,NA,NA,"I understand the topics well and can answer them correctly ",NA,"5","4","5","4","4","4","4","3",1,0,"100","100","100","100","100","100","5","0","4","5","2009",2
"1489",1489,"3","1",2,"27","26","17","4","6","2","3","2","9","4","3","1","5","2","4","2","3","3","3","3","2","2","4","5","5","12,6,13,19,4","5","5","1",NA,NA,NA,NA,"Chatrapati",NA,"4","3","4","4","3","4","5","3",1,0,"84","78","63","84","72","51","5","0","3","30","2017",2
"1490",1490,"3","2",3,"9","39","16","5","1","2","4","2","6","4","3","2","2","1","1","1","3","3","3","4","2","4","5","5","5","5,2,11,18,16","5","4","1",NA,NA,NA,NA,"Akbar I have to go to",NA,"4","4","4","5","5","5","4","4",1,0,"100","100","100","100","100","100","5","1","2","9","2008",2
"1491",1491,"3","1",2,"27","20","16","5","7","1","4",NA,"4","3","3","2","3","3","2","2","4","1","2","1","2","4","4","3","3","7,1,18,12,19","4","4","2","3","1",NA,NA,"Because I am confident about my Sociology.","I will not feel good if because of me my group will lose a chance to earn.","4","3","4","2","2","3","4","3",1,0,"73","51","90","67","50","43","5","0","4","27","2017",2
"1492",1492,"3","2",2,"27","38","17","4","6","1","3","14","1","3","2","3","1","3","3","3","2","1","4","2","3","4","5","3","5","15,11,12,10,18","5","5","1",NA,NA,"3","2","I done a lot of study in sociology and I've a full confident over this and i think i am best among other group members so i can represent the group very vell and taking the guarantee I'll not loose. ",NA,"5","5","4","2","3","4","4","3",1,0,"65","56","74","69","83","82","5","1","4","27","2001",2
"1493",1493,"3","2",1,"27","42","17","5","6","1","3","1","10","1","1","1","1","1","1","1","1","1","1","1","1","1","3","5","5","13,14,10,6,15","5","5","1",NA,NA,NA,NA,"i love to lead the team",NA,"5","5","5","5","5","5","5","3",1,0,"49","52","52","51","51","51","5","0","4","27","2000",2
"1494",1494,"3","2",3,"27","35","16","4","3","1","4","2","1","1","4","1","3","2","4","2","3","2","4","2","2","4","4","4","5","5,3,2,15,16","5","4","1",NA,NA,"3","2","i want to lead my group from the front.i like to lead my team.",NA,"5","5","4","2","4","5","4","3",1,0,"79","70","73","69","67","72","5","0","3","27","2011",2
"1495",1495,"3","1",2,"5","33","17","4","6","1","3","2","3","2","2","2","2","2","2","2","2","3","2","2","3","2","5","1","1","2,8,13,15,10","5","5","2","1","2",NA,NA,"Nice","Nice","5","5","4","5","5","5","4","3",1,0,"100","100","100","100","100","100","5","1","3","5","2002",2
"1496",1496,"3","1",2,"27","32","16","5","6","1","3","2","5","1","4","2","2","2","4","2","2","1","3","2","2","3","4","5","5","16,15,18,13,2","5","5","1","3","2",NA,NA,"Because I like it to be",NA,"5","5","5","4","5","4","3","3",1,0,"70","73","58","74","85","87","4","1","4","5","2004",2
"1497",1497,"3","2",2,"5","32","17","5","6","1","3","2","2","2","1","2","2","2","1","2","2","3","3","2","2","2","4","4","5","16,15,4,5,8","4","4","1",NA,NA,"3","2","To the use my all aspects and knowledge to give nest out to ",NA,"4","4","4","3","5","5","5","2",1,1,"62","67","68","65","57","63","4","0","4","5","2004",2
"1498",1498,"3","1",1,"27","32","17","5","1","1,2","4","1","2","1","1","1","1","1","1","1","1","4","4","4","4","4","5","5","5","16,15,19,5,4","5","5","1",NA,NA,NA,NA,"Because he is very interested",NA,"5","5","5","5","5","5","5","4",1,0,"100","100","100","96","100","96","5","1","4","27","2005",2
"1499",1499,"3","1",3,"27","23","2","3","6",NA,"3",NA,"1","2","4","3","3","3","4","3","3","3","2","3","3","2","4","5","5","18,15,16,14,7","5","5","1",NA,NA,NA,NA,"Because i feel i can do it really well",NA,"1","1","3","1","2","1","3","3",1,0,"100","100","100","100","100","86","5","0","4",NA,NA,2
"1500",1500,"3","1",3,"27","32","17","5","6","3","3","2","5","2","5","1","5","2","2","1","4","4","2","3","3","3","5","4","4","3,2,9,10,11","5","4","1","3","2",NA,NA,"Because it was really great and appreciate me",NA,"2","2","4","5","5","2","4","3",1,0,"20","30","60","50","30","20","4","0","4","27","2002",2
"1501",1501,"3","2",3,"27","25","17","5","6","1","3","1","9","3","2","3","3","2","2","3","4","1","4","3","2","4","3","5","4","9,7,13,15,10","5","5","1",NA,NA,NA,NA,"Because i can understand survey easily
",NA,"4","5","4","4","3","4","3","4",1,0,"32","70","70","30","15","31","5","0","4","27","2014",2
"1502",1502,"3","1",2,"5","50","17","5","1","1,2,3","4","2","4","2","2","1","2","2","1","4","2","3","4","3","4","4","5","4","5","4,6,9,15,5","5","4","1","3","1",NA,NA,"Very good ",NA,"4","4","5","5","4","5","5","4",1,0,"68","57","61","81","92","62","5","1","2","5","1995",2
"1503",1503,"3","1",2,"5","32","17","4","6","1,2","3","1","2","2","2","2","1","2","2","2","2","1","2","1","2","2","4","5","5","8,17,2,14,16","4","4","1",NA,NA,NA,NA,"I have potential to grow a group. I am very good in this culture. ",NA,"4","4","2","4","4","5","4","4",1,0,"88","80","86","85","84","79","5","1","4","5","2004",2
"1504",1504,"3","1",2,"24","47","16","4","6","1","1",NA,"9","3","3","2","5","3","3","5","5","2","2","2","3","2","3","3","3","17,15,18,12,13","1","2","4",NA,NA,NA,NA,NA,"I m not good at leadership","3","3","3","3","4","3","4","1",0,0,"81","87","81","13","18","11","3","1","3","24","1991",2
"1505",1505,"3","2",1,"27","25","17","2","6","1","4","2","6","2","2","1","3","3","2","2","3","1","4","2","2","4","3","3","5","15,16,7,12,17","4","4","1",NA,NA,NA,NA,"Bcz I explained the things well",NA,"4","5","4","5","5","5","4","3",1,0,"92","93","79","100","83","96","5","1","2","27","2013",2
"1506",1506,"3","1",1,"27","25","17","4","5","2","1",NA,"8","3","2","1","3","3","3","3","3","3","3","3","3","3","3","1","1","7,19,13,14,4","1","1","1",NA,NA,NA,NA,"Because i like to be leader. But any task is good for me i like any position which i get",NA,"3","3","3","3","3","3","4","1",0,0,"32","30","35","5","12","11","1","1","3","27","2015",2
"1507",1507,"3","2",2,"5","39","17","3","3","1","4","2","10","4","2","4","5","4","5","5","4","4","4","3","3","4","5","5","5","10,5,7,15,13","5","5","1",NA,NA,NA,NA,"Its a very successful and strong group members",NA,"5","5","4","5","5","5","5","4",1,0,"60","63","60","49","40","62","5","0","4","5","2006",2
"1508",1508,"3","2",3,"27","49","17","4","3","1","4","2","2","1","1","2","2","1","1","1","2","4","3","3","4","4","5","5","4","15,16,5,12,4","4","5","1",NA,NA,"2","1","Very good and very nice ",NA,"4","5","5","5","4","4","5","4",1,0,"73","89","96","77","94","94","5","1","2","27","2002",2
"1509",1509,"3","2",3,"5","40","17","4","3","1","4","1","5","1","1","1","1","1","1","1","1","1","1","1","1","1","1","5","5","2,12,15,16,11","5","5","1",NA,NA,NA,NA,"As i m.indian..i wil represent my country",NA,"5","5","5","5","5","5","5","4",1,0,"34","70","59","62","65","50","5","1","3","5","2006",2
"1510",1510,"3","1",1,"5","31","17","5","3","1","3","2","8","3","1","2","1","2","2","2","3","2","3","3","2","4","4","3","4","4,8,12,18,13","5","5","1",NA,NA,NA,NA,"I wanted to be the group representative because I consider my answering skills to be fairly good.",NA,"5","4","4","5","4","4","2","3",1,1,"68","61","71","60","61","61","5","0","4","5","2010",2
"1511",1511,"3","2",3,"27","34","15","2","1","2","4","2","1","1","1","1","1","1","1","1","1","1","1","1","1","1","5","5","5","15,2,11,10,17","5","5","1",NA,NA,"3","2","Because I want to socialised with each other",NA,"5","5","5","5","5","5","5","4",1,0,"100","100","100","100","100","100","5","0","4","27","2003",2
"1512",1512,"3","1",2,"5","50","16","5","7","2","4","2","5","4","1","2","2","2","3","3","3","4","3","2","2","4","3","5","5","15,17,16,4,2","5","4","1","3","2",NA,NA,"i want to be a group representive because i havr a experience of leading from many years.I think my leadership qualities are quite enough.",NA,"4","4","3","2","2","4","2","2",1,1,"50","61","70","45","49","45","4","0","4","5","1990",2
"1513",1513,"3","2",2,"27","34","15","2","1","2","4","2","2","1","1","1","1","1","1","1","1","1","1","1","1","1","5","5","5","15,4,10,11,5","5","5","1",NA,NA,"2","3","Because I want to live with each other as brother and sister.",NA,"5","5","5","5","5","5","5","4",1,1,"100","100","100","100","100","100","5","1","4","27","2003",2
"1514",1514,"3","1",1,"9","20","17","3","3","1,2","3",NA,"5","3","3","3","3","3","3","3","3","1","1","1","1","1","4","5","4","1,15,13,8,7","4","4","1","2","1",NA,NA,"I want to make group representative because I thought I can judge without any favors",NA,"4","4","4","4","4","2","2","3",1,0,"38","100","53","91","40","59","5","1","3","9","2015",2
"1515",1515,"3","2",3,"27","42","15","5","3","1","4","1","7","2","2","1","2","1","1","1","2","4","4","2","3","2","5","5","4","9,16,3,8,19","5","4","1",NA,NA,NA,NA,"So much the best very liked so good",NA,"5","4","5","4","4","5","5","4",1,0,"87","92","95","99","89","95","5","1","2","27","1978",2
"1516",1516,"3","1",1,"27","34","17","4","6","1","3","2","1","2","3","2","4","2","2","2","4","2","4","4","2","4","4","5","4","19,4,15,5,11","4","4","2",NA,NA,NA,NA,"It's quite big responsible job aahe nahi mala nahi jamnarr","Big responsible job mala nhai jamnar tuch ker","4","4","3","4","5","4","3","3",1,0,"30","40","30","40","35","25","4","0","2","27","2008",2
"1517",1517,"3","2",3,"5","42","17","5","6","2","4","5","1","4","1","2","1","1","2","4","2","1","3","2","1","3","4","5","5","2,10,11,13,15","4","5","1",NA,NA,"2","3","I have leadership quality",NA,"5","5","4","5","5","5","2","3",1,0,"76","77","28","47","54","80","5","0","4","9","2000",2
"1518",1518,"3","2",1,"27","45","16","1","1","1,2,3","4","2","4","4","4","2","4","4","2","2","2","2","4","2","3","3","5","5","5","2,6,19,18,3","5","4","1",NA,NA,NA,NA,"I think a group geography",NA,"4","5","5","5","5","5","5","4",1,0,"30","71","44","64","69","40","5","1","3","27","1980",2
"1519",1519,"3","1",1,"27","51","17","3","6","2","3","14","3","3","3","3","4","3","3","3","3","1","3","1","2","3","4","4","2","8,1,2,14,15","3","4","2","1","3",NA,NA,"Its seems a fun and engaging Study so far, would like to contribute","I'm not sure if I could take the right decision ","4","3","3","4","4","3","4","2",1,0,"50","40","69","68","49","50","2","0","4","27","1985",2
"1520",1520,"3","2",3,"27","49","17","4","3","1","4","3","10","1","1","1","1","2","2","1","1","1","1","1","1","1","5","5","5","5,4,11,15,13","5","4","2",NA,NA,NA,NA,"All in one mamber is very good ","Very nice expriyance","5","5","5","4","4","5","5","4",1,0,"90","100","89","91","99","85","5","1","4","27","2002",2
"1521",1521,"3","2",3,"5","39","16","4","1","1","4","5","5","2","1","1","2","4","5","1","1","3","4","4","2","3","5","5","5","9,7,8,12,4","5","5","1",NA,NA,NA,NA,"Very unique",NA,"5","5","4","5","5","5","4","4",1,0,"2","6","6","2","4","3","5","0","3","5","2015",2
"1522",1522,"3","2",2,"5","27","16","4","4","2","4","2","6","3","1","1","1","1","1","1","1","1","1","1","1","2","1","5","5","1,2,10,11,15","5","5","1",NA,NA,NA,NA,"i think i can handle group like a leader in good way.",NA,"3","3","1","5","4","2","3","4",1,0,"50","50","50","50","44","45","5","0","4","5","2016",2
"1523",1523,"2","2",3,"5","28","11","1","3","2","4",NA,"2","4","2","4","5","4","4","2","2","4","3","4","4","2","5","4","5","2,15,16,4,5","5","1","2",NA,NA,"2","3","Good","Excited","4","4","3","5","4","5","4","4",1,0,"86","68","71","82","83","64","4","1","3","9",NA,2
"1524",1524,"3","1",1,"9","24","17","4","6","1","4","3","1","1","1","1","4","1","2","1","2","1","2","1","1","2","5","3","5","4,7,6,14,13","5","3","1",NA,NA,NA,NA,"For good decision ",NA,"4","4","5","5","5","5","4","4",1,1,"88","85","100","73","62","86","5","0","3","9","2010",2
"1525",1525,"3","2",2,"5","40","16","4","6","1","4","4","4","1","2","2","1","2","4","4","1","1","4","3","3","3","4","4","5","5,7,10,9,13","5","4","1",NA,NA,NA,NA,"Because I love to lead and do good ",NA,"4","5","4","5","4","5","5","3",1,0,"85","69","86","94","81","93","5","1","4","5","2004",2
"1526",1526,"3","2",1,"5","38","16","3","3","1","4","2","9","1","2","2","1","2","1","1","1","3","3","4","4","4","5","5","5","6,16,1,17,4","5","5","1",NA,NA,NA,NA,"I am interested in.",NA,"4","5","4","5","5","4","4","4",1,0,"45","14","37","35","79","38","5","0","2","5","2008",2
"1527",1527,"3","2",1,"27","35","16","4","3","1","4","2","7","1","5","2","2","3","3","2","2","2","3","3","2","3","4","4","5","15,4,10,5,2","5","4","1",NA,NA,NA,NA,"I want to be group representative because I want to lead my group from the front.",NA,"4","4","5","4","5","5","4","4",1,0,"73","77","72","64","68","63","4","1","3","27","2011",2
"1528",1528,"2","2",2,"27","19","16","4","6","2","3",NA,"8","3","3","3","2","3","3","3","3","1","4","3","1","3","5","4","4","2,4,6,15,10","1","1","1",NA,NA,NA,NA,"I have been know to lead a group of people. I have done it before and with that experience i will do it again.",NA,"2","2","2","5","2","2","3","2",0,0,"50","100","100","50","80","100","5","0","3","27","2020",2
"1529",1529,"2","2",3,"27","42","16","5","6","1","3","6","4","3","2","2","1","2","2","4","3","2","4","3","2","4","4","5","5","15,7,10,13,14","1","4","1",NA,NA,NA,NA,"Because I am a team player and can lead by example. ",NA,"4","3","4","4","3","4","2","2",1,0,"74","77","75","73","76","74","2","0","3","27","1995",2
"1530",1530,"3","2",2,"27","42","15","5","3","1","4","1","7","1","1","1","1","1","1","1","1","4","4","4","4","4","5","1","1","15,16,13,19,7","5","5","1",NA,NA,NA,NA,"Because I can use my experience as a group representative.",NA,"5","5","5","5","5","5","5","4",1,0,"59","60","54","63","63","69","5","1","3","27","1979",2
"1531",1531,"2","2",3,"27","34","17","5","6","1","4","1","3","1","1","2","1","2","1","2","1","3","3","3","4","3","5","4","5","16,7,15,5,4","5","5","1",NA,NA,NA,NA,"Because it's make the right decision ",NA,"5","5","5","5","5","5","5","4",1,0,"68","89","93","94","99","86","5","0","3","27","2010",2
"1532",1532,"2","2",3,"9","24","16","2","6","1","4",NA,"6","1","1","1","1","1","2","3","3","1","1","1","4","3","3","4","4","18,9,11,12,15","5","5","1",NA,NA,NA,NA,"I want to be group representative because i have leadership skills and I'm good at geography ",NA,"4","4","5","5","5","4","3","4",1,0,"70","55","58","52","42","42","5","1","4","9","2017",2
"1533",1533,"3","2",2,"5","42","16","4","6","2","3","2","3","3","3","3","3","2","3","3","2","2","4","3","4","4","5","4","5","5,8,6,17,7","5","5","1",NA,NA,NA,NA,"Yes i like it very much",NA,"5","5","5","5","5","5","5","4",1,0,"75","36","55","81","91","95","5","0","4","5","1990",2
"1534",1534,"3","2",3,"27","49","17","4","3","1","4","3","2","2","2","1","2","1","1","2","1","1","1","1","1","1","5","2","1","12,17,6,5,4","4","5","3",NA,NA,"3","2","Very good ","Very nice ","4","4","5","4","5","5","5","4",1,0,"84","100","92","85","100","87","5","1","4","27","2002",2
"1535",1535,"2","2",2,"24","28","16","5","6","1","3","1","7","4","2","3","1","3","3","3","2","3","3","3","3","2","3","5","5","7,2,5,13,4","5","4","1",NA,NA,NA,NA,"I'm the main in group",NA,"3","3","3","4","4","3","4","3",1,0,"79","75","85","100","93","79","5","0","2","24","2011",2
"1536",1536,"3","2",3,"5","39","17","3","3","1","4","2","8","3","3","4","5","4","5","5","5","4","4","2","4","4","5","5","5","7,15,5,10,9","5","5","3",NA,NA,NA,NA,"It's group is very comfortable and stronger than","Very likely its group","5","5","4","5","4","5","5","4",1,0,"54","70","53","59","55","69","5","1","1","5","2006",2
"1537",1537,"2","2",1,"27","35","17","5","6","1","3","1","7","2","2","2","1","2","2","2","2","1","2","2","1","2","4","5","5","15,13,2,19,7","4","4","1",NA,NA,NA,NA,"I am very honest and loving person",NA,"4","5","4","5","5","5","5","4",1,0,"58","87","83","92","82","79","4","0","3","27","2004",2
"1538",1538,"2","2",1,"5","32","17","4","3","1","4","1","2","2","2","2","2","2","2","2","2","1","1","1","1","1","4","5","5","13,12,2,7,18","5","4","3",NA,NA,"2","3","For best","Because many people are selfish.","4","4","4","5","4","4","4","4",1,0,"75","79","75","71","78","72","4","1","4","5","2007",2
"1539",1539,"2","2",3,"5","20","16","5","1","2","4","6","2","5","1","1","1","2","3","4","1","1","2","3","1","2","5","5","2","10,18,13,7,19","5","5","1",NA,NA,"3","2","I AM IN THE BEST",NA,"5","5","5","5","5","5","3","4",1,0,"96","98","98","99","100","100","5","1","4","5","2016",2
"1540",1540,"3","2",2,"5","40","16","4","6","1","4","2","5","1","1","1","1","1","1","1","1","4","4","4","4","4","5","5","5","6,18,9,12,10","5","5","1",NA,NA,NA,NA,"Jf in the same details of the year again when.",NA,"5","5","5","5","5","5","5","4",1,0,"100","100","100","100","99","97","5","0","4","5","1980",2
"1541",1541,"3","2",2,"5","45","13","4","3","2","4","2","9","2","2","1","1","2","1","1","2","4","3","4","3","4","5","5","4","15,10,5,9,2","5","4","1",NA,NA,NA,NA,"I want to discuss of this group because of y work related and my my company turnover",NA,"4","5","4","5","5","5","4","4",1,0,"85","96","74","95","89","90","5","0","4","5","2010",2
"1542",1542,"2","2",3,"27","35","17","5","6","1","3","1","6","2","2","2","2","2","2","2","2","1","2","1","1","1","5","5","5","8,9,19,15,13","5","4","1",NA,NA,NA,NA,"I am very good in monetring and I am very honest",NA,"4","4","4","4","4","4","4","3",1,0,"70","49","64","63","88","58","5","1","4","27","2004",2
"1543",1543,"3","2",2,"5","42","16","4","6","2","3","2","5","3","3","2","3","3","3","3","3","3","4","4","3","4","5","5","5","5,8,2,13,3","5","5","1",NA,NA,NA,NA,"Yes i knowaboyt",NA,"5","4","5","5","3","5","5","4",1,0,"55","61","32","90","100","82","5","0","4","5","1990",2
"1544",1544,"3","2",3,"5","40","17","5","3","1","3","5","7","2","1","1","1","1","1","2","2","3","4","3","3","4","1","2","4","15,19,10,13,7","5","5","3",NA,NA,NA,NA,"I have a quality of leadership","No, I want to become a group representative","5","4","4","4","4","4","5","3",1,0,"76","70","69","87","68","91","5","0","3","5","1998",2
"1545",1545,"3","2",1,"5","39","16","4","3","1","4","1","4","2","2","1","2","1","1","1","1","4","4","4","4","4","4","4","5","6,11,5,15,12","5","4","1",NA,NA,NA,NA,"School life best regards David I can get to the",NA,"5","5","4","5","4","5","4","4",1,0,"62","82","52","56","64","79","4","1","3","5","2005",2
"1546",1546,"3","2",3,"5","39","17","3","3","1","4","2","4","3","3","4","5","5","5","5","4","4","4","2","4","4","5","5","5","10,11,5,15,4","5","5","2",NA,NA,NA,NA,"Very successful and supportive group","It's group very good feeling and likely","5","5","5","5","5","5","5","4",1,0,"63","58","63","67","75","69","5","0","1","5","2006",2
"1547",1547,"3","2",1,"27","42","15","5","3","1","4","1","10","1","1","2","2","2","1","1","2","4","4","2","4","4","5","5","5","15,11,12,16,10","5","5","1",NA,NA,NA,NA,"It's my dream to become a leader",NA,"5","5","5","5","5","5","5","4",1,0,"58","100","84","78","63","100","5","1","4","27","1979",2
"1548",1548,"3","2",2,"5","44","16","4","6","2","3","2","8","2","3","2","2","3","3","2","3","3","4","3","3","4","5","5","5","5,15,2,7,14","5","5","1",NA,NA,NA,NA,"Yes i like to see",NA,"4","5","5","4","5","5","5","4",1,1,"61","61","60","95","92","91","5","0","4","5","1990",2
"1549",1549,"3","2",1,"5","39","16","4","6","1","4","2","1","1","1","1","1","1","1","1","1","3","3","3","4","2","4","5","4","2,18,5,3,1","4","5","2",NA,NA,"2","3","Becoming a student representative will allow you","Become part of a group of active students that network with professionals","4","5","4","5","4","5","5","4",1,0,"100","100","100","57","61","64","4","0","4","5","2015",2
"1550",1550,"3","2",2,"9","36","14","2","6","1","3","3","1","2","1","2","1","2","2","4","3","4","2","2","4","2","4","5","5","10,11,15,5,19","5","4","1",NA,NA,"3","2","because i want to make the choice",NA,"5","4","5","4","4","5","5","4",1,0,"53","84","93","74","89","89","5","0","3","9","2010",2
"1551",1551,"3","2",2,"5","40","16","4","3","1,2","4","2","10","2","2","1","1","1","1","2","1","3","4","4","4","4","5","5","5","16,19,1,15,10","4","4","1",NA,NA,NA,NA,"Good",NA,"5","4","5","5","4","5","5","4",1,0,"39","29","31","37","77","35","5","0","2","5","2006",2
"1552",1552,"3","2",2,"5","20","17","3","3","1","4","2","3","2","1","1","1","1","2","1","2","2","4","3","3","4","1","3","5","13,15,14,7,19","5","5","1",NA,NA,NA,NA,"I want to be the group representative because I know how to lead. ",NA,"5","4","5","4","5","4","1","4",1,0,"55","57","78","60","89","92","5","0","3","5","2016",2
"1553",1553,"3","2",1,"5","44","16","4","6","2","3","2","7","2","3","3","3","3","3","2","2","3","4","3","3","4","5","5","5","5,8,15,17,13","5","5","1",NA,NA,NA,NA,"Yes i know all about it",NA,"5","5","5","5","4","5","4","4",1,0,"37","46","66","99","93","94","5","0","4","5","1990",2
"1554",1554,"3","2",2,"9","32","15","3","6","1","4","1","4","2","2","2","1","2","2","4","1","1","4","2","2","3","4","5","5","2,5,11,15,7","4","4","1",NA,NA,NA,NA,"because i like to be one ",NA,"4","5","5","4","5","3","4","3",1,0,"52","58","70","45","52","71","5","1","4","9","2011",2
"1555",1555,"3","2",3,"5","39","16","4","6","1","4","2","3","1","1","1","1","1","1","1","1","3","2","2","4","3","5","4","5","2,5,3,14,10","4","5","2",NA,NA,NA,NA,"I am ambition and driven I thrive on challenges and constantly set goals","I have something to strive to words I m not comfortable","4","4","4","5","4","5","5","4",1,0,"92","62","61","98","61","73","4","1","2","5","2015",2
"1556",1556,"3","2",2,"5","40","16","4","6","1","4","4","2","3","1","3","1","3","3","3","3","3","4","4","4","4","5","5","5","12,10,4,5,8","5","4","1",NA,NA,"2","3","Because I want a group member ans feel so special",NA,"5","3","4","5","4","5","5","4",1,0,"84","93","100","93","78","95","5","1","3","5","2010",2
"1557",1557,"3","2",3,"5","40","13","4","3","2","4","2","9","1","2","2","1","1","1","2","2","4","3","4","3","4","5","5","4","9,2,10,5,11","5","4","1",NA,NA,NA,NA,"I want to discuss of my group because I discussed about my work and my company improvement and my employer.",NA,"4","5","5","5","4","4","5","4",1,0,"91","83","98","94","86","100","5","1","3","5","2010",2
"1558",1558,"3","2",3,"5","32","17","4","6","2","3","2","7","2","1","1","2","1","2","1","1","1","1","1","1","1","4","5","5","15,11,13,12,19","5","5","2",NA,NA,NA,NA,"I am a good leader","No reason","5","5","4","5","4","5","4","4",1,0,"100","97","94","94","100","99","4","0","4","5","2010",2
"1559",1559,"3","2",2,"5","38","16","3","3","1","4","1","6","2","2","1","1","4","4","2","1","3","4","4","3","4","5","5","5","15,8,4,16,5","5","5","1",NA,NA,NA,NA,"I think I can do right",NA,"5","4","5","5","5","5","5","4",1,0,"100","100","100","61","79","72","5","1","4","5","1990",2
"1560",1560,"3","2",1,"27","35","15","5","6","1","4","2","5","1","2","1","2","1","1","1","1","4","3","4","4","3","5","5","5","4,12,8,15,18","5","5","1",NA,NA,NA,NA,"Woman empowerment",NA,"5","5","5","5","5","5","4","4",1,0,"24","68","19","34","60","19","5","1","4","27","2012",2
"1561",1561,"3","2",2,"5","39","17","3","3","2","4","2","6","1","4","1","5","2","5","1","4","4","3","4","4","3","5","4","5","7,10,5,8,3","4","5","1",NA,NA,NA,NA,"It's really good",NA,"5","5","5","4","5","4","4","4",1,0,"75","66","52","33","83","59","5","1","2","5","2008",2
"1562",1562,"2","2",3,"27","35","17","5","6","1","4","1","4","1","2","1","1","2","2","2","2","1","2","1","1","1","4","5","5","10,5,13,18,3","4","4","1",NA,NA,NA,NA,"i am very honest",NA,"5","4","4","5","4","4","4","4",1,0,"79","86","92","94","84","86","4","0","4","27","2004",2
"1563",1563,"3","2",1,"5","39","17","3","3","1","4","2","4","3","3","5","5","3","4","5","5","4","4","2","4","4","5","5","5","10,11,5,15,12","5","5","3",NA,NA,NA,NA,"Very good and supportive group","Very likely in this group","5","4","4","5","5","5","5","4",1,0,"52","50","63","63","60","49","5","1","3","5","2006",2
"1564",1564,"3","2",1,"5","38","16","3","3","1","4","2","4","2","1","1","1","2","1","1","1","4","4","4","4","3","5","5","5","16,7,2,5,18","5","5","1",NA,NA,NA,NA,"I am interested in",NA,"4","4","4","5","5","4","5","4",1,0,"41","66","46","55","41","28","5","1","2","5","2008",2
"1565",1565,"2","2",3,"5","28","17","4","4","1","3",NA,"1","3","3","3","1","2","3","3","3","2","2","3","2","4","2","2","1","11,5,10,15,4","5","5","1",NA,NA,"3","2","i want to lead the group",NA,"3","4","4","4","4","4","3","3",1,0,"51","54","51","59","65","60","5","0","4","5","2007",2
"1566",1566,"3","2",3,"24","50","16","4","6","1,2,3","4","2","3","4","2","5","1","4","2","5","1","3","4","4","4","3","5","5","5","12,11,2,10,5","5","5","1",NA,NA,NA,NA,"I like it I love it when you call me that would be great",NA,"5","5","5","5","5","5","4","4",1,0,"100","100","100","95","77","95","5","1","2","24","2006",2
"1567",1567,"2","2",1,"27","35","17","5","6","1","4","1","1","1","1","1","1","1","1","1","1","1","1","1","1","1","4","5","5","4,5,2,13,3","5","5","1",NA,NA,"2","3","Back to school",NA,"5","5","5","5","4","5","5","4",1,0,"87","91","74","86","85","81","5","1","4","27","2004",2
"1568",1568,"2","2",3,"9","45","17","2","6","2","4","1","1","1","1","3","1","3","2","2","1","2","4","3","4","4","5","5","5","13,15,4,5,10","4","5","1",NA,NA,"3","1","There has many people in my group and this that all our working completely and satisfaction both all employees working hard",NA,"5","5","5","4","5","4","5","4",1,0,"63","80","82","61","25","66","5","0","2","9","2004",2
"1569",1569,"2","2",3,"9","47","16","4","3","2","3","4","7","3","2","4","1","5","3","5","2","1","4","3","2","4","2","5","4","2,5,18,10,15","4","5","2",NA,NA,NA,NA,"Because I think that I'm able to hold the title of Representative.","Because I want to give chance to other young members.","4","3","1","1","3","1","5","3",1,0,"39","26","40","28","50","71","4","1","2","9","2013",2
"1570",1570,"2","2",1,"27","38","16","5","6","1","4","1","1","3","1","3","2","2","2","2","1","2","2","2","1","3","4","5","5","13,15,19,7,14","4","4","2",NA,NA,"1","3","I think that I can lead and represent my group in a descent and proper way","If anyone else is interested in leading the way with confidence I am happy to follow.for the sake of the group","4","4","5","4","5","4","5","3",1,1,"100","83","75","82","71","100","5","1","3","27","2009",2
"1571",1571,"2","2",2,"9","21","16","4","6","1","3",NA,"2","2","2","2","2","2","2","3","3","1","1","1","1","2","5","3","5","18,15,10,16,8","3","5","1",NA,NA,"2","3","Because I know what I am doing!",NA,"4","4","4","5","4","3","3","3",0,0,"50","64","60","42","64","58","5","0","4","9","2018",2
"1572",1572,"2","2",3,"9","39","15","4","3","1","4","1","8","1","1","2","1","1","1","2","1","4","4","4","4","3","5","5","5","12,5,4,11,10","4","5","1",NA,NA,NA,NA,"Amazing and epsilutly and very good most likely",NA,"5","5","5","4","5","4","5","4",1,0,"46","32","46","42","42","44","5","0","2","9","1981",2
"1573",1573,"2","2",3,"5","28","16","5","6","1,2,3","3",NA,"3","1","3","2","1","2","2","1","1","1","4","2","4","4","5","5","5","5,11,15,10,2","5","5","1",NA,NA,NA,NA,"Very representative mughals",NA,"5","5","5","5","5","5","5","4",1,0,"39","17","25","66","60","86","5","0","4","5","2015",2
"1574",1574,"2","2",1,"9","39","15","5","3","1","4","1","6","3","4","4","1","2","5","5","3","2","4","3","3","4","5","5","4","4,11,12,17,1","4","3","2",NA,NA,NA,NA,"So much the liked and most important liked","Very nice and the good so nice very good so liked amazing","4","5","4","3","3","2","5","3",1,0,"95","79","92","100","96","95","4","1","3","9","1981",2
"1575",1575,"2","2",1,"5","28","16","4","6","1","4","1","8","4","2","2","2","3","3","3","2","2","3","2","3","4","4","4","4","10,13,5,12,15","4","4","1",NA,NA,NA,NA,"To express my own views.",NA,"4","4","4","4","5","3","4","3",1,0,"96","90","92","100","89","92","4","0","3","5","2011",2
"1576",1576,"2","2",3,"9","39","15","5","3","1","4","1","8","1","2","2","2","1","2","1","1","4","4","2","4","4","5","5","4","11,10,15,5,9","5","4","1",NA,NA,NA,NA,"It's my dream",NA,"5","4","5","5","4","5","4","4",1,0,"23","30","6","100","73","100","5","0","4","9","1979",2
"1577",1577,"2","2",1,"9","28","16","4","6","1","4","4","9","2","2","1","1","3","3","1","2","4","4","3","4","4","4","5","3","10,11,16,15,13","5","5","1",NA,NA,NA,NA,"Making all decision to group",NA,"5","3","5","3","3","5","2","4",1,0,"92","64","79","72","47","52","4","1","2","9","2010",2
"1578",1578,"2","2",2,"27","22","17","5","1","1","4","1","5","2","1","1","1","2","2","2","3","1","3","2","3","2","4","4","5","11,19,12,16,15","5","4","1",NA,NA,NA,NA,"I am capable for being group representative",NA,"4","4","2","4","4","3","5","4",1,0,"85","57","91","68","63","88","5","1","4","27","2010",2
"1579",1579,"2","2",3,"9","25","16","4","3","1,2","2",NA,"7","5","3","3","1","4","3","4","3","2","1","3","1","1","1","1","1","10,19,15,11,13","1","1","1",NA,NA,NA,NA,"i think i have more confidence than my group member ",NA,"1","1","1","1","1","1","1","3",1,1,"47","44","57","38","25","22","1","1","4","9","2016",2
"1580",1580,"2","2",1,"27","35","17","5","6","1","3","1","7","2","2","2","2","2","2","2","2","1","2","1","1","1","4","5","4","10,13,7,12,4","4","4","1",NA,NA,NA,NA,"I am honest",NA,"5","5","5","4","4","4","4","4",1,0,"76","80","63","74","83","81","5","0","3","27","2004",2
"1581",1581,"2","2",1,"9","27","16","2","3","2","3","2","9","4","3","2","2","3","3","3","4","1","2","1","1","2","4","4","4","1,2,9,8,5","4","4","2",NA,NA,NA,NA,"I want to participate with the group representatives.","I want to participate with the group representatives.","3","4","3","4","4","4","4","3",1,0,"73","27","44","68","65","72","4","0","3","9","2013",2
"1582",1582,"2","2",3,"9","20","16","2","6","1","1",NA,"1","1","1","1","1","3","3","3","3","2","4","1","4","4","2","1","5","15,5,2,10,16","5","5","1",NA,NA,"3","2","मै सारे प्रश्न आसानी से हल कर सकता हूं।",NA,"4","4","4","4","4","5","1","1",1,1,"28","15","50","57","43","50","5","0","4","9","2015",2
"1583",1583,"2","2",2,"27","25","16","5","6","2","4","1","7","4","2","2","1","3","2","3","2","3","4","2","2","2","5","5","5","12,15,16,18,13","5","5","1",NA,NA,NA,NA,"I want to lead the group and want to help them in their tough times",NA,"4","4","5","5","4","4","2","3",1,0,"55","50","55","56","50","51","5","1","4","27","2020",2
"1584",1584,"2","2",3,"27","56","15","4","2","1,2","4",NA,"1","2","1","2","1","5","1","1","1","4","4","1","4","4","5","5","5","16,15,9,11,19","5","5","1",NA,NA,"3","1","ओ मेरे पे एक कुली",NA,"5","5","5","5","5","5","5","4",0,0,"100","100","100","100","100","100","1","0","2","27","2000",2
"1585",1585,"2","2",1,"24","35","17","5","3","1,2","4","2","6","2","3","3","2","3","2","3","2","4","3","3","4","4","5","4","5","7,4,10,6,15","5","4","2",NA,NA,NA,NA,"I am interested","No","4","5","5","5","4","5","5","4",1,0,"89","85","73","70","70","79","5","1","4","24","2002",2
"1586",1586,"2","2",1,"5","34","16","5","6","1","4",NA,"4","2","2","2","2","3","3","3","3","2","3","2","3","3","4","4","4","15,13,8,7,14","4","3","1",NA,NA,NA,NA,"i am smart work ",NA,"4","4","3","3","4","4","4","3",1,0,"60","60","60","80","80","80","4","0","3","5","2010",2
"1587",1587,"2","2",3,"5","26","16","5","3","1","4","5","4","5","3","3","2","3","3","5","2","3","4","4","4","4","5","4","4","7,9,15,19,11","5","5","1",NA,NA,NA,NA,"i am capable, good in geography and studies",NA,"4","4","4","2","5","5","2","3",1,0,"11","14","8","14","26","33","4","1","4","5","2013",2
"1588",1588,"2","2",3,"5","32","16","5","3","2","4","1","10","2","2","1","1","2","2","1","1","1","4","1","1","1","5","5","5","12,15,4,13,10","4","5","1",NA,NA,NA,NA,"My opinion",NA,"4","4","5","4","5","4","5","3",1,0,"90","40","64","87","63","83","5","1","3","5","2008",2
"1589",1589,"2","2",2,"27","30","16","5","4","1","4","2","1","2","2","1","1","2","4","2","2","3","4","3","3","4","4","2","2","15,16,13,10,12","5","4","1",NA,NA,"1","3","Because i am easy to handle tha about topic",NA,"5","4","5","4","4","5","5","4",1,0,"77","68","58","74","79","76","5","1","4","27","2005",2
"1590",1590,"2","2",3,"5","32","16","5","3","2","4","1","6","1","1","1","5","1","1","1","4","1","4","1","1","1","5","4","5","11,5,16,15,18","5","4","1",NA,NA,NA,NA,"Unity in culture",NA,"5","4","4","5","4","5","5","4",1,0,"58","63","49","64","58","40","5","0","3","5","2004",2
"1591",1591,"2","2",3,"27","24","16","4","6","1","1",NA,"3","4","3","3","3","3","3","5","3","1","4","1","3","4","4","5","5","13,19,7,1,10","5","5","1",NA,NA,NA,NA,"I think I have the quality to lead and I can understand group members very well .",NA,"4","4","4","4","4","4","4","1",0,0,"40","20","15","50","15","50","4","0","4","27","2012",2
"1592",1592,"2","2",1,"5","32","16","5","3","2","4","1","5","1","1","1","1","1","1","1","1","1","4","1","1","1","5","5","5","16,10,5,15,11","5","5","1",NA,NA,NA,NA,"my school is the best",NA,"5","5","5","5","5","5","5","4",1,0,"48","48","46","46","30","53","5","1","3","5","2005",2
